FILE	SCHEME	ST	STATUS	SCORE	ALLELES
ERR10014996.fasta	efaecium	80	PERFECT	100	atpA(9);ddl(1);gdh(1);purK(1);gyd(12);pstS(1);adk(1)
ERR10015936.fasta	efaecium	117	PERFECT	100	atpA(9);ddl(1);gdh(1);purK(1);gyd(1);pstS(1);adk(1)
ERR10039325.fasta	cdifficile	35	PERFECT	100	adk(2);atpA(5);dxr(8);glyA(1);recA(1);sodA(3);tpi(6)
ERR10039385.fasta	cdifficile	54	PERFECT	100	adk(1);atpA(4);dxr(7);glyA(1);recA(1);sodA(3);tpi(3)
ERR10039462.fasta	cdifficile	35	PERFECT	100	adk(2);atpA(5);dxr(8);glyA(1);recA(1);sodA(3);tpi(6)
ERR10039502.fasta	cdifficile	35	PERFECT	100	adk(2);atpA(5);dxr(8);glyA(1);recA(1);sodA(3);tpi(6)
ERR11890002.fasta	efaecium	117	PERFECT	100	atpA(9);ddl(1);gdh(1);purK(1);gyd(1);pstS(1);adk(1)
ERR1195731.fasta	efaecium	203	PERFECT	100	atpA(15);ddl(1);gdh(1);purK(1);gyd(1);pstS(20);adk(1)
ERR1195772.fasta	efaecium	203	PERFECT	100	atpA(15);ddl(1);gdh(1);purK(1);gyd(1);pstS(20);adk(1)
ERR1195792.fasta	efaecium	203	PERFECT	100	atpA(15);ddl(1);gdh(1);purK(1);gyd(1);pstS(20);adk(1)
ERR126278.fasta	cdifficile	54	PERFECT	100	adk(1);atpA(4);dxr(7);glyA(1);recA(1);sodA(3);tpi(3)
ERR126287.fasta	cdifficile	15	PERFECT	100	adk(1);atpA(1);dxr(6);glyA(1);recA(8);sodA(5);tpi(1)
ERR12746118.fasta	efaecium	80	PERFECT	100	atpA(9);ddl(1);gdh(1);purK(1);gyd(12);pstS(1);adk(1)
ERR12747163.fasta	efaecium	80	PERFECT	100	atpA(9);ddl(1);gdh(1);purK(1);gyd(12);pstS(1);adk(1)
ERR12747164.fasta	efaecium	80	PERFECT	100	atpA(9);ddl(1);gdh(1);purK(1);gyd(12);pstS(1);adk(1)
ERR12747166.fasta	efaecium	80	PERFECT	100	atpA(9);ddl(1);gdh(1);purK(1);gyd(12);pstS(1);adk(1)
ERR12747167.fasta	efaecium	80	PERFECT	100	atpA(9);ddl(1);gdh(1);purK(1);gyd(12);pstS(1);adk(1)
ERR12747168.fasta	efaecium	80	PERFECT	100	atpA(9);ddl(1);gdh(1);purK(1);gyd(12);pstS(1);adk(1)
ERR12747169.fasta	efaecium	80	PERFECT	100	atpA(9);ddl(1);gdh(1);purK(1);gyd(12);pstS(1);adk(1)
ERR12747170.fasta	efaecium	80	PERFECT	100	atpA(9);ddl(1);gdh(1);purK(1);gyd(12);pstS(1);adk(1)
ERR12747172.fasta	efaecium	80	PERFECT	100	atpA(9);ddl(1);gdh(1);purK(1);gyd(12);pstS(1);adk(1)
ERR12747173.fasta	efaecium	80	PERFECT	100	atpA(9);ddl(1);gdh(1);purK(1);gyd(12);pstS(1);adk(1)
ERR12747175.fasta	efaecium	80	PERFECT	100	atpA(9);ddl(1);gdh(1);purK(1);gyd(12);pstS(1);adk(1)
ERR12747176.fasta	efaecium	80	PERFECT	100	atpA(9);ddl(1);gdh(1);purK(1);gyd(12);pstS(1);adk(1)
ERR12747802.fasta	efaecium	80	PERFECT	100	atpA(9);ddl(1);gdh(1);purK(1);gyd(12);pstS(1);adk(1)
ERR12747803.fasta	efaecium	80	PERFECT	100	atpA(9);ddl(1);gdh(1);purK(1);gyd(12);pstS(1);adk(1)
ERR12916059.fasta	efaecium	80	PERFECT	100	atpA(9);ddl(1);gdh(1);purK(1);gyd(12);pstS(1);adk(1)
ERR12916061.fasta	efaecium	80	PERFECT	100	atpA(9);ddl(1);gdh(1);purK(1);gyd(12);pstS(1);adk(1)
ERR12945395.fasta	efaecium	80	PERFECT	100	atpA(9);ddl(1);gdh(1);purK(1);gyd(12);pstS(1);adk(1)
ERR12945402.fasta	efaecium	80	PERFECT	100	atpA(9);ddl(1);gdh(1);purK(1);gyd(12);pstS(1);adk(1)
ERR13196995.fasta	efaecium	80	PERFECT	100	atpA(9);ddl(1);gdh(1);purK(1);gyd(12);pstS(1);adk(1)
ERR1346244.fasta	cdifficile	37	PERFECT	100	adk(3);atpA(7);dxr(3);glyA(8);recA(6);sodA(9);tpi(11)
ERR1346258.fasta	cdifficile	37	PERFECT	100	adk(3);atpA(7);dxr(3);glyA(8);recA(6);sodA(9);tpi(11)
ERR1346259.fasta	cdifficile	37	PERFECT	100	adk(3);atpA(7);dxr(3);glyA(8);recA(6);sodA(9);tpi(11)
ERR1346275.fasta	cdifficile	37	PERFECT	100	adk(3);atpA(7);dxr(3);glyA(8);recA(6);sodA(9);tpi(11)
ERR1346280.fasta	cdifficile	37	PERFECT	100	adk(3);atpA(7);dxr(3);glyA(8);recA(6);sodA(9);tpi(11)
ERR1346281.fasta	cdifficile	37	PERFECT	100	adk(3);atpA(7);dxr(3);glyA(8);recA(6);sodA(9);tpi(11)
ERR1346331.fasta	cdifficile	37	PERFECT	100	adk(3);atpA(7);dxr(3);glyA(8);recA(6);sodA(9);tpi(11)
ERR1346360.fasta	cdifficile	37	PERFECT	100	adk(3);atpA(7);dxr(3);glyA(8);recA(6);sodA(9);tpi(11)
ERR1346367.fasta	cdifficile	37	PERFECT	100	adk(3);atpA(7);dxr(3);glyA(8);recA(6);sodA(9);tpi(11)
ERR1346368.fasta	cdifficile	37	PERFECT	100	adk(3);atpA(7);dxr(3);glyA(8);recA(6);sodA(9);tpi(11)
ERR1346369.fasta	cdifficile	37	PERFECT	100	adk(3);atpA(7);dxr(3);glyA(8);recA(6);sodA(9);tpi(11)
ERR1346370.fasta	cdifficile	37	PERFECT	100	adk(3);atpA(7);dxr(3);glyA(8);recA(6);sodA(9);tpi(11)
ERR1346373.fasta	cdifficile	37	PERFECT	100	adk(3);atpA(7);dxr(3);glyA(8);recA(6);sodA(9);tpi(11)
ERR1346375.fasta	cdifficile	37	PERFECT	100	adk(3);atpA(7);dxr(3);glyA(8);recA(6);sodA(9);tpi(11)
ERR1346377.fasta	cdifficile	37	PERFECT	100	adk(3);atpA(7);dxr(3);glyA(8);recA(6);sodA(9);tpi(11)
ERR1346379.fasta	cdifficile	37	PERFECT	100	adk(3);atpA(7);dxr(3);glyA(8);recA(6);sodA(9);tpi(11)
ERR1346393.fasta	cdifficile	37	PERFECT	100	adk(3);atpA(7);dxr(3);glyA(8);recA(6);sodA(9);tpi(11)
ERR1346396.fasta	cdifficile	37	PERFECT	100	adk(3);atpA(7);dxr(3);glyA(8);recA(6);sodA(9);tpi(11)
ERR1346397.fasta	cdifficile	37	PERFECT	100	adk(3);atpA(7);dxr(3);glyA(8);recA(6);sodA(9);tpi(11)
ERR1346398.fasta	cdifficile	37	PERFECT	100	adk(3);atpA(7);dxr(3);glyA(8);recA(6);sodA(9);tpi(11)
ERR1346399.fasta	cdifficile	37	PERFECT	100	adk(3);atpA(7);dxr(3);glyA(8);recA(6);sodA(9);tpi(11)
ERR1346406.fasta	cdifficile	37	PERFECT	100	adk(3);atpA(7);dxr(3);glyA(8);recA(6);sodA(9);tpi(11)
ERR1346407.fasta	cdifficile	37	PERFECT	100	adk(3);atpA(7);dxr(3);glyA(8);recA(6);sodA(9);tpi(11)
ERR1346408.fasta	cdifficile	37	PERFECT	100	adk(3);atpA(7);dxr(3);glyA(8);recA(6);sodA(9);tpi(11)
ERR1346410.fasta	cdifficile	37	PERFECT	100	adk(3);atpA(7);dxr(3);glyA(8);recA(6);sodA(9);tpi(11)
ERR1346411.fasta	cdifficile	37	PERFECT	100	adk(3);atpA(7);dxr(3);glyA(8);recA(6);sodA(9);tpi(11)
ERR1346443.fasta	cdifficile	37	PERFECT	100	adk(3);atpA(7);dxr(3);glyA(8);recA(6);sodA(9);tpi(11)
ERR1346448.fasta	cdifficile	37	PERFECT	100	adk(3);atpA(7);dxr(3);glyA(8);recA(6);sodA(9);tpi(11)
ERR1346452.fasta	cdifficile	37	PERFECT	100	adk(3);atpA(7);dxr(3);glyA(8);recA(6);sodA(9);tpi(11)
ERR1346462.fasta	cdifficile	37	PERFECT	100	adk(3);atpA(7);dxr(3);glyA(8);recA(6);sodA(9);tpi(11)
ERR1346463.fasta	cdifficile	37	PERFECT	100	adk(3);atpA(7);dxr(3);glyA(8);recA(6);sodA(9);tpi(11)
ERR1346466.fasta	cdifficile	37	PERFECT	100	adk(3);atpA(7);dxr(3);glyA(8);recA(6);sodA(9);tpi(11)
ERR1346467.fasta	cdifficile	37	PERFECT	100	adk(3);atpA(7);dxr(3);glyA(8);recA(6);sodA(9);tpi(11)
ERR1346468.fasta	cdifficile	37	PERFECT	100	adk(3);atpA(7);dxr(3);glyA(8);recA(6);sodA(9);tpi(11)
ERR1346469.fasta	cdifficile	37	PERFECT	100	adk(3);atpA(7);dxr(3);glyA(8);recA(6);sodA(9);tpi(11)
ERR1346477.fasta	cdifficile	37	PERFECT	100	adk(3);atpA(7);dxr(3);glyA(8);recA(6);sodA(9);tpi(11)
ERR1346479.fasta	cdifficile	37	PERFECT	100	adk(3);atpA(7);dxr(3);glyA(8);recA(6);sodA(9);tpi(11)
ERR1346483.fasta	cdifficile	37	PERFECT	100	adk(3);atpA(7);dxr(3);glyA(8);recA(6);sodA(9);tpi(11)
ERR13847368.fasta	efaecium	80	PERFECT	100	atpA(9);ddl(1);gdh(1);purK(1);gyd(12);pstS(1);adk(1)
ERR13847739.fasta	efaecium	80	PERFECT	100	atpA(9);ddl(1);gdh(1);purK(1);gyd(12);pstS(1);adk(1)
ERR13857292.fasta	efaecium	80	PERFECT	100	atpA(9);ddl(1);gdh(1);purK(1);gyd(12);pstS(1);adk(1)
ERR13946616.fasta	cdifficile	3	PERFECT	100	adk(1);atpA(1);dxr(2);glyA(1);recA(1);sodA(1);tpi(1)
ERR13946621.fasta	cdifficile	3	PERFECT	100	adk(1);atpA(1);dxr(2);glyA(1);recA(1);sodA(1);tpi(1)
ERR13946649.fasta	cdifficile	3	PERFECT	100	adk(1);atpA(1);dxr(2);glyA(1);recA(1);sodA(1);tpi(1)
ERR13946657.fasta	cdifficile	3	PERFECT	100	adk(1);atpA(1);dxr(2);glyA(1);recA(1);sodA(1);tpi(1)
ERR13946658.fasta	cdifficile	1	PERFECT	100	adk(1);atpA(1);dxr(1);glyA(10);recA(1);sodA(3);tpi(5)
ERR13946743.fasta	cdifficile	1	PERFECT	100	adk(1);atpA(1);dxr(1);glyA(10);recA(1);sodA(3);tpi(5)
ERR13946746.fasta	cdifficile	3	PERFECT	100	adk(1);atpA(1);dxr(2);glyA(1);recA(1);sodA(1);tpi(1)
ERR13946747.fasta	cdifficile	3	PERFECT	100	adk(1);atpA(1);dxr(2);glyA(1);recA(1);sodA(1);tpi(1)
ERR13946749.fasta	cdifficile	1	PERFECT	100	adk(1);atpA(1);dxr(1);glyA(10);recA(1);sodA(3);tpi(5)
ERR13946754.fasta	cdifficile	1	PERFECT	100	adk(1);atpA(1);dxr(1);glyA(10);recA(1);sodA(3);tpi(5)
ERR13946760.fasta	cdifficile	3	PERFECT	100	adk(1);atpA(1);dxr(2);glyA(1);recA(1);sodA(1);tpi(1)
ERR13946762.fasta	cdifficile	3	PERFECT	100	adk(1);atpA(1);dxr(2);glyA(1);recA(1);sodA(1);tpi(1)
ERR13946763.fasta	cdifficile	3	PERFECT	100	adk(1);atpA(1);dxr(2);glyA(1);recA(1);sodA(1);tpi(1)
ERR13946764.fasta	cdifficile	1	PERFECT	100	adk(1);atpA(1);dxr(1);glyA(10);recA(1);sodA(3);tpi(5)
ERR13946765.fasta	cdifficile	3	PERFECT	100	adk(1);atpA(1);dxr(2);glyA(1);recA(1);sodA(1);tpi(1)
ERR13946787.fasta	cdifficile	1	PERFECT	100	adk(1);atpA(1);dxr(1);glyA(10);recA(1);sodA(3);tpi(5)
ERR13946804.fasta	cdifficile	3	PERFECT	100	adk(1);atpA(1);dxr(2);glyA(1);recA(1);sodA(1);tpi(1)
ERR13946805.fasta	cdifficile	3	PERFECT	100	adk(1);atpA(1);dxr(2);glyA(1);recA(1);sodA(1);tpi(1)
ERR13946811.fasta	cdifficile	3	PERFECT	100	adk(1);atpA(1);dxr(2);glyA(1);recA(1);sodA(1);tpi(1)
ERR13946815.fasta	cdifficile	3	PERFECT	100	adk(1);atpA(1);dxr(2);glyA(1);recA(1);sodA(1);tpi(1)
ERR13946817.fasta	cdifficile	3	PERFECT	100	adk(1);atpA(1);dxr(2);glyA(1);recA(1);sodA(1);tpi(1)
ERR13946985.fasta	cdifficile	3	PERFECT	100	adk(1);atpA(1);dxr(2);glyA(1);recA(1);sodA(1);tpi(1)
ERR13946994.fasta	cdifficile	3	PERFECT	100	adk(1);atpA(1);dxr(2);glyA(1);recA(1);sodA(1);tpi(1)
ERR13946997.fasta	cdifficile	3	PERFECT	100	adk(1);atpA(1);dxr(2);glyA(1);recA(1);sodA(1);tpi(1)
ERR13947005.fasta	cdifficile	3	PERFECT	100	adk(1);atpA(1);dxr(2);glyA(1);recA(1);sodA(1);tpi(1)
ERR13947015.fasta	cdifficile	3	PERFECT	100	adk(1);atpA(1);dxr(2);glyA(1);recA(1);sodA(1);tpi(1)
ERR13947016.fasta	cdifficile	3	PERFECT	100	adk(1);atpA(1);dxr(2);glyA(1);recA(1);sodA(1);tpi(1)
ERR13947021.fasta	cdifficile	1	PERFECT	100	adk(1);atpA(1);dxr(1);glyA(10);recA(1);sodA(3);tpi(5)
ERR13947022.fasta	cdifficile	3	PERFECT	100	adk(1);atpA(1);dxr(2);glyA(1);recA(1);sodA(1);tpi(1)
ERR13947026.fasta	cdifficile	3	PERFECT	100	adk(1);atpA(1);dxr(2);glyA(1);recA(1);sodA(1);tpi(1)
ERR13947043.fasta	cdifficile	3	PERFECT	100	adk(1);atpA(1);dxr(2);glyA(1);recA(1);sodA(1);tpi(1)
ERR13947049.fasta	cdifficile	3	PERFECT	100	adk(1);atpA(1);dxr(2);glyA(1);recA(1);sodA(1);tpi(1)
ERR13947051.fasta	cdifficile	3	PERFECT	100	adk(1);atpA(1);dxr(2);glyA(1);recA(1);sodA(1);tpi(1)
ERR13947055.fasta	cdifficile	3	PERFECT	100	adk(1);atpA(1);dxr(2);glyA(1);recA(1);sodA(1);tpi(1)
ERR13947069.fasta	cdifficile	3	PERFECT	100	adk(1);atpA(1);dxr(2);glyA(1);recA(1);sodA(1);tpi(1)
ERR13947072.fasta	cdifficile	3	PERFECT	100	adk(1);atpA(1);dxr(2);glyA(1);recA(1);sodA(1);tpi(1)
ERR13947076.fasta	cdifficile	3	PERFECT	100	adk(1);atpA(1);dxr(2);glyA(1);recA(1);sodA(1);tpi(1)
ERR13947079.fasta	cdifficile	3	PERFECT	100	adk(1);atpA(1);dxr(2);glyA(1);recA(1);sodA(1);tpi(1)
ERR13947080.fasta	cdifficile	1	PERFECT	100	adk(1);atpA(1);dxr(1);glyA(10);recA(1);sodA(3);tpi(5)
ERR13947084.fasta	cdifficile	3	PERFECT	100	adk(1);atpA(1);dxr(2);glyA(1);recA(1);sodA(1);tpi(1)
ERR13947091.fasta	cdifficile	3	PERFECT	100	adk(1);atpA(1);dxr(2);glyA(1);recA(1);sodA(1);tpi(1)
ERR13947094.fasta	cdifficile	3	PERFECT	100	adk(1);atpA(1);dxr(2);glyA(1);recA(1);sodA(1);tpi(1)
ERR13947100.fasta	cdifficile	3	PERFECT	100	adk(1);atpA(1);dxr(2);glyA(1);recA(1);sodA(1);tpi(1)
ERR13947107.fasta	cdifficile	3	PERFECT	100	adk(1);atpA(1);dxr(2);glyA(1);recA(1);sodA(1);tpi(1)
ERR13947112.fasta	cdifficile	3	PERFECT	100	adk(1);atpA(1);dxr(2);glyA(1);recA(1);sodA(1);tpi(1)
ERR13947113.fasta	cdifficile	3	PERFECT	100	adk(1);atpA(1);dxr(2);glyA(1);recA(1);sodA(1);tpi(1)
ERR13947118.fasta	cdifficile	1	PERFECT	100	adk(1);atpA(1);dxr(1);glyA(10);recA(1);sodA(3);tpi(5)
ERR13947121.fasta	cdifficile	3	PERFECT	100	adk(1);atpA(1);dxr(2);glyA(1);recA(1);sodA(1);tpi(1)
ERR13947124.fasta	cdifficile	3	PERFECT	100	adk(1);atpA(1);dxr(2);glyA(1);recA(1);sodA(1);tpi(1)
ERR13947130.fasta	cdifficile	3	PERFECT	100	adk(1);atpA(1);dxr(2);glyA(1);recA(1);sodA(1);tpi(1)
ERR13947131.fasta	cdifficile	3	PERFECT	100	adk(1);atpA(1);dxr(2);glyA(1);recA(1);sodA(1);tpi(1)
ERR13947135.fasta	cdifficile	3	PERFECT	100	adk(1);atpA(1);dxr(2);glyA(1);recA(1);sodA(1);tpi(1)
ERR13947138.fasta	cdifficile	1	PERFECT	100	adk(1);atpA(1);dxr(1);glyA(10);recA(1);sodA(3);tpi(5)
ERR13947140.fasta	cdifficile	3	PERFECT	100	adk(1);atpA(1);dxr(2);glyA(1);recA(1);sodA(1);tpi(1)
ERR13947142.fasta	cdifficile	1	PERFECT	100	adk(1);atpA(1);dxr(1);glyA(10);recA(1);sodA(3);tpi(5)
ERR13947156.fasta	cdifficile	1	PERFECT	100	adk(1);atpA(1);dxr(1);glyA(10);recA(1);sodA(3);tpi(5)
ERR13947163.fasta	cdifficile	3	PERFECT	100	adk(1);atpA(1);dxr(2);glyA(1);recA(1);sodA(1);tpi(1)
ERR13947167.fasta	cdifficile	3	PERFECT	100	adk(1);atpA(1);dxr(2);glyA(1);recA(1);sodA(1);tpi(1)
ERR13947170.fasta	cdifficile	3	PERFECT	100	adk(1);atpA(1);dxr(2);glyA(1);recA(1);sodA(1);tpi(1)
ERR13947328.fasta	cdifficile	3	PERFECT	100	adk(1);atpA(1);dxr(2);glyA(1);recA(1);sodA(1);tpi(1)
ERR13947332.fasta	cdifficile	3	PERFECT	100	adk(1);atpA(1);dxr(2);glyA(1);recA(1);sodA(1);tpi(1)
ERR13947341.fasta	cdifficile	3	PERFECT	100	adk(1);atpA(1);dxr(2);glyA(1);recA(1);sodA(1);tpi(1)
ERR13947347.fasta	cdifficile	3	PERFECT	100	adk(1);atpA(1);dxr(2);glyA(1);recA(1);sodA(1);tpi(1)
ERR14031439.fasta	saureus	398	PERFECT	100	arcC(3);aroE(35);glpF(19);gmk(2);pta(20);tpi(26);yqiL(39)
ERR14031712.fasta	saureus	398	PERFECT	100	arcC(3);aroE(35);glpF(19);gmk(2);pta(20);tpi(26);yqiL(39)
ERR15832221.fasta	efaecium	80	PERFECT	100	atpA(9);ddl(1);gdh(1);purK(1);gyd(12);pstS(1);adk(1)
ERR15832224.fasta	efaecium	80	PERFECT	100	atpA(9);ddl(1);gdh(1);purK(1);gyd(12);pstS(1);adk(1)
ERR15832226.fasta	efaecium	1424	PERFECT	100	atpA(9);ddl(1);gdh(1);purK(1);gyd(12);pstS(0);adk(1)
ERR15832227.fasta	efaecium	80	PERFECT	100	atpA(9);ddl(1);gdh(1);purK(1);gyd(12);pstS(1);adk(1)
ERR15832262.fasta	efaecium	80	PERFECT	100	atpA(9);ddl(1);gdh(1);purK(1);gyd(12);pstS(1);adk(1)
ERR15832330.fasta	efaecium	80	PERFECT	100	atpA(9);ddl(1);gdh(1);purK(1);gyd(12);pstS(1);adk(1)
ERR15832336.fasta	efaecium	787	PERFECT	100	atpA(9);ddl(1);gdh(1);purK(1);gyd(12);pstS(7);adk(1)
ERR15836577.fasta	cdifficile	1	PERFECT	100	adk(1);atpA(1);dxr(1);glyA(10);recA(1);sodA(3);tpi(5)
ERR15836578.fasta	cdifficile	1	PERFECT	100	adk(1);atpA(1);dxr(1);glyA(10);recA(1);sodA(3);tpi(5)
ERR15836579.fasta	cdifficile	1	PERFECT	100	adk(1);atpA(1);dxr(1);glyA(10);recA(1);sodA(3);tpi(5)
ERR15836580.fasta	cdifficile	1	PERFECT	100	adk(1);atpA(1);dxr(1);glyA(10);recA(1);sodA(3);tpi(5)
ERR15836581.fasta	cdifficile	1	PERFECT	100	adk(1);atpA(1);dxr(1);glyA(10);recA(1);sodA(3);tpi(5)
ERR15836582.fasta	cdifficile	1	PERFECT	100	adk(1);atpA(1);dxr(1);glyA(10);recA(1);sodA(3);tpi(5)
ERR16046170.fasta	efaecium	117	PERFECT	100	atpA(9);ddl(1);gdh(1);purK(1);gyd(1);pstS(1);adk(1)
ERR16046430.fasta	efaecium	80	PERFECT	100	atpA(9);ddl(1);gdh(1);purK(1);gyd(12);pstS(1);adk(1)
ERR1853181.fasta	cdifficile	1	PERFECT	100	adk(1);atpA(1);dxr(1);glyA(10);recA(1);sodA(3);tpi(5)
ERR232379.fasta	cdifficile	27	PERFECT	100	adk(1);atpA(1);dxr(6);glyA(1);recA(1);sodA(3);tpi(4)
ERR2377060.fasta	efaecium	203	PERFECT	100	atpA(15);ddl(1);gdh(1);purK(1);gyd(1);pstS(20);adk(1)
ERR2379710.fasta	efaecium	203	PERFECT	100	atpA(15);ddl(1);gdh(1);purK(1);gyd(1);pstS(20);adk(1)
ERR2379997.fasta	efaecium	203	PERFECT	100	atpA(15);ddl(1);gdh(1);purK(1);gyd(1);pstS(20);adk(1)
ERR2486756.fasta	efaecium	203	PERFECT	100	atpA(15);ddl(1);gdh(1);purK(1);gyd(1);pstS(20);adk(1)
ERR2486770.fasta	efaecium	203	PERFECT	100	atpA(15);ddl(1);gdh(1);purK(1);gyd(1);pstS(20);adk(1)
ERR266408.fasta	cdifficile	37	PERFECT	100	adk(3);atpA(7);dxr(3);glyA(8);recA(6);sodA(9);tpi(11)
ERR2703812.fasta	cdifficile	1	PERFECT	100	adk(1);atpA(1);dxr(1);glyA(10);recA(1);sodA(3);tpi(5)
ERR2703814.fasta	cdifficile	1	PERFECT	100	adk(1);atpA(1);dxr(1);glyA(10);recA(1);sodA(3);tpi(5)
ERR2703823.fasta	cdifficile	1	PERFECT	100	adk(1);atpA(1);dxr(1);glyA(10);recA(1);sodA(3);tpi(5)
ERR2703825.fasta	cdifficile	3	PERFECT	100	adk(1);atpA(1);dxr(2);glyA(1);recA(1);sodA(1);tpi(1)
ERR2703846.fasta	cdifficile	1	PERFECT	100	adk(1);atpA(1);dxr(1);glyA(10);recA(1);sodA(3);tpi(5)
ERR2703852.fasta	cdifficile	54	PERFECT	100	adk(1);atpA(4);dxr(7);glyA(1);recA(1);sodA(3);tpi(3)
ERR2703854.fasta	cdifficile	1	PERFECT	100	adk(1);atpA(1);dxr(1);glyA(10);recA(1);sodA(3);tpi(5)
ERR2703868.fasta	cdifficile	1	PERFECT	100	adk(1);atpA(1);dxr(1);glyA(10);recA(1);sodA(3);tpi(5)
ERR2703872.fasta	cdifficile	54	PERFECT	100	adk(1);atpA(4);dxr(7);glyA(1);recA(1);sodA(3);tpi(3)
ERR2703875.fasta	cdifficile	1	PERFECT	100	adk(1);atpA(1);dxr(1);glyA(10);recA(1);sodA(3);tpi(5)
ERR2703876.fasta	cdifficile	1	PERFECT	100	adk(1);atpA(1);dxr(1);glyA(10);recA(1);sodA(3);tpi(5)
ERR2703882.fasta	cdifficile	54	PERFECT	100	adk(1);atpA(4);dxr(7);glyA(1);recA(1);sodA(3);tpi(3)
ERR2703883.fasta	cdifficile	1	PERFECT	100	adk(1);atpA(1);dxr(1);glyA(10);recA(1);sodA(3);tpi(5)
ERR2703886.fasta	cdifficile	1	PERFECT	100	adk(1);atpA(1);dxr(1);glyA(10);recA(1);sodA(3);tpi(5)
ERR2703898.fasta	cdifficile	-	MISSING	77	adk(1);atpA(1);dxr(1);glyA(10);recA(1);sodA(-);tpi(5)
ERR2703901.fasta	cdifficile	1	PERFECT	100	adk(1);atpA(1);dxr(1);glyA(10);recA(1);sodA(3);tpi(5)
ERR2714137.fasta	efaecium	203	PERFECT	100	atpA(15);ddl(1);gdh(1);purK(1);gyd(1);pstS(20);adk(1)
ERR2714139.fasta	efaecium	203	PERFECT	100	atpA(15);ddl(1);gdh(1);purK(1);gyd(1);pstS(20);adk(1)
ERR2714141.fasta	efaecium	203	PERFECT	100	atpA(15);ddl(1);gdh(1);purK(1);gyd(1);pstS(20);adk(1)
ERR2714144.fasta	efaecium	203	PERFECT	100	atpA(15);ddl(1);gdh(1);purK(1);gyd(1);pstS(20);adk(1)
ERR272078.fasta	cdifficile	54	PERFECT	100	adk(1);atpA(4);dxr(7);glyA(1);recA(1);sodA(3);tpi(3)
ERR272119.fasta	cdifficile	3	PERFECT	100	adk(1);atpA(1);dxr(2);glyA(1);recA(1);sodA(1);tpi(1)
ERR272171.fasta	cdifficile	6	PERFECT	100	adk(2);atpA(1);dxr(6);glyA(1);recA(1);sodA(5);tpi(1)
ERR2778268.fasta	efaecium	17	PERFECT	100	atpA(1);ddl(1);gdh(1);purK(1);gyd(1);pstS(1);adk(1)
ERR2778273.fasta	efaecium	203	PERFECT	100	atpA(15);ddl(1);gdh(1);purK(1);gyd(1);pstS(20);adk(1)
ERR2778278.fasta	efaecium	552	PERFECT	100	atpA(1);ddl(3);gdh(1);purK(1);gyd(1);pstS(7);adk(1)
ERR2778285.fasta	efaecium	117	PERFECT	100	atpA(9);ddl(1);gdh(1);purK(1);gyd(1);pstS(1);adk(1)
ERR2778296.fasta	efaecium	192	PERFECT	100	atpA(15);ddl(1);gdh(1);purK(1);gyd(1);pstS(7);adk(1)
ERR2778328.fasta	efaecium	17	PERFECT	100	atpA(1);ddl(1);gdh(1);purK(1);gyd(1);pstS(1);adk(1)
ERR2778332.fasta	efaecium	203	PERFECT	100	atpA(15);ddl(1);gdh(1);purK(1);gyd(1);pstS(20);adk(1)
ERR2778366.fasta	efaecium	552	PERFECT	100	atpA(1);ddl(3);gdh(1);purK(1);gyd(1);pstS(7);adk(1)
ERR2778493.fasta	efaecium	80	PERFECT	100	atpA(9);ddl(1);gdh(1);purK(1);gyd(12);pstS(1);adk(1)
ERR2778498.fasta	efaecium	17	PERFECT	100	atpA(1);ddl(1);gdh(1);purK(1);gyd(1);pstS(1);adk(1)
ERR2778545.fasta	efaecium	412	PERFECT	100	atpA(15);ddl(1);gdh(1);purK(44);gyd(1);pstS(20);adk(1)
ERR2778548.fasta	efaecium	203	PERFECT	100	atpA(15);ddl(1);gdh(1);purK(1);gyd(1);pstS(20);adk(1)
ERR2778557.fasta	efaecium	80	PERFECT	100	atpA(9);ddl(1);gdh(1);purK(1);gyd(12);pstS(1);adk(1)
ERR2778575.fasta	efaecium	17	PERFECT	100	atpA(1);ddl(1);gdh(1);purK(1);gyd(1);pstS(1);adk(1)
ERR2778593.fasta	efaecium	203	PERFECT	100	atpA(15);ddl(1);gdh(1);purK(1);gyd(1);pstS(20);adk(1)
ERR2778627.fasta	efaecium	80	PERFECT	100	atpA(9);ddl(1);gdh(1);purK(1);gyd(12);pstS(1);adk(1)
ERR2778630.fasta	efaecium	203	PERFECT	100	atpA(15);ddl(1);gdh(1);purK(1);gyd(1);pstS(20);adk(1)
ERR2778649.fasta	efaecium	117	PERFECT	100	atpA(9);ddl(1);gdh(1);purK(1);gyd(1);pstS(1);adk(1)
ERR2778686.fasta	efaecium	80	PERFECT	100	atpA(9);ddl(1);gdh(1);purK(1);gyd(12);pstS(1);adk(1)
ERR2778718.fasta	efaecium	412	PERFECT	100	atpA(15);ddl(1);gdh(1);purK(44);gyd(1);pstS(20);adk(1)
ERR2778757.fasta	efaecium	552	PERFECT	100	atpA(1);ddl(3);gdh(1);purK(1);gyd(1);pstS(7);adk(1)
ERR2778811.fasta	efaecium	80	PERFECT	100	atpA(9);ddl(1);gdh(1);purK(1);gyd(12);pstS(1);adk(1)
ERR2778812.fasta	efaecium	203	PERFECT	100	atpA(15);ddl(1);gdh(1);purK(1);gyd(1);pstS(20);adk(1)
ERR2778919.fasta	efaecium	125	PERFECT	100	atpA(7);ddl(3);gdh(1);purK(1);gyd(5);pstS(1);adk(1)
ERR2778923.fasta	efaecium	203	PERFECT	100	atpA(15);ddl(1);gdh(1);purK(1);gyd(1);pstS(20);adk(1)
ERR2778954.fasta	efaecium	80	PERFECT	100	atpA(9);ddl(1);gdh(1);purK(1);gyd(12);pstS(1);adk(1)
ERR2778972.fasta	efaecium	203	PERFECT	100	atpA(15);ddl(1);gdh(1);purK(1);gyd(1);pstS(20);adk(1)
ERR2778992.fasta	efaecium	203	PERFECT	100	atpA(15);ddl(1);gdh(1);purK(1);gyd(1);pstS(20);adk(1)
ERR2779020.fasta	efaecium	17	PERFECT	100	atpA(1);ddl(1);gdh(1);purK(1);gyd(1);pstS(1);adk(1)
ERR2779026.fasta	efaecium	78	PERFECT	100	atpA(15);ddl(1);gdh(1);purK(1);gyd(1);pstS(1);adk(1)
ERR2779073.fasta	efaecium	80	PERFECT	100	atpA(9);ddl(1);gdh(1);purK(1);gyd(12);pstS(1);adk(1)
ERR2779090.fasta	efaecium	203	PERFECT	100	atpA(15);ddl(1);gdh(1);purK(1);gyd(1);pstS(20);adk(1)
ERR2779160.fasta	efaecium	203	PERFECT	100	atpA(15);ddl(1);gdh(1);purK(1);gyd(1);pstS(20);adk(1)
ERR2779357.fasta	efaecium	80	PERFECT	100	atpA(9);ddl(1);gdh(1);purK(1);gyd(12);pstS(1);adk(1)
ERR2779358.fasta	efaecium	203	PERFECT	100	atpA(15);ddl(1);gdh(1);purK(1);gyd(1);pstS(20);adk(1)
ERR2779373.fasta	efaecium	203	PERFECT	100	atpA(15);ddl(1);gdh(1);purK(1);gyd(1);pstS(20);adk(1)
ERR2779411.fasta	efaecium	17	PERFECT	100	atpA(1);ddl(1);gdh(1);purK(1);gyd(1);pstS(1);adk(1)
ERR2779564.fasta	efaecium	203	PERFECT	100	atpA(15);ddl(1);gdh(1);purK(1);gyd(1);pstS(20);adk(1)
ERR2779578.fasta	efaecium	203	PERFECT	100	atpA(15);ddl(1);gdh(1);purK(1);gyd(1);pstS(20);adk(1)
ERR2779586.fasta	efaecium	203	PERFECT	100	atpA(15);ddl(1);gdh(1);purK(1);gyd(1);pstS(20);adk(1)
ERR2779628.fasta	efaecium	192	PERFECT	100	atpA(15);ddl(1);gdh(1);purK(1);gyd(1);pstS(7);adk(1)
ERR2779689.fasta	efaecium	552	PERFECT	100	atpA(1);ddl(3);gdh(1);purK(1);gyd(1);pstS(7);adk(1)
ERR2779692.fasta	efaecium	203	PERFECT	100	atpA(15);ddl(1);gdh(1);purK(1);gyd(1);pstS(20);adk(1)
ERR2779728.fasta	efaecium	203	PERFECT	100	atpA(15);ddl(1);gdh(1);purK(1);gyd(1);pstS(20);adk(1)
ERR2779739.fasta	efaecium	17	PERFECT	100	atpA(1);ddl(1);gdh(1);purK(1);gyd(1);pstS(1);adk(1)
ERR2779753.fasta	efaecium	203	PERFECT	100	atpA(15);ddl(1);gdh(1);purK(1);gyd(1);pstS(20);adk(1)
ERR2779754.fasta	efaecium	80	PERFECT	100	atpA(9);ddl(1);gdh(1);purK(1);gyd(12);pstS(1);adk(1)
ERR2779772.fasta	efaecium	17	PERFECT	100	atpA(1);ddl(1);gdh(1);purK(1);gyd(1);pstS(1);adk(1)
ERR2779799.fasta	efaecium	80	PERFECT	100	atpA(9);ddl(1);gdh(1);purK(1);gyd(12);pstS(1);adk(1)
ERR2779827.fasta	efaecium	80	PERFECT	100	atpA(9);ddl(1);gdh(1);purK(1);gyd(12);pstS(1);adk(1)
ERR2788633.fasta	efaecium	203	PERFECT	100	atpA(15);ddl(1);gdh(1);purK(1);gyd(1);pstS(20);adk(1)
ERR2788635.fasta	efaecium	203	PERFECT	100	atpA(15);ddl(1);gdh(1);purK(1);gyd(1);pstS(20);adk(1)
ERR2788683.fasta	efaecium	117	PERFECT	100	atpA(9);ddl(1);gdh(1);purK(1);gyd(1);pstS(1);adk(1)
ERR2788693.fasta	efaecium	203	PERFECT	100	atpA(15);ddl(1);gdh(1);purK(1);gyd(1);pstS(20);adk(1)
ERR2788695.fasta	efaecium	203	PERFECT	100	atpA(15);ddl(1);gdh(1);purK(1);gyd(1);pstS(20);adk(1)
ERR2788698.fasta	efaecium	203	PERFECT	100	atpA(15);ddl(1);gdh(1);purK(1);gyd(1);pstS(20);adk(1)
ERR2788699.fasta	efaecium	203	PERFECT	100	atpA(15);ddl(1);gdh(1);purK(1);gyd(1);pstS(20);adk(1)
ERR2789865.fasta	efaecium	203	PERFECT	100	atpA(15);ddl(1);gdh(1);purK(1);gyd(1);pstS(20);adk(1)
ERR2789866.fasta	efaecium	203	PERFECT	100	atpA(15);ddl(1);gdh(1);purK(1);gyd(1);pstS(20);adk(1)
ERR2898848.fasta	cdifficile	-	MISSING	77	adk(5);atpA(8);dxr(5);glyA(11);recA(9);sodA(11);tpi(-)
ERR2898861.fasta	cdifficile	11	PERFECT	100	adk(5);atpA(8);dxr(5);glyA(11);recA(9);sodA(11);tpi(8)
ERR2898869.fasta	cdifficile	11	PERFECT	100	adk(5);atpA(8);dxr(5);glyA(11);recA(9);sodA(11);tpi(8)
ERR2978792.fasta	cdifficile	37	PERFECT	100	adk(3);atpA(7);dxr(3);glyA(8);recA(6);sodA(9);tpi(11)
ERR2978803.fasta	cdifficile	37	PERFECT	100	adk(3);atpA(7);dxr(3);glyA(8);recA(6);sodA(9);tpi(11)
ERR2978817.fasta	cdifficile	37	PERFECT	100	adk(3);atpA(7);dxr(3);glyA(8);recA(6);sodA(9);tpi(11)
ERR2978818.fasta	cdifficile	37	PERFECT	100	adk(3);atpA(7);dxr(3);glyA(8);recA(6);sodA(9);tpi(11)
ERR2978819.fasta	cdifficile	37	PERFECT	100	adk(3);atpA(7);dxr(3);glyA(8);recA(6);sodA(9);tpi(11)
ERR2978821.fasta	cdifficile	37	PERFECT	100	adk(3);atpA(7);dxr(3);glyA(8);recA(6);sodA(9);tpi(11)
ERR2978822.fasta	cdifficile	37	PERFECT	100	adk(3);atpA(7);dxr(3);glyA(8);recA(6);sodA(9);tpi(11)
ERR2978823.fasta	cdifficile	37	PERFECT	100	adk(3);atpA(7);dxr(3);glyA(8);recA(6);sodA(9);tpi(11)
ERR2978824.fasta	cdifficile	37	PERFECT	100	adk(3);atpA(7);dxr(3);glyA(8);recA(6);sodA(9);tpi(11)
ERR2978825.fasta	cdifficile	37	PERFECT	100	adk(3);atpA(7);dxr(3);glyA(8);recA(6);sodA(9);tpi(11)
ERR2978826.fasta	cdifficile	37	PERFECT	100	adk(3);atpA(7);dxr(3);glyA(8);recA(6);sodA(9);tpi(11)
ERR2978827.fasta	cdifficile	37	PERFECT	100	adk(3);atpA(7);dxr(3);glyA(8);recA(6);sodA(9);tpi(11)
ERR2978828.fasta	cdifficile	37	PERFECT	100	adk(3);atpA(7);dxr(3);glyA(8);recA(6);sodA(9);tpi(11)
ERR2978829.fasta	cdifficile	37	PERFECT	100	adk(3);atpA(7);dxr(3);glyA(8);recA(6);sodA(9);tpi(11)
ERR2978830.fasta	cdifficile	37	PERFECT	100	adk(3);atpA(7);dxr(3);glyA(8);recA(6);sodA(9);tpi(11)
ERR2978851.fasta	cdifficile	37	PERFECT	100	adk(3);atpA(7);dxr(3);glyA(8);recA(6);sodA(9);tpi(11)
ERR2978853.fasta	cdifficile	11	PERFECT	100	adk(5);atpA(8);dxr(5);glyA(11);recA(9);sodA(11);tpi(8)
ERR2978864.fasta	cdifficile	37	PERFECT	100	adk(3);atpA(7);dxr(3);glyA(8);recA(6);sodA(9);tpi(11)
ERR2978865.fasta	cdifficile	37	PERFECT	100	adk(3);atpA(7);dxr(3);glyA(8);recA(6);sodA(9);tpi(11)
ERR2978866.fasta	cdifficile	37	PERFECT	100	adk(3);atpA(7);dxr(3);glyA(8);recA(6);sodA(9);tpi(11)
ERR2978867.fasta	cdifficile	37	PERFECT	100	adk(3);atpA(7);dxr(3);glyA(8);recA(6);sodA(9);tpi(11)
ERR2978869.fasta	cdifficile	11	PERFECT	100	adk(5);atpA(8);dxr(5);glyA(11);recA(9);sodA(11);tpi(8)
ERR2978870.fasta	cdifficile	37	PERFECT	100	adk(3);atpA(7);dxr(3);glyA(8);recA(6);sodA(9);tpi(11)
ERR2978872.fasta	cdifficile	37	PERFECT	100	adk(3);atpA(7);dxr(3);glyA(8);recA(6);sodA(9);tpi(11)
ERR2978873.fasta	cdifficile	37	PERFECT	100	adk(3);atpA(7);dxr(3);glyA(8);recA(6);sodA(9);tpi(11)
ERR2978874.fasta	cdifficile	37	PERFECT	100	adk(3);atpA(7);dxr(3);glyA(8);recA(6);sodA(9);tpi(11)
ERR2978876.fasta	cdifficile	37	PERFECT	100	adk(3);atpA(7);dxr(3);glyA(8);recA(6);sodA(9);tpi(11)
ERR2978877.fasta	cdifficile	37	PERFECT	100	adk(3);atpA(7);dxr(3);glyA(8);recA(6);sodA(9);tpi(11)
ERR2978878.fasta	cdifficile	37	PERFECT	100	adk(3);atpA(7);dxr(3);glyA(8);recA(6);sodA(9);tpi(11)
ERR2978879.fasta	cdifficile	37	PERFECT	100	adk(3);atpA(7);dxr(3);glyA(8);recA(6);sodA(9);tpi(11)
ERR2978880.fasta	cdifficile	37	PERFECT	100	adk(3);atpA(7);dxr(3);glyA(8);recA(6);sodA(9);tpi(11)
ERR2978881.fasta	cdifficile	37	PERFECT	100	adk(3);atpA(7);dxr(3);glyA(8);recA(6);sodA(9);tpi(11)
ERR2978882.fasta	cdifficile	37	PERFECT	100	adk(3);atpA(7);dxr(3);glyA(8);recA(6);sodA(9);tpi(11)
ERR3053731.fasta	efaecium	18	PERFECT	100	atpA(7);ddl(1);gdh(1);purK(1);gyd(5);pstS(1);adk(1)
ERR3053794.fasta	efaecium	192	PERFECT	100	atpA(15);ddl(1);gdh(1);purK(1);gyd(1);pstS(7);adk(1)
ERR3053798.fasta	efaecium	117	PERFECT	100	atpA(9);ddl(1);gdh(1);purK(1);gyd(1);pstS(1);adk(1)
ERR3053806.fasta	efaecium	192	PERFECT	100	atpA(15);ddl(1);gdh(1);purK(1);gyd(1);pstS(7);adk(1)
ERR3054054.fasta	efaecium	132	PERFECT	100	atpA(7);ddl(1);gdh(1);purK(1);gyd(12);pstS(1);adk(1)
ERR3054065.fasta	efaecium	132	PERFECT	100	atpA(7);ddl(1);gdh(1);purK(1);gyd(12);pstS(1);adk(1)
ERR3054093.fasta	efaecium	80	PERFECT	100	atpA(9);ddl(1);gdh(1);purK(1);gyd(12);pstS(1);adk(1)
ERR3284123.fasta	cdifficile	15	PERFECT	100	adk(1);atpA(1);dxr(6);glyA(1);recA(8);sodA(5);tpi(1)
ERR3284133.fasta	cdifficile	14	PERFECT	100	adk(1);atpA(1);dxr(2);glyA(1);recA(5);sodA(5);tpi(3)
ERR3284136.fasta	cdifficile	37	PERFECT	100	adk(3);atpA(7);dxr(3);glyA(8);recA(6);sodA(9);tpi(11)
ERR3284232.fasta	cdifficile	37	PERFECT	100	adk(3);atpA(7);dxr(3);glyA(8);recA(6);sodA(9);tpi(11)
ERR3284271.fasta	cdifficile	3	PERFECT	100	adk(1);atpA(1);dxr(2);glyA(1);recA(1);sodA(1);tpi(1)
ERR3284289.fasta	cdifficile	11	PERFECT	100	adk(5);atpA(8);dxr(5);glyA(11);recA(9);sodA(11);tpi(8)
ERR3284388.fasta	cdifficile	3	PERFECT	100	adk(1);atpA(1);dxr(2);glyA(1);recA(1);sodA(1);tpi(1)
ERR339584.fasta	cdifficile	14	PERFECT	100	adk(1);atpA(1);dxr(2);glyA(1);recA(5);sodA(5);tpi(3)
ERR340119.fasta	cdifficile	37	PERFECT	100	adk(3);atpA(7);dxr(3);glyA(8);recA(6);sodA(9);tpi(11)
ERR340205.fasta	cdifficile	48	PERFECT	100	adk(1);atpA(1);dxr(2);glyA(1);recA(1);sodA(5);tpi(1)
ERR340301.fasta	cdifficile	15	PERFECT	100	adk(1);atpA(1);dxr(6);glyA(1);recA(8);sodA(5);tpi(1)
ERR3412200.fasta	cdifficile	1	PERFECT	100	adk(1);atpA(1);dxr(1);glyA(10);recA(1);sodA(3);tpi(5)
ERR3412204.fasta	cdifficile	1	PERFECT	100	adk(1);atpA(1);dxr(1);glyA(10);recA(1);sodA(3);tpi(5)
ERR3412207.fasta	cdifficile	1	PERFECT	100	adk(1);atpA(1);dxr(1);glyA(10);recA(1);sodA(3);tpi(5)
ERR3412225.fasta	cdifficile	1	PERFECT	100	adk(1);atpA(1);dxr(1);glyA(10);recA(1);sodA(3);tpi(5)
ERR3412231.fasta	cdifficile	1	PERFECT	100	adk(1);atpA(1);dxr(1);glyA(10);recA(1);sodA(3);tpi(5)
ERR3412233.fasta	cdifficile	1	PERFECT	100	adk(1);atpA(1);dxr(1);glyA(10);recA(1);sodA(3);tpi(5)
ERR3412234.fasta	cdifficile	3	PERFECT	100	adk(1);atpA(1);dxr(2);glyA(1);recA(1);sodA(1);tpi(1)
ERR3412238.fasta	cdifficile	1	PERFECT	100	adk(1);atpA(1);dxr(1);glyA(10);recA(1);sodA(3);tpi(5)
ERR3412243.fasta	cdifficile	54	PERFECT	100	adk(1);atpA(4);dxr(7);glyA(1);recA(1);sodA(3);tpi(3)
ERR3412256.fasta	cdifficile	54	PERFECT	100	adk(1);atpA(4);dxr(7);glyA(1);recA(1);sodA(3);tpi(3)
ERR3412257.fasta	cdifficile	54	PERFECT	100	adk(1);atpA(4);dxr(7);glyA(1);recA(1);sodA(3);tpi(3)
ERR3412261.fasta	cdifficile	1	PERFECT	100	adk(1);atpA(1);dxr(1);glyA(10);recA(1);sodA(3);tpi(5)
ERR3412263.fasta	cdifficile	1	PERFECT	100	adk(1);atpA(1);dxr(1);glyA(10);recA(1);sodA(3);tpi(5)
ERR3412266.fasta	cdifficile	54	PERFECT	100	adk(1);atpA(4);dxr(7);glyA(1);recA(1);sodA(3);tpi(3)
ERR3412272.fasta	cdifficile	54	PERFECT	100	adk(1);atpA(4);dxr(7);glyA(1);recA(1);sodA(3);tpi(3)
ERR3437163.fasta	efaecium	203	PERFECT	100	atpA(15);ddl(1);gdh(1);purK(1);gyd(1);pstS(20);adk(1)
ERR3437219.fasta	efaecium	203	PERFECT	100	atpA(15);ddl(1);gdh(1);purK(1);gyd(1);pstS(20);adk(1)
ERR3437263.fasta	efaecium	203	PERFECT	100	atpA(15);ddl(1);gdh(1);purK(1);gyd(1);pstS(20);adk(1)
ERR3437268.fasta	efaecium	203	PERFECT	100	atpA(15);ddl(1);gdh(1);purK(1);gyd(1);pstS(20);adk(1)
ERR3437280.fasta	efaecium	203	PERFECT	100	atpA(15);ddl(1);gdh(1);purK(1);gyd(1);pstS(20);adk(1)
ERR3437300.fasta	efaecium	203	PERFECT	100	atpA(15);ddl(1);gdh(1);purK(1);gyd(1);pstS(20);adk(1)
ERR3479713.fasta	cdifficile	41	PERFECT	100	adk(1);atpA(1);dxr(9);glyA(9);recA(1);sodA(3);tpi(2)
ERR3479784.fasta	cdifficile	1	PERFECT	100	adk(1);atpA(1);dxr(1);glyA(10);recA(1);sodA(3);tpi(5)
ERR3566804.fasta	cdifficile	1	PERFECT	100	adk(1);atpA(1);dxr(1);glyA(10);recA(1);sodA(3);tpi(5)
ERR3567486.fasta	ecoli_achtman_4	648	PERFECT	100	adk(92);fumC(4);gyrB(87);icd(96);mdh(70);purA(58);recA(2)
ERR3595932.fasta	ecoli_achtman_4	648	PERFECT	100	adk(92);fumC(4);gyrB(87);icd(96);mdh(70);purA(58);recA(2)
ERR3611321.fasta	efaecium	117	PERFECT	100	atpA(9);ddl(1);gdh(1);purK(1);gyd(1);pstS(1);adk(1)
ERR3618802.fasta	efaecium	192	PERFECT	100	atpA(15);ddl(1);gdh(1);purK(1);gyd(1);pstS(7);adk(1)
ERR3618804.fasta	efaecium	203	PERFECT	100	atpA(15);ddl(1);gdh(1);purK(1);gyd(1);pstS(20);adk(1)
ERR3642121.fasta	ecoli_achtman_4	648	PERFECT	100	adk(92);fumC(4);gyrB(87);icd(96);mdh(70);purA(58);recA(2)
ERR3905094.fasta	efaecalis	6	PERFECT	100	gdh(12);gyd(7);pstS(3);gki(7);aroE(6);xpt(1);yqiL(5)
ERR3991495.fasta	efaecium	203	PERFECT	100	atpA(15);ddl(1);gdh(1);purK(1);gyd(1);pstS(20);adk(1)
ERR4007615.fasta	efaecium	203	PERFECT	100	atpA(15);ddl(1);gdh(1);purK(1);gyd(1);pstS(20);adk(1)
ERR4007623.fasta	efaecium	203	PERFECT	100	atpA(15);ddl(1);gdh(1);purK(1);gyd(1);pstS(20);adk(1)
ERR4046593.fasta	efaecium	552	PERFECT	100	atpA(1);ddl(3);gdh(1);purK(1);gyd(1);pstS(7);adk(1)
ERR4046609.fasta	efaecium	552	PERFECT	100	atpA(1);ddl(3);gdh(1);purK(1);gyd(1);pstS(7);adk(1)
ERR4046617.fasta	efaecium	552	PERFECT	100	atpA(1);ddl(3);gdh(1);purK(1);gyd(1);pstS(7);adk(1)
ERR4046650.fasta	efaecium	552	PERFECT	100	atpA(1);ddl(3);gdh(1);purK(1);gyd(1);pstS(7);adk(1)
ERR4046658.fasta	efaecium	552	PERFECT	100	atpA(1);ddl(3);gdh(1);purK(1);gyd(1);pstS(7);adk(1)
ERR4046670.fasta	efaecium	552	PERFECT	100	atpA(1);ddl(3);gdh(1);purK(1);gyd(1);pstS(7);adk(1)
ERR4046678.fasta	efaecium	552	PERFECT	100	atpA(1);ddl(3);gdh(1);purK(1);gyd(1);pstS(7);adk(1)
ERR4046698.fasta	efaecium	552	PERFECT	100	atpA(1);ddl(3);gdh(1);purK(1);gyd(1);pstS(7);adk(1)
ERR4046705.fasta	efaecium	552	PERFECT	100	atpA(1);ddl(3);gdh(1);purK(1);gyd(1);pstS(7);adk(1)
ERR4046734.fasta	efaecium	552	PERFECT	100	atpA(1);ddl(3);gdh(1);purK(1);gyd(1);pstS(7);adk(1)
ERR4455687.fasta	efaecium	203	PERFECT	100	atpA(15);ddl(1);gdh(1);purK(1);gyd(1);pstS(20);adk(1)
ERR4635164.fasta	ecoli_achtman_4	90	PERFECT	100	adk(6);fumC(4);gyrB(12);icd(1);mdh(20);purA(8);recA(7)
ERR4661855.fasta	cdifficile	11	PERFECT	100	adk(5);atpA(8);dxr(5);glyA(11);recA(9);sodA(11);tpi(8)
ERR4784512.fasta	saureus	1	PERFECT	100	arcC(1);aroE(1);glpF(1);gmk(1);pta(1);tpi(1);yqiL(1)
ERR4785535.fasta	saureus	672	PERFECT	100	arcC(4);aroE(3);glpF(1);gmk(1);pta(11);tpi(72);yqiL(11)
ERR4785601.fasta	saureus	672	PERFECT	100	arcC(4);aroE(3);glpF(1);gmk(1);pta(11);tpi(72);yqiL(11)
ERR5523431.fasta	cdifficile	1	PERFECT	100	adk(1);atpA(1);dxr(1);glyA(10);recA(1);sodA(3);tpi(5)
ERR5523432.fasta	cdifficile	1	PERFECT	100	adk(1);atpA(1);dxr(1);glyA(10);recA(1);sodA(3);tpi(5)
ERR5928275.fasta	efaecium	1900	PERFECT	100	atpA(9);ddl(1);gdh(1);purK(1);gyd(12);pstS(19);adk(1)
ERR604984.fasta	cdifficile	37	PERFECT	100	adk(3);atpA(7);dxr(3);glyA(8);recA(6);sodA(9);tpi(11)
ERR604996.fasta	cdifficile	37	PERFECT	100	adk(3);atpA(7);dxr(3);glyA(8);recA(6);sodA(9);tpi(11)
ERR604997.fasta	cdifficile	37	PERFECT	100	adk(3);atpA(7);dxr(3);glyA(8);recA(6);sodA(9);tpi(11)
ERR605001.fasta	cdifficile	37	PERFECT	100	adk(3);atpA(7);dxr(3);glyA(8);recA(6);sodA(9);tpi(11)
ERR6752801.fasta	salmonella	13	PERFECT	100	aroC(3);dnaN(3);hemD(7);hisD(4);purE(3);sucA(3);thrA(7)
ERR712469.fasta	efaecium	203	PERFECT	100	atpA(15);ddl(1);gdh(1);purK(1);gyd(1);pstS(20);adk(1)
ERR712476.fasta	efaecium	203	PERFECT	100	atpA(15);ddl(1);gdh(1);purK(1);gyd(1);pstS(20);adk(1)
ERR712482.fasta	efaecium	203	PERFECT	100	atpA(15);ddl(1);gdh(1);purK(1);gyd(1);pstS(20);adk(1)
ERR712498.fasta	efaecium	203	PERFECT	100	atpA(15);ddl(1);gdh(1);purK(1);gyd(1);pstS(20);adk(1)
ERR712551.fasta	efaecium	203	PERFECT	100	atpA(15);ddl(1);gdh(1);purK(1);gyd(1);pstS(20);adk(1)
ERR712558.fasta	efaecium	203	PERFECT	100	atpA(15);ddl(1);gdh(1);purK(1);gyd(1);pstS(20);adk(1)
ERR712595.fasta	efaecium	203	PERFECT	100	atpA(15);ddl(1);gdh(1);purK(1);gyd(1);pstS(20);adk(1)
ERR712611.fasta	efaecium	192	PERFECT	100	atpA(15);ddl(1);gdh(1);purK(1);gyd(1);pstS(7);adk(1)
ERR712616.fasta	efaecium	203	PERFECT	100	atpA(15);ddl(1);gdh(1);purK(1);gyd(1);pstS(20);adk(1)
ERR712631.fasta	efaecium	203	PERFECT	100	atpA(15);ddl(1);gdh(1);purK(1);gyd(1);pstS(20);adk(1)
ERR712632.fasta	efaecium	203	PERFECT	100	atpA(15);ddl(1);gdh(1);purK(1);gyd(1);pstS(20);adk(1)
ERR712634.fasta	efaecium	203	PERFECT	100	atpA(15);ddl(1);gdh(1);purK(1);gyd(1);pstS(20);adk(1)
ERR712661.fasta	efaecium	203	PERFECT	100	atpA(15);ddl(1);gdh(1);purK(1);gyd(1);pstS(20);adk(1)
ERR712663.fasta	efaecium	203	PERFECT	100	atpA(15);ddl(1);gdh(1);purK(1);gyd(1);pstS(20);adk(1)
ERR712665.fasta	efaecium	203	PERFECT	100	atpA(15);ddl(1);gdh(1);purK(1);gyd(1);pstS(20);adk(1)
ERR712669.fasta	efaecium	203	PERFECT	100	atpA(15);ddl(1);gdh(1);purK(1);gyd(1);pstS(20);adk(1)
ERR712689.fasta	efaecium	721	PERFECT	100	atpA(9);ddl(1);gdh(1);purK(1);gyd(1);pstS(20);adk(1)
ERR712695.fasta	efaecium	203	PERFECT	100	atpA(15);ddl(1);gdh(1);purK(1);gyd(1);pstS(20);adk(1)
ERR712766.fasta	efaecium	203	PERFECT	100	atpA(15);ddl(1);gdh(1);purK(1);gyd(1);pstS(20);adk(1)
ERR712768.fasta	efaecium	203	PERFECT	100	atpA(15);ddl(1);gdh(1);purK(1);gyd(1);pstS(20);adk(1)
ERR712773.fasta	efaecium	203	PERFECT	100	atpA(15);ddl(1);gdh(1);purK(1);gyd(1);pstS(20);adk(1)
ERR712787.fasta	efaecium	203	PERFECT	100	atpA(15);ddl(1);gdh(1);purK(1);gyd(1);pstS(20);adk(1)
ERR712788.fasta	efaecium	203	PERFECT	100	atpA(15);ddl(1);gdh(1);purK(1);gyd(1);pstS(20);adk(1)
ERR712908.fasta	efaecium	203	PERFECT	100	atpA(15);ddl(1);gdh(1);purK(1);gyd(1);pstS(20);adk(1)
ERR712912.fasta	efaecium	203	PERFECT	100	atpA(15);ddl(1);gdh(1);purK(1);gyd(1);pstS(20);adk(1)
ERR788982.fasta	cdifficile	37	PERFECT	100	adk(3);atpA(7);dxr(3);glyA(8);recA(6);sodA(9);tpi(11)
ERR788990.fasta	cdifficile	37	PERFECT	100	adk(3);atpA(7);dxr(3);glyA(8);recA(6);sodA(9);tpi(11)
ERR788991.fasta	cdifficile	37	PERFECT	100	adk(3);atpA(7);dxr(3);glyA(8);recA(6);sodA(9);tpi(11)
ERR833666.fasta	cdifficile	15	PERFECT	100	adk(1);atpA(1);dxr(6);glyA(1);recA(8);sodA(5);tpi(1)
ERR833672.fasta	cdifficile	15	PERFECT	100	adk(1);atpA(1);dxr(6);glyA(1);recA(8);sodA(5);tpi(1)
GCA_000017025.1.fasta	cbotulinum	1	PERFECT	100	aroE(13);mdh(6);aceK(13);oppB(10);rpoB(9);recA(8);hsp(9)
GCA_000017045.1.fasta	cbotulinum	1	PERFECT	100	aroE(13);mdh(6);aceK(13);oppB(10);rpoB(9);recA(8);hsp(9)
GCA_000017065.1.fasta	cbotulinum	88	PERFECT	100	aroE(34);mdh(11);aceK(20);oppB(8);rpoB(10);recA(10);hsp(9)
GCA_000019305.1.fasta	cbotulinum	34	PERFECT	100	aroE(16);mdh(12);aceK(20);oppB(8);rpoB(10);recA(12);hsp(9)
GCA_000019545.1.fasta	cbotulinum	3	PERFECT	100	aroE(3);mdh(3);aceK(5);oppB(2);rpoB(3);recA(3);hsp(3)
GCA_000020345.1.fasta	cbotulinum	7	PERFECT	100	aroE(4);mdh(2);aceK(2);oppB(4);rpoB(2);recA(5);hsp(5)
GCA_000022765.1.fasta	cbotulinum	2	PERFECT	100	aroE(10);mdh(8);aceK(7);oppB(9);rpoB(8);recA(7);hsp(8)
GCA_000063585.1.fasta	cbotulinum	9	PERFECT	100	aroE(13);mdh(6);aceK(9);oppB(10);rpoB(9);recA(8);hsp(9)
GCA_000148125.1.fasta	efaecalis	9	PERFECT	100	gdh(4);gyd(6);pstS(16);gki(4);aroE(1);xpt(1);yqiL(4)
GCA_000154625.1.fasta	cdifficile	3	PERFECT	100	adk(1);atpA(1);dxr(2);glyA(1);recA(1);sodA(1);tpi(1)
GCA_000155085.1.fasta	cbotulinum	70	PERFECT	100	aroE(26);mdh(22);aceK(34);oppB(26);rpoB(19);recA(18);hsp(14)
GCA_000171055.1.fasta	cbotulinum	4	PERFECT	100	aroE(9);mdh(10);aceK(6);oppB(9);rpoB(8);recA(7);hsp(8)
GCA_000171075.1.fasta	cbotulinum	14	PERFECT	100	aroE(5);mdh(2);aceK(2);oppB(4);rpoB(2);recA(5);hsp(5)
GCA_000240115.1.fasta	cbotulinum	-	OK	86	aroE(~2);mdh(4);aceK(3);oppB(3);rpoB(4);recA(2);hsp(16)
GCA_000253195.1.fasta	cbotulinum	151	PERFECT	100	aroE(48);mdh(8);aceK(25);oppB(13);rpoB(10);recA(15);hsp(12)
GCA_000293985.2.fasta	efaecalis	16	PERFECT	100	gdh(5);gyd(1);pstS(1);gki(3);aroE(7);xpt(7);yqiL(6)
GCA_000294385.2.fasta	saureus	5	PERFECT	100	arcC(1);aroE(4);glpF(1);gmk(4);pta(12);tpi(1);yqiL(10)
GCA_000294895.2.fasta	efaecium	752	PERFECT	100	atpA(1);ddl(3);gdh(1);purK(66);gyd(1);pstS(1);adk(1)
GCA_000394335.1.fasta	efaecalis	9	PERFECT	100	gdh(4);gyd(6);pstS(16);gki(4);aroE(1);xpt(1);yqiL(4)
GCA_000394915.1.fasta	efaecalis	9	PERFECT	100	gdh(4);gyd(6);pstS(16);gki(4);aroE(1);xpt(1);yqiL(4)
GCA_000439815.2.fasta	cbotulinum	-	MISSING	77	aroE(10);mdh(-);aceK(6);oppB(9);rpoB(8);recA(7);hsp(8)
GCA_000448965.2.fasta	cdifficile	3	PERFECT	100	adk(1);atpA(1);dxr(2);glyA(1);recA(1);sodA(1);tpi(1)
GCA_000449445.2.fasta	cdifficile	63	PERFECT	100	adk(1);atpA(1);dxr(7);glyA(5);recA(1);sodA(3);tpi(3)
GCA_000449585.2.fasta	cdifficile	3	PERFECT	100	adk(1);atpA(1);dxr(2);glyA(1);recA(1);sodA(1);tpi(1)
GCA_000449625.2.fasta	cdifficile	63	PERFECT	100	adk(1);atpA(1);dxr(7);glyA(5);recA(1);sodA(3);tpi(3)
GCA_000449785.2.fasta	cdifficile	48	PERFECT	100	adk(1);atpA(1);dxr(2);glyA(1);recA(1);sodA(5);tpi(1)
GCA_000450185.2.fasta	cdifficile	750	PERFECT	100	adk(1);atpA(1);dxr(7);glyA(102);recA(59);sodA(3);tpi(3)
GCA_000450205.2.fasta	cdifficile	749	PERFECT	100	adk(1);atpA(1);dxr(7);glyA(102);recA(1);sodA(3);tpi(3)
GCA_000450285.2.fasta	cdifficile	63	PERFECT	100	adk(1);atpA(1);dxr(7);glyA(5);recA(1);sodA(3);tpi(3)
GCA_000450405.2.fasta	cdifficile	63	PERFECT	100	adk(1);atpA(1);dxr(7);glyA(5);recA(1);sodA(3);tpi(3)
GCA_000450745.2.fasta	cdifficile	63	PERFECT	100	adk(1);atpA(1);dxr(7);glyA(5);recA(1);sodA(3);tpi(3)
GCA_000450925.2.fasta	cdifficile	3	PERFECT	100	adk(1);atpA(1);dxr(2);glyA(1);recA(1);sodA(1);tpi(1)
GCA_000452325.2.fasta	cdifficile	15	PERFECT	100	adk(1);atpA(1);dxr(6);glyA(1);recA(8);sodA(5);tpi(1)
GCA_000503815.1.fasta	cbotulinum	35	PERFECT	100	aroE(17);mdh(13);aceK(21);oppB(14);rpoB(12);recA(13);hsp(13)
GCA_000530955.1.fasta	cdifficile	3	PERFECT	100	adk(1);atpA(1);dxr(2);glyA(1);recA(1);sodA(1);tpi(1)
GCA_000531695.1.fasta	cdifficile	3	PERFECT	100	adk(1);atpA(1);dxr(2);glyA(1);recA(1);sodA(1);tpi(1)
GCA_000586975.1.fasta	saureus	8	PERFECT	100	arcC(3);aroE(3);glpF(1);gmk(1);pta(4);tpi(4);yqiL(3)
GCA_000594545.1.fasta	saureus	8	PERFECT	100	arcC(3);aroE(3);glpF(1);gmk(1);pta(4);tpi(4);yqiL(3)
GCA_000710975.1.fasta	cbotulinum	-	OK	86	aroE(13);mdh(5);aceK(~57);oppB(9);rpoB(7);recA(6);hsp(8)
GCA_000710985.1.fasta	cbotulinum	-	NOVEL	90	aroE(13);mdh(8);aceK(58);oppB(16);rpoB(10);recA(11);hsp(9)
GCA_000710995.1.fasta	cbotulinum	38	PERFECT	100	aroE(13);mdh(15);aceK(23);oppB(16);rpoB(10);recA(11);hsp(9)
GCA_000711005.1.fasta	cbotulinum	-	MISSING	51	aroE(-);mdh(~3);aceK(~59);oppB(~61);rpoB(~3);recA(~10);hsp(7?)
GCA_000711055.1.fasta	cbotulinum	186	PERFECT	100	aroE(14);mdh(18);aceK(24);oppB(13);rpoB(10);recA(7);hsp(8)
GCA_000711065.1.fasta	cbotulinum	67	PERFECT	100	aroE(10);mdh(10);aceK(12);oppB(10);rpoB(9);recA(8);hsp(7)
GCA_000711095.1.fasta	cbotulinum	173	PERFECT	100	aroE(13);mdh(5);aceK(15);oppB(9);rpoB(8);recA(7);hsp(8)
GCA_000711105.1.fasta	cbotulinum	-	OK	82	aroE(19);mdh(47);aceK(~58);oppB(~8);rpoB(10);recA(7);hsp(27)
GCA_000711115.1.fasta	cbotulinum	-	OK	82	aroE(~13);mdh(~8);aceK(12);oppB(10);rpoB(9);recA(8);hsp(7)
GCA_000730725.1.fasta	cbotulinum	4	PERFECT	100	aroE(9);mdh(10);aceK(6);oppB(9);rpoB(8);recA(7);hsp(8)
GCA_000730785.1.fasta	cbotulinum	4	PERFECT	100	aroE(9);mdh(10);aceK(6);oppB(9);rpoB(8);recA(7);hsp(8)
GCA_000769495.1.fasta	cbotulinum	87	PERFECT	100	aroE(23);mdh(19);aceK(43);oppB(21);rpoB(15);recA(5);hsp(17)
GCA_000817935.1.fasta	cbotulinum	7	PERFECT	100	aroE(4);mdh(2);aceK(2);oppB(4);rpoB(2);recA(5);hsp(5)
GCA_000828225.1.fasta	cdifficile	54	PERFECT	100	adk(1);atpA(4);dxr(7);glyA(1);recA(1);sodA(3);tpi(3)
GCA_000828255.1.fasta	cdifficile	54	PERFECT	100	adk(1);atpA(4);dxr(7);glyA(1);recA(1);sodA(3);tpi(3)
GCA_000828325.1.fasta	cdifficile	54	PERFECT	100	adk(1);atpA(4);dxr(7);glyA(1);recA(1);sodA(3);tpi(3)
GCA_000829015.1.fasta	cbotulinum	19	PERFECT	100	aroE(13);mdh(10);aceK(12);oppB(10);rpoB(9);recA(8);hsp(7)
GCA_000830755.1.fasta	cbotulinum	55	PERFECT	100	aroE(23);mdh(19);aceK(30);oppB(21);rpoB(15);recA(5);hsp(17)
GCA_000876495.2.fasta	cbotulinum	70	PERFECT	100	aroE(26);mdh(22);aceK(34);oppB(26);rpoB(19);recA(18);hsp(14)
GCA_000960235.1.fasta	cbotulinum	70	PERFECT	100	aroE(26);mdh(22);aceK(34);oppB(26);rpoB(19);recA(18);hsp(14)
GCA_000986925.1.fasta	cbotulinum	88	PERFECT	100	aroE(34);mdh(11);aceK(20);oppB(8);rpoB(10);recA(10);hsp(9)
GCA_001273165.1.fasta	cbotulinum	59	PERFECT	100	aroE(13);mdh(5);aceK(14);oppB(8);rpoB(8);recA(7);hsp(8)
GCA_001273255.1.fasta	cbotulinum	1	PERFECT	100	aroE(13);mdh(6);aceK(13);oppB(10);rpoB(9);recA(8);hsp(9)
GCA_001273275.1.fasta	cbotulinum	59	PERFECT	100	aroE(13);mdh(5);aceK(14);oppB(8);rpoB(8);recA(7);hsp(8)
GCA_001276985.1.fasta	cbotulinum	1	PERFECT	100	aroE(13);mdh(6);aceK(13);oppB(10);rpoB(9);recA(8);hsp(9)
GCA_001573175.1.fasta	cbotulinum	4	PERFECT	100	aroE(9);mdh(10);aceK(6);oppB(9);rpoB(8);recA(7);hsp(8)
GCA_001573235.1.fasta	cbotulinum	59	PERFECT	100	aroE(13);mdh(5);aceK(14);oppB(8);rpoB(8);recA(7);hsp(8)
GCA_001573255.1.fasta	cbotulinum	14	PERFECT	100	aroE(5);mdh(2);aceK(2);oppB(4);rpoB(2);recA(5);hsp(5)
GCA_001573295.1.fasta	cbotulinum	1	PERFECT	100	aroE(13);mdh(6);aceK(13);oppB(10);rpoB(9);recA(8);hsp(9)
GCA_001573315.1.fasta	cbotulinum	1	PERFECT	100	aroE(13);mdh(6);aceK(13);oppB(10);rpoB(9);recA(8);hsp(9)
GCA_001573325.1.fasta	cbotulinum	4	PERFECT	100	aroE(9);mdh(10);aceK(6);oppB(9);rpoB(8);recA(7);hsp(8)
GCA_001573335.1.fasta	cbotulinum	4	PERFECT	100	aroE(9);mdh(10);aceK(6);oppB(9);rpoB(8);recA(7);hsp(8)
GCA_001573375.1.fasta	cbotulinum	4	PERFECT	100	aroE(9);mdh(10);aceK(6);oppB(9);rpoB(8);recA(7);hsp(8)
GCA_001573385.1.fasta	cbotulinum	19	PERFECT	100	aroE(13);mdh(10);aceK(12);oppB(10);rpoB(9);recA(8);hsp(7)
GCA_001573395.1.fasta	cbotulinum	4	PERFECT	100	aroE(9);mdh(10);aceK(6);oppB(9);rpoB(8);recA(7);hsp(8)
GCA_001573435.1.fasta	cbotulinum	1	PERFECT	100	aroE(13);mdh(6);aceK(13);oppB(10);rpoB(9);recA(8);hsp(9)
GCA_001573455.1.fasta	cbotulinum	1	PERFECT	100	aroE(13);mdh(6);aceK(13);oppB(10);rpoB(9);recA(8);hsp(9)
GCA_001573465.1.fasta	cbotulinum	1	PERFECT	100	aroE(13);mdh(6);aceK(13);oppB(10);rpoB(9);recA(8);hsp(9)
GCA_001573485.1.fasta	cbotulinum	30	PERFECT	100	aroE(13);mdh(6);aceK(16);oppB(10);rpoB(9);recA(9);hsp(9)
GCA_001573515.1.fasta	cbotulinum	1	PERFECT	100	aroE(13);mdh(6);aceK(13);oppB(10);rpoB(9);recA(8);hsp(9)
GCA_001573535.1.fasta	cbotulinum	1	PERFECT	100	aroE(13);mdh(6);aceK(13);oppB(10);rpoB(9);recA(8);hsp(9)
GCA_001573555.1.fasta	cbotulinum	98	PERFECT	100	aroE(11);mdh(8);aceK(32);oppB(8);rpoB(8);recA(7);hsp(8)
GCA_001573665.1.fasta	cbotulinum	88	PERFECT	100	aroE(34);mdh(11);aceK(20);oppB(8);rpoB(10);recA(10);hsp(9)
GCA_001573705.1.fasta	cbotulinum	-	BAD	69	aroE(~17);mdh(42?);aceK(47);oppB(~27);rpoB(20);recA(13?);hsp(14)
GCA_001573725.1.fasta	cbotulinum	1	PERFECT	100	aroE(13);mdh(6);aceK(13);oppB(10);rpoB(9);recA(8);hsp(9)
GCA_001573755.1.fasta	cbotulinum	-	BAD	69	aroE(~17);mdh(42?);aceK(47);oppB(~27);rpoB(20);recA(13?);hsp(14)
GCA_001573775.1.fasta	cbotulinum	70	PERFECT	100	aroE(26);mdh(22);aceK(34);oppB(26);rpoB(19);recA(18);hsp(14)
GCA_001573825.1.fasta	cbotulinum	28	PERFECT	100	aroE(14);mdh(11);aceK(14);oppB(12);rpoB(10);recA(7);hsp(8)
GCA_001573885.1.fasta	cbotulinum	26	PERFECT	100	aroE(9);mdh(8);aceK(7);oppB(9);rpoB(8);recA(7);hsp(8)
GCA_001573905.1.fasta	cbotulinum	22	PERFECT	100	aroE(10);mdh(8);aceK(6);oppB(9);rpoB(8);recA(7);hsp(8)
GCA_001573955.1.fasta	cbotulinum	2	PERFECT	100	aroE(10);mdh(8);aceK(7);oppB(9);rpoB(8);recA(7);hsp(8)
GCA_001573965.1.fasta	cbotulinum	2	PERFECT	100	aroE(10);mdh(8);aceK(7);oppB(9);rpoB(8);recA(7);hsp(8)
GCA_001573985.1.fasta	cbotulinum	26	PERFECT	100	aroE(9);mdh(8);aceK(7);oppB(9);rpoB(8);recA(7);hsp(8)
GCA_001574015.1.fasta	cbotulinum	2	PERFECT	100	aroE(10);mdh(8);aceK(7);oppB(9);rpoB(8);recA(7);hsp(8)
GCA_001574035.1.fasta	cbotulinum	26	PERFECT	100	aroE(9);mdh(8);aceK(7);oppB(9);rpoB(8);recA(7);hsp(8)
GCA_001574055.1.fasta	cbotulinum	22	PERFECT	100	aroE(10);mdh(8);aceK(6);oppB(9);rpoB(8);recA(7);hsp(8)
GCA_001574065.1.fasta	cbotulinum	2	PERFECT	100	aroE(10);mdh(8);aceK(7);oppB(9);rpoB(8);recA(7);hsp(8)
GCA_001574095.1.fasta	cbotulinum	2	PERFECT	100	aroE(10);mdh(8);aceK(7);oppB(9);rpoB(8);recA(7);hsp(8)
GCA_001574115.1.fasta	cbotulinum	2	PERFECT	100	aroE(10);mdh(8);aceK(7);oppB(9);rpoB(8);recA(7);hsp(8)
GCA_001574125.1.fasta	cbotulinum	2	PERFECT	100	aroE(10);mdh(8);aceK(7);oppB(9);rpoB(8);recA(7);hsp(8)
GCA_001574135.1.fasta	cbotulinum	2	PERFECT	100	aroE(10);mdh(8);aceK(7);oppB(9);rpoB(8);recA(7);hsp(8)
GCA_001574175.1.fasta	cbotulinum	25	PERFECT	100	aroE(10);mdh(8);aceK(6);oppB(10);rpoB(8);recA(7);hsp(8)
GCA_001574195.1.fasta	cbotulinum	2	PERFECT	100	aroE(10);mdh(8);aceK(7);oppB(9);rpoB(8);recA(7);hsp(8)
GCA_001574205.1.fasta	cbotulinum	26	PERFECT	100	aroE(9);mdh(8);aceK(7);oppB(9);rpoB(8);recA(7);hsp(8)
GCA_001574255.1.fasta	cbotulinum	2	PERFECT	100	aroE(10);mdh(8);aceK(7);oppB(9);rpoB(8);recA(7);hsp(8)
GCA_001574265.1.fasta	cbotulinum	2	PERFECT	100	aroE(10);mdh(8);aceK(7);oppB(9);rpoB(8);recA(7);hsp(8)
GCA_001574285.1.fasta	cbotulinum	2	PERFECT	100	aroE(10);mdh(8);aceK(7);oppB(9);rpoB(8);recA(7);hsp(8)
GCA_001574315.1.fasta	cbotulinum	2	PERFECT	100	aroE(10);mdh(8);aceK(7);oppB(9);rpoB(8);recA(7);hsp(8)
GCA_001574335.1.fasta	cbotulinum	7	PERFECT	100	aroE(4);mdh(2);aceK(2);oppB(4);rpoB(2);recA(5);hsp(5)
GCA_001574355.1.fasta	cbotulinum	7	PERFECT	100	aroE(4);mdh(2);aceK(2);oppB(4);rpoB(2);recA(5);hsp(5)
GCA_001574365.1.fasta	cbotulinum	-	OK	86	aroE(~4);mdh(2);aceK(2);oppB(4);rpoB(2);recA(5);hsp(5)
GCA_001878735.4.fasta	efaecalis	29	PERFECT	100	gdh(6);gyd(5);pstS(4);gki(16);aroE(11);xpt(13);yqiL(10)
GCA_001879605.1.fasta	cbotulinum	6	PERFECT	100	aroE(9);mdh(10);aceK(6);oppB(9);rpoB(6);recA(7);hsp(7)
GCA_001879625.1.fasta	cbotulinum	4	PERFECT	100	aroE(9);mdh(10);aceK(6);oppB(9);rpoB(8);recA(7);hsp(8)
GCA_001886775.1.fasta	cbotulinum	96	PERFECT	100	aroE(36);mdh(33);aceK(45);oppB(36);rpoB(26);recA(26);hsp(24)
GCA_001889325.1.fasta	cbotulinum	-	OK	74	aroE(~36);mdh(~13);aceK(~36);oppB(51);rpoB(20);recA(~28);hsp(24)
GCA_001889345.1.fasta	cbotulinum	28	PERFECT	100	aroE(14);mdh(11);aceK(14);oppB(12);rpoB(10);recA(7);hsp(8)
GCA_001889365.1.fasta	cbotulinum	25	PERFECT	100	aroE(10);mdh(8);aceK(6);oppB(10);rpoB(8);recA(7);hsp(8)
GCA_001921905.1.fasta	cbotulinum	114	PERFECT	100	aroE(13);mdh(8);aceK(13);oppB(10);rpoB(9);recA(8);hsp(9)
GCA_001921925.1.fasta	cbotulinum	25	PERFECT	100	aroE(10);mdh(8);aceK(6);oppB(10);rpoB(8);recA(7);hsp(8)
GCA_001921945.1.fasta	cbotulinum	84	PERFECT	100	aroE(11);mdh(5);aceK(11);oppB(9);rpoB(8);recA(6);hsp(8)
GCA_001921965.1.fasta	cbotulinum	158	PERFECT	100	aroE(13);mdh(45);aceK(54);oppB(10);rpoB(9);recA(8);hsp(7)
GCA_001921985.1.fasta	cbotulinum	7	PERFECT	100	aroE(4);mdh(2);aceK(2);oppB(4);rpoB(2);recA(5);hsp(5)
GCA_001951135.2.fasta	cbotulinum	18	PERFECT	100	aroE(4);mdh(2);aceK(2);oppB(4);rpoB(2);recA(5);hsp(4)
GCA_002024365.1.fasta	cbotulinum	22	PERFECT	100	aroE(10);mdh(8);aceK(6);oppB(9);rpoB(8);recA(7);hsp(8)
GCA_002024375.1.fasta	cbotulinum	26	PERFECT	100	aroE(9);mdh(8);aceK(7);oppB(9);rpoB(8);recA(7);hsp(8)
GCA_002024385.1.fasta	cbotulinum	16	PERFECT	100	aroE(13);mdh(7);aceK(4);oppB(8);rpoB(9);recA(7);hsp(8)
GCA_002024395.1.fasta	cbotulinum	61	PERFECT	100	aroE(12);mdh(8);aceK(42);oppB(9);rpoB(8);recA(6);hsp(6)
GCA_002024445.1.fasta	cbotulinum	47	PERFECT	100	aroE(20);mdh(8);aceK(25);oppB(13);rpoB(10);recA(15);hsp(12)
GCA_002024465.1.fasta	cbotulinum	46	PERFECT	100	aroE(13);mdh(8);aceK(4);oppB(5);rpoB(9);recA(7);hsp(8)
GCA_002103795.1.fasta	cbotulinum	2	PERFECT	100	aroE(10);mdh(8);aceK(7);oppB(9);rpoB(8);recA(7);hsp(8)
GCA_002103805.1.fasta	cbotulinum	92	PERFECT	100	aroE(13);mdh(32);aceK(13);oppB(10);rpoB(9);recA(8);hsp(9)
GCA_002103825.1.fasta	cbotulinum	7	PERFECT	100	aroE(4);mdh(2);aceK(2);oppB(4);rpoB(2);recA(5);hsp(5)
GCA_002103855.1.fasta	cbotulinum	22	PERFECT	100	aroE(10);mdh(8);aceK(6);oppB(9);rpoB(8);recA(7);hsp(8)
GCA_002103875.1.fasta	cbotulinum	149	PERFECT	100	aroE(13);mdh(10);aceK(13);oppB(10);rpoB(9);recA(8);hsp(9)
GCA_002103885.1.fasta	cbotulinum	147	PERFECT	100	aroE(13);mdh(5);aceK(6);oppB(9);rpoB(8);recA(6);hsp(8)
GCA_002103975.1.fasta	cbotulinum	30	PERFECT	100	aroE(13);mdh(6);aceK(16);oppB(10);rpoB(9);recA(9);hsp(9)
GCA_002103985.1.fasta	cbotulinum	58	PERFECT	100	aroE(13);mdh(8);aceK(15);oppB(9);rpoB(8);recA(7);hsp(8)
GCA_002104015.1.fasta	cbotulinum	114	PERFECT	100	aroE(13);mdh(8);aceK(13);oppB(10);rpoB(9);recA(8);hsp(9)
GCA_002104055.1.fasta	cbotulinum	70	PERFECT	100	aroE(26);mdh(22);aceK(34);oppB(26);rpoB(19);recA(18);hsp(14)
GCA_002631535.1.fasta	efaecium	17	PERFECT	100	atpA(1);ddl(1);gdh(1);purK(1);gyd(1);pstS(1);adk(1)
GCA_002631655.1.fasta	efaecium	17	PERFECT	100	atpA(1);ddl(1);gdh(1);purK(1);gyd(1);pstS(1);adk(1)
GCA_002631665.1.fasta	efaecium	262	PERFECT	100	atpA(7);ddl(1);gdh(1);purK(1);gyd(5);pstS(7);adk(1)
GCA_002749945.1.fasta	cbotulinum	-	BAD	68	aroE(~19);mdh(3?);aceK(~49);oppB(8);rpoB(7);recA(~34);hsp(~9)
GCA_002865745.1.fasta	cbotulinum	148	PERFECT	100	aroE(13);mdh(8);aceK(7);oppB(10);rpoB(9);recA(8);hsp(9)
GCA_002865765.1.fasta	cbotulinum	28	PERFECT	100	aroE(14);mdh(11);aceK(14);oppB(12);rpoB(10);recA(7);hsp(8)
GCA_002865785.1.fasta	cbotulinum	-	BAD	69	aroE(~17);mdh(42?);aceK(47);oppB(~27);rpoB(20);recA(13?);hsp(14)
GCA_002865805.1.fasta	cbotulinum	85	PERFECT	100	aroE(11);mdh(30);aceK(11);oppB(9);rpoB(8);recA(6);hsp(8)
GCA_002865825.1.fasta	cbotulinum	7	PERFECT	100	aroE(4);mdh(2);aceK(2);oppB(4);rpoB(2);recA(5);hsp(5)
GCA_002865845.1.fasta	cbotulinum	2	PERFECT	100	aroE(10);mdh(8);aceK(7);oppB(9);rpoB(8);recA(7);hsp(8)
GCA_002865885.1.fasta	cbotulinum	92	PERFECT	100	aroE(13);mdh(32);aceK(13);oppB(10);rpoB(9);recA(8);hsp(9)
GCA_002866045.1.fasta	cbotulinum	147	PERFECT	100	aroE(13);mdh(5);aceK(6);oppB(9);rpoB(8);recA(6);hsp(8)
GCA_002866125.1.fasta	cbotulinum	92	PERFECT	100	aroE(13);mdh(32);aceK(13);oppB(10);rpoB(9);recA(8);hsp(9)
GCA_002866225.1.fasta	cbotulinum	92	PERFECT	100	aroE(13);mdh(32);aceK(13);oppB(10);rpoB(9);recA(8);hsp(9)
GCA_002960265.1.fasta	ssuis	499	PERFECT	100	aroA(88);cpn60(134);dpr(44);gki(72);mutS(105);recA(91);thrA(55)
GCA_002973755.2.fasta	efaecium	17	PERFECT	100	atpA(1);ddl(1);gdh(1);purK(1);gyd(1);pstS(1);adk(1)
GCA_003009365.1.fasta	ecoli_achtman_4	1011	PERFECT	100	adk(6);fumC(4);gyrB(159);icd(44);mdh(112);purA(1);recA(17)
GCA_003014955.1.fasta	cbotulinum	32	PERFECT	100	aroE(13);mdh(8);aceK(18);oppB(9);rpoB(11);recA(10);hsp(11)
GCA_003017145.1.fasta	cbotulinum	-	OK	82	aroE(27);mdh(21);aceK(35);oppB(27);rpoB(~24);recA(19);hsp(~29)
GCA_003017225.1.fasta	cbotulinum	-	OK	70	aroE(~36);mdh(~13);aceK(~47);oppB(26);rpoB(4);recA(~28);hsp(~23)
GCA_003017335.1.fasta	cbotulinum	-	BAD	69	aroE(~17);mdh(42?);aceK(47);oppB(~27);rpoB(20);recA(13?);hsp(14)
GCA_003029645.1.fasta	saureus	398	PERFECT	100	arcC(3);aroE(35);glpF(19);gmk(2);pta(20);tpi(26);yqiL(39)
GCA_003058345.1.fasta	cbotulinum	1	PERFECT	100	aroE(13);mdh(6);aceK(13);oppB(10);rpoB(9);recA(8);hsp(9)
GCA_003058445.1.fasta	cbotulinum	1	PERFECT	100	aroE(13);mdh(6);aceK(13);oppB(10);rpoB(9);recA(8);hsp(9)
GCA_003238455.1.fasta	saureus	5	PERFECT	100	arcC(1);aroE(4);glpF(1);gmk(4);pta(12);tpi(1);yqiL(10)
GCA_003303985.1.fasta	ecoli_achtman_4	101	PERFECT	100	adk(43);fumC(41);gyrB(15);icd(18);mdh(11);purA(7);recA(6)
GCA_003326945.1.fasta	cdifficile	37	PERFECT	100	adk(3);atpA(7);dxr(3);glyA(8);recA(6);sodA(9);tpi(11)
GCA_003327105.1.fasta	cdifficile	37	PERFECT	100	adk(3);atpA(7);dxr(3);glyA(8);recA(6);sodA(9);tpi(11)
GCA_003327145.1.fasta	cdifficile	37	PERFECT	100	adk(3);atpA(7);dxr(3);glyA(8);recA(6);sodA(9);tpi(11)
GCA_003327165.1.fasta	cdifficile	37	PERFECT	100	adk(3);atpA(7);dxr(3);glyA(8);recA(6);sodA(9);tpi(11)
GCA_003327185.1.fasta	cdifficile	37	PERFECT	100	adk(3);atpA(7);dxr(3);glyA(8);recA(6);sodA(9);tpi(11)
GCA_003327205.1.fasta	cdifficile	37	PERFECT	100	adk(3);atpA(7);dxr(3);glyA(8);recA(6);sodA(9);tpi(11)
GCA_003327215.1.fasta	cdifficile	37	PERFECT	100	adk(3);atpA(7);dxr(3);glyA(8);recA(6);sodA(9);tpi(11)
GCA_003327325.1.fasta	cdifficile	37	PERFECT	100	adk(3);atpA(7);dxr(3);glyA(8);recA(6);sodA(9);tpi(11)
GCA_003327345.1.fasta	cdifficile	37	PERFECT	100	adk(3);atpA(7);dxr(3);glyA(8);recA(6);sodA(9);tpi(11)
GCA_003327365.1.fasta	cdifficile	37	PERFECT	100	adk(3);atpA(7);dxr(3);glyA(8);recA(6);sodA(9);tpi(11)
GCA_003327755.1.fasta	cdifficile	37	PERFECT	100	adk(3);atpA(7);dxr(3);glyA(8);recA(6);sodA(9);tpi(11)
GCA_003345315.1.fasta	cbotulinum	4	PERFECT	100	aroE(9);mdh(10);aceK(6);oppB(9);rpoB(8);recA(7);hsp(8)
GCA_003345335.1.fasta	cbotulinum	7	PERFECT	100	aroE(4);mdh(2);aceK(2);oppB(4);rpoB(2);recA(5);hsp(5)
GCA_003443835.1.fasta	klebsiella	367	PERFECT	100	gapA(18);infB(15);mdh(26);pgi(16);phoE(11);rpoB(13);tonB(106)
GCA_003481905.1.fasta	cdifficile	15	PERFECT	100	adk(1);atpA(1);dxr(6);glyA(1);recA(8);sodA(5);tpi(1)
GCA_003482035.1.fasta	cdifficile	1	PERFECT	100	adk(1);atpA(1);dxr(1);glyA(10);recA(1);sodA(3);tpi(5)
GCA_003597795.1.fasta	cdifficile	1	PERFECT	100	adk(1);atpA(1);dxr(1);glyA(10);recA(1);sodA(3);tpi(5)
GCA_003597835.1.fasta	cdifficile	1	PERFECT	100	adk(1);atpA(1);dxr(1);glyA(10);recA(1);sodA(3);tpi(5)
GCA_003597895.1.fasta	cdifficile	1	PERFECT	100	adk(1);atpA(1);dxr(1);glyA(10);recA(1);sodA(3);tpi(5)
GCA_003597915.1.fasta	cdifficile	1	PERFECT	100	adk(1);atpA(1);dxr(1);glyA(10);recA(1);sodA(3);tpi(5)
GCA_003610755.1.fasta	cbotulinum	30	PERFECT	100	aroE(13);mdh(6);aceK(16);oppB(10);rpoB(9);recA(9);hsp(9)
GCA_003664705.1.fasta	ecoli_achtman_4	14464	PERFECT	100	adk(1769);fumC(1664);gyrB(193);icd(1804);mdh(986);purA(745);recA(866)
GCA_003855635.1.fasta	proteus	176	PERFECT	100	atpD(43);dnaJ(69);mdh(48);pyrC(47);recA(35);rpoD(42)
GCA_003863275.1.fasta	cdifficile	1	PERFECT	100	adk(1);atpA(1);dxr(1);glyA(10);recA(1);sodA(3);tpi(5)
GCA_003936585.1.fasta	efaecium	132	PERFECT	100	atpA(7);ddl(1);gdh(1);purK(1);gyd(12);pstS(1);adk(1)
GCA_003936605.1.fasta	efaecium	80	PERFECT	100	atpA(9);ddl(1);gdh(1);purK(1);gyd(12);pstS(1);adk(1)
GCA_003936615.1.fasta	efaecium	132	PERFECT	100	atpA(7);ddl(1);gdh(1);purK(1);gyd(12);pstS(1);adk(1)
GCA_003937285.1.fasta	efaecium	132	PERFECT	100	atpA(7);ddl(1);gdh(1);purK(1);gyd(12);pstS(1);adk(1)
GCA_003937355.1.fasta	efaecium	132	PERFECT	100	atpA(7);ddl(1);gdh(1);purK(1);gyd(12);pstS(1);adk(1)
GCA_003937575.1.fasta	efaecium	2100	PERFECT	100	atpA(7);ddl(1);gdh(1);purK(1);gyd(12);pstS(0);adk(1)
GCA_003937635.1.fasta	efaecium	132	PERFECT	100	atpA(7);ddl(1);gdh(1);purK(1);gyd(12);pstS(1);adk(1)
GCA_003937935.1.fasta	efaecium	2100	PERFECT	100	atpA(7);ddl(1);gdh(1);purK(1);gyd(12);pstS(0);adk(1)
GCA_003938005.1.fasta	efaecium	787	PERFECT	100	atpA(9);ddl(1);gdh(1);purK(1);gyd(12);pstS(7);adk(1)
GCA_003938025.1.fasta	efaecium	80	PERFECT	100	atpA(9);ddl(1);gdh(1);purK(1);gyd(12);pstS(1);adk(1)
GCA_003938035.1.fasta	efaecium	612	PERFECT	100	atpA(9);ddl(1);gdh(1);purK(1);gyd(5);pstS(1);adk(1)
GCA_003938045.1.fasta	efaecium	132	PERFECT	100	atpA(7);ddl(1);gdh(1);purK(1);gyd(12);pstS(1);adk(1)
GCA_003938065.1.fasta	efaecium	2100	PERFECT	100	atpA(7);ddl(1);gdh(1);purK(1);gyd(12);pstS(0);adk(1)
GCA_003938105.1.fasta	efaecium	132	PERFECT	100	atpA(7);ddl(1);gdh(1);purK(1);gyd(12);pstS(1);adk(1)
GCA_003938125.1.fasta	efaecium	80	PERFECT	100	atpA(9);ddl(1);gdh(1);purK(1);gyd(12);pstS(1);adk(1)
GCA_003938135.1.fasta	efaecium	787	PERFECT	100	atpA(9);ddl(1);gdh(1);purK(1);gyd(12);pstS(7);adk(1)
GCA_003938265.1.fasta	efaecium	132	PERFECT	100	atpA(7);ddl(1);gdh(1);purK(1);gyd(12);pstS(1);adk(1)
GCA_003938275.1.fasta	efaecium	80	PERFECT	100	atpA(9);ddl(1);gdh(1);purK(1);gyd(12);pstS(1);adk(1)
GCA_003938285.1.fasta	efaecium	2329	PERFECT	100	atpA(36);ddl(1);gdh(1);purK(1);gyd(10);pstS(27);adk(1)
GCA_003938305.1.fasta	efaecium	132	PERFECT	100	atpA(7);ddl(1);gdh(1);purK(1);gyd(12);pstS(1);adk(1)
GCA_003938345.1.fasta	efaecium	2329	PERFECT	100	atpA(36);ddl(1);gdh(1);purK(1);gyd(10);pstS(27);adk(1)
GCA_003938365.1.fasta	efaecium	132	PERFECT	100	atpA(7);ddl(1);gdh(1);purK(1);gyd(12);pstS(1);adk(1)
GCA_003938375.1.fasta	efaecium	132	PERFECT	100	atpA(7);ddl(1);gdh(1);purK(1);gyd(12);pstS(1);adk(1)
GCA_003938395.1.fasta	efaecium	132	PERFECT	100	atpA(7);ddl(1);gdh(1);purK(1);gyd(12);pstS(1);adk(1)
GCA_003938445.1.fasta	efaecium	132	PERFECT	100	atpA(7);ddl(1);gdh(1);purK(1);gyd(12);pstS(1);adk(1)
GCA_003938485.1.fasta	efaecium	2329	PERFECT	100	atpA(36);ddl(1);gdh(1);purK(1);gyd(10);pstS(27);adk(1)
GCA_003938505.1.fasta	efaecium	132	PERFECT	100	atpA(7);ddl(1);gdh(1);purK(1);gyd(12);pstS(1);adk(1)
GCA_003938515.1.fasta	efaecium	132	PERFECT	100	atpA(7);ddl(1);gdh(1);purK(1);gyd(12);pstS(1);adk(1)
GCA_003938525.1.fasta	efaecium	787	PERFECT	100	atpA(9);ddl(1);gdh(1);purK(1);gyd(12);pstS(7);adk(1)
GCA_003939145.1.fasta	efaecium	132	PERFECT	100	atpA(7);ddl(1);gdh(1);purK(1);gyd(12);pstS(1);adk(1)
GCA_003939165.1.fasta	efaecium	132	PERFECT	100	atpA(7);ddl(1);gdh(1);purK(1);gyd(12);pstS(1);adk(1)
GCA_003939175.1.fasta	efaecium	132	PERFECT	100	atpA(7);ddl(1);gdh(1);purK(1);gyd(12);pstS(1);adk(1)
GCA_003939205.1.fasta	efaecium	80	PERFECT	100	atpA(9);ddl(1);gdh(1);purK(1);gyd(12);pstS(1);adk(1)
GCA_003939215.1.fasta	efaecium	132	PERFECT	100	atpA(7);ddl(1);gdh(1);purK(1);gyd(12);pstS(1);adk(1)
GCA_003939705.1.fasta	efaecium	132	PERFECT	100	atpA(7);ddl(1);gdh(1);purK(1);gyd(12);pstS(1);adk(1)
GCA_003939745.1.fasta	efaecium	612	PERFECT	100	atpA(9);ddl(1);gdh(1);purK(1);gyd(5);pstS(1);adk(1)
GCA_003939765.1.fasta	efaecium	612	PERFECT	100	atpA(9);ddl(1);gdh(1);purK(1);gyd(5);pstS(1);adk(1)
GCA_003939775.1.fasta	efaecium	132	PERFECT	100	atpA(7);ddl(1);gdh(1);purK(1);gyd(12);pstS(1);adk(1)
GCA_003940215.1.fasta	efaecium	132	PERFECT	100	atpA(7);ddl(1);gdh(1);purK(1);gyd(12);pstS(1);adk(1)
GCA_003940245.1.fasta	efaecium	132	PERFECT	100	atpA(7);ddl(1);gdh(1);purK(1);gyd(12);pstS(1);adk(1)
GCA_003940995.1.fasta	efaecium	2100	PERFECT	100	atpA(7);ddl(1);gdh(1);purK(1);gyd(12);pstS(0);adk(1)
GCA_003965125.1.fasta	efaecium	132	PERFECT	100	atpA(7);ddl(1);gdh(1);purK(1);gyd(12);pstS(1);adk(1)
GCA_003966385.1.fasta	efaecalis	729	PERFECT	100	gdh(6);gyd(10);pstS(37);gki(17);aroE(4);xpt(2);yqiL(1)
GCA_003966405.1.fasta	efaecalis	729	PERFECT	100	gdh(6);gyd(10);pstS(37);gki(17);aroE(4);xpt(2);yqiL(1)
GCA_003994935.1.fasta	cbotulinum	103	PERFECT	100	aroE(13);mdh(6);aceK(9);oppB(37);rpoB(9);recA(8);hsp(9)
GCA_004120535.1.fasta	cbotulinum	34	PERFECT	100	aroE(16);mdh(12);aceK(20);oppB(8);rpoB(10);recA(12);hsp(9)
GCA_004332055.1.fasta	efaecium	32	PERFECT	100	atpA(3);ddl(3);gdh(1);purK(2);gyd(1);pstS(1);adk(1)
GCA_004681195.1.fasta	saureus	398	PERFECT	100	arcC(3);aroE(35);glpF(19);gmk(2);pta(20);tpi(26);yqiL(39)
GCA_004684645.1.fasta	cdifficile	1	PERFECT	100	adk(1);atpA(1);dxr(1);glyA(10);recA(1);sodA(3);tpi(5)
GCA_004881865.1.fasta	campylobacter	1068	PERFECT	100	aspA(33);glnA(39);gltA(30);glyA(78);pgm(104);tkt(43);uncA(17)
GCA_004897815.1.fasta	campylobacter	902	PERFECT	100	aspA(33);glnA(39);gltA(30);glyA(79);pgm(104);tkt(43);uncA(17)
GCA_004900755.1.fasta	campylobacter	-	MIXED	90	aspA(33);glnA(39);gltA(30);glyA(78);pgm(104,104);tkt(43);uncA(17)
GCA_004915015.1.fasta	campylobacter	1248	PERFECT	100	aspA(33);glnA(153);gltA(30);glyA(82);pgm(104);tkt(35);uncA(36)
GCA_004924275.1.fasta	ecoli_achtman_4	515	PERFECT	100	adk(57);fumC(11);gyrB(1);icd(109);mdh(7);purA(8);recA(2)
GCA_004929815.1.fasta	campylobacter	1068	PERFECT	100	aspA(33);glnA(39);gltA(30);glyA(78);pgm(104);tkt(43);uncA(17)
GCA_005092425.1.fasta	campylobacter	1068	PERFECT	100	aspA(33);glnA(39);gltA(30);glyA(78);pgm(104);tkt(43);uncA(17)
GCA_005099145.1.fasta	campylobacter	1068	PERFECT	100	aspA(33);glnA(39);gltA(30);glyA(78);pgm(104);tkt(43);uncA(17)
GCA_005157845.1.fasta	campylobacter	1068	PERFECT	100	aspA(33);glnA(39);gltA(30);glyA(78);pgm(104);tkt(43);uncA(17)
GCA_005267855.1.fasta	campylobacter	1068	PERFECT	100	aspA(33);glnA(39);gltA(30);glyA(78);pgm(104);tkt(43);uncA(17)
GCA_005300865.1.fasta	campylobacter	1068	PERFECT	100	aspA(33);glnA(39);gltA(30);glyA(78);pgm(104);tkt(43);uncA(17)
GCA_005301045.1.fasta	campylobacter	1068	PERFECT	100	aspA(33);glnA(39);gltA(30);glyA(78);pgm(104);tkt(43);uncA(17)
GCA_005303585.1.fasta	campylobacter	1068	PERFECT	100	aspA(33);glnA(39);gltA(30);glyA(78);pgm(104);tkt(43);uncA(17)
GCA_005349115.1.fasta	campylobacter	1068	PERFECT	100	aspA(33);glnA(39);gltA(30);glyA(78);pgm(104);tkt(43);uncA(17)
GCA_006381095.1.fasta	cdifficile	1	PERFECT	100	adk(1);atpA(1);dxr(1);glyA(10);recA(1);sodA(3);tpi(5)
GCA_006408235.1.fasta	cdifficile	1	PERFECT	100	adk(1);atpA(1);dxr(1);glyA(10);recA(1);sodA(3);tpi(5)
GCA_006408325.1.fasta	cdifficile	1	PERFECT	100	adk(1);atpA(1);dxr(1);glyA(10);recA(1);sodA(3);tpi(5)
GCA_006454545.1.fasta	cdifficile	1	PERFECT	100	adk(1);atpA(1);dxr(1);glyA(10);recA(1);sodA(3);tpi(5)
GCA_006496695.1.fasta	saureus	5	PERFECT	100	arcC(1);aroE(4);glpF(1);gmk(4);pta(12);tpi(1);yqiL(10)
GCA_007002145.1.fasta	cdifficile	1	PERFECT	100	adk(1);atpA(1);dxr(1);glyA(10);recA(1);sodA(3);tpi(5)
GCA_007002155.1.fasta	cdifficile	1	PERFECT	100	adk(1);atpA(1);dxr(1);glyA(10);recA(1);sodA(3);tpi(5)
GCA_007002165.1.fasta	cdifficile	1	PERFECT	100	adk(1);atpA(1);dxr(1);glyA(10);recA(1);sodA(3);tpi(5)
GCA_007002205.1.fasta	cdifficile	1	PERFECT	100	adk(1);atpA(1);dxr(1);glyA(10);recA(1);sodA(3);tpi(5)
GCA_007002215.1.fasta	cdifficile	1	PERFECT	100	adk(1);atpA(1);dxr(1);glyA(10);recA(1);sodA(3);tpi(5)
GCA_007002235.1.fasta	cdifficile	1	PERFECT	100	adk(1);atpA(1);dxr(1);glyA(10);recA(1);sodA(3);tpi(5)
GCA_007002255.1.fasta	cdifficile	1	PERFECT	100	adk(1);atpA(1);dxr(1);glyA(10);recA(1);sodA(3);tpi(5)
GCA_007002265.1.fasta	cdifficile	1	PERFECT	100	adk(1);atpA(1);dxr(1);glyA(10);recA(1);sodA(3);tpi(5)
GCA_007833375.1.fasta	cbotulinum	26	PERFECT	100	aroE(9);mdh(8);aceK(7);oppB(9);rpoB(8);recA(7);hsp(8)
GCA_007833395.1.fasta	cbotulinum	25	PERFECT	100	aroE(10);mdh(8);aceK(6);oppB(10);rpoB(8);recA(7);hsp(8)
GCA_007833415.1.fasta	cbotulinum	92	PERFECT	100	aroE(13);mdh(32);aceK(13);oppB(10);rpoB(9);recA(8);hsp(9)
GCA_007833435.1.fasta	cbotulinum	22	PERFECT	100	aroE(10);mdh(8);aceK(6);oppB(9);rpoB(8);recA(7);hsp(8)
GCA_007833455.1.fasta	cbotulinum	84	PERFECT	100	aroE(11);mdh(5);aceK(11);oppB(9);rpoB(8);recA(6);hsp(8)
GCA_007833475.1.fasta	cbotulinum	70	PERFECT	100	aroE(26);mdh(22);aceK(34);oppB(26);rpoB(19);recA(18);hsp(14)
GCA_007917965.1.fasta	campylobacter	902	PERFECT	100	aspA(33);glnA(39);gltA(30);glyA(79);pgm(104);tkt(43);uncA(17)
GCA_008131625.1.fasta	efaecium	1304	PERFECT	100	atpA(3);ddl(1);gdh(1);purK(1);gyd(5);pstS(1);adk(5)
GCA_008392565.1.fasta	campylobacter	1068	PERFECT	100	aspA(33);glnA(39);gltA(30);glyA(78);pgm(104);tkt(43);uncA(17)
GCA_008763755.1.fasta	saureus	398	PERFECT	100	arcC(3);aroE(35);glpF(19);gmk(2);pta(20);tpi(26);yqiL(39)
GCA_008955795.1.fasta	campylobacter	1068	PERFECT	100	aspA(33);glnA(39);gltA(30);glyA(78);pgm(104);tkt(43);uncA(17)
GCA_009721355.1.fasta	ecoli_achtman_4	14464	PERFECT	100	adk(1769);fumC(1664);gyrB(193);icd(1804);mdh(986);purA(745);recA(866)
GCA_009733885.1.fasta	cbotulinum	9	PERFECT	100	aroE(13);mdh(6);aceK(9);oppB(10);rpoB(9);recA(8);hsp(9)
GCA_009806715.1.fasta	proteus	170	PERFECT	100	atpD(43);dnaJ(72);mdh(10);pyrC(94);recA(19);rpoD(34)
GCA_009938935.1.fasta	cbotulinum	-	NOVEL	90	aroE(13);mdh(5);aceK(17);oppB(5);rpoB(9);recA(7);hsp(6)
GCA_009939325.1.fasta	cbotulinum	-	NOVEL	90	aroE(13);mdh(5);aceK(17);oppB(5);rpoB(9);recA(7);hsp(6)
GCA_009939345.1.fasta	cbotulinum	-	NOVEL	90	aroE(13);mdh(5);aceK(17);oppB(5);rpoB(9);recA(7);hsp(6)
GCA_010078315.1.fasta	cbotulinum	-	NOVEL	90	aroE(13);mdh(5);aceK(17);oppB(5);rpoB(9);recA(7);hsp(6)
GCA_010112335.1.fasta	listeria_2	20	PERFECT	100	abcZ(17);bglA(13);cat(3);dapE(6);dat(5);ldh(7);lhkA(1)
GCA_010189145.1.fasta	salmonella	19	PERFECT	100	aroC(10);dnaN(7);hemD(12);hisD(9);purE(5);sucA(9);thrA(2)
GCA_010205765.1.fasta	campylobacter	1068	PERFECT	100	aspA(33);glnA(39);gltA(30);glyA(78);pgm(104);tkt(43);uncA(17)
GCA_010265895.1.fasta	campylobacter	1068	PERFECT	100	aspA(33);glnA(39);gltA(30);glyA(78);pgm(104);tkt(43);uncA(17)
GCA_010669265.1.fasta	saureus	5	PERFECT	100	arcC(1);aroE(4);glpF(1);gmk(4);pta(12);tpi(1);yqiL(10)
GCA_011009485.1.fasta	cbotulinum	88	PERFECT	100	aroE(34);mdh(11);aceK(20);oppB(8);rpoB(10);recA(10);hsp(9)
GCA_011009795.1.fasta	cbotulinum	-	NOVEL	90	aroE(13);mdh(5);aceK(6);oppB(5);rpoB(9);recA(7);hsp(6)
GCA_011009805.1.fasta	cbotulinum	-	NOVEL	90	aroE(13);mdh(5);aceK(17);oppB(5);rpoB(9);recA(7);hsp(6)
GCA_011009855.1.fasta	cbotulinum	14	PERFECT	100	aroE(5);mdh(2);aceK(2);oppB(4);rpoB(2);recA(5);hsp(5)
GCA_011009875.1.fasta	cbotulinum	168	PERFECT	100	aroE(13);mdh(5);aceK(57);oppB(9);rpoB(7);recA(6);hsp(8)
GCA_011009885.1.fasta	cbotulinum	168	PERFECT	100	aroE(13);mdh(5);aceK(57);oppB(9);rpoB(7);recA(6);hsp(8)
GCA_011009915.1.fasta	cbotulinum	28	PERFECT	100	aroE(14);mdh(11);aceK(14);oppB(12);rpoB(10);recA(7);hsp(8)
GCA_011009925.1.fasta	cbotulinum	2	PERFECT	100	aroE(10);mdh(8);aceK(7);oppB(9);rpoB(8);recA(7);hsp(8)
GCA_011009955.1.fasta	cbotulinum	47	PERFECT	100	aroE(20);mdh(8);aceK(25);oppB(13);rpoB(10);recA(15);hsp(12)
GCA_011009975.1.fasta	cbotulinum	16	PERFECT	100	aroE(13);mdh(7);aceK(4);oppB(8);rpoB(9);recA(7);hsp(8)
GCA_011009985.1.fasta	cbotulinum	16	PERFECT	100	aroE(13);mdh(7);aceK(4);oppB(8);rpoB(9);recA(7);hsp(8)
GCA_011010035.1.fasta	cbotulinum	-	NOVEL	90	aroE(13);mdh(5);aceK(17);oppB(5);rpoB(9);recA(7);hsp(6)
GCA_011010055.1.fasta	cbotulinum	-	NOVEL	90	aroE(13);mdh(5);aceK(17);oppB(5);rpoB(9);recA(7);hsp(6)
GCA_011010065.1.fasta	cbotulinum	-	NOVEL	90	aroE(13);mdh(5);aceK(17);oppB(5);rpoB(9);recA(7);hsp(6)
GCA_011010085.1.fasta	cbotulinum	-	NOVEL	90	aroE(13);mdh(5);aceK(17);oppB(5);rpoB(9);recA(7);hsp(6)
GCA_011010105.1.fasta	cbotulinum	-	NOVEL	90	aroE(13);mdh(5);aceK(17);oppB(5);rpoB(9);recA(7);hsp(6)
GCA_011010135.1.fasta	cbotulinum	-	NOVEL	90	aroE(13);mdh(5);aceK(6);oppB(5);rpoB(9);recA(7);hsp(6)
GCA_011010155.1.fasta	cbotulinum	-	NOVEL	90	aroE(13);mdh(5);aceK(17);oppB(5);rpoB(9);recA(7);hsp(6)
GCA_011010165.1.fasta	cbotulinum	-	NOVEL	90	aroE(13);mdh(5);aceK(17);oppB(5);rpoB(9);recA(7);hsp(6)
GCA_011010175.1.fasta	cbotulinum	-	NOVEL	90	aroE(13);mdh(5);aceK(17);oppB(5);rpoB(9);recA(7);hsp(6)
GCA_011010205.1.fasta	cbotulinum	-	NOVEL	90	aroE(13);mdh(5);aceK(17);oppB(5);rpoB(9);recA(7);hsp(6)
GCA_011010235.1.fasta	cbotulinum	7	PERFECT	100	aroE(4);mdh(2);aceK(2);oppB(4);rpoB(2);recA(5);hsp(5)
GCA_011010245.1.fasta	cbotulinum	-	NOVEL	90	aroE(13);mdh(5);aceK(17);oppB(5);rpoB(9);recA(7);hsp(6)
GCA_011010275.1.fasta	cbotulinum	14	PERFECT	100	aroE(5);mdh(2);aceK(2);oppB(4);rpoB(2);recA(5);hsp(5)
GCA_011010285.1.fasta	cbotulinum	-	NOVEL	90	aroE(13);mdh(5);aceK(6);oppB(5);rpoB(9);recA(7);hsp(6)
GCA_011010295.1.fasta	cbotulinum	-	NOVEL	90	aroE(13);mdh(5);aceK(6);oppB(5);rpoB(9);recA(7);hsp(6)
GCA_011010335.1.fasta	cbotulinum	-	OK	86	aroE(4);mdh(2);aceK(2);oppB(4);rpoB(2);recA(~5);hsp(5)
GCA_011010345.1.fasta	cbotulinum	51	PERFECT	100	aroE(13);mdh(8);aceK(15);oppB(19);rpoB(8);recA(7);hsp(8)
GCA_011010355.1.fasta	cbotulinum	51	PERFECT	100	aroE(13);mdh(8);aceK(15);oppB(19);rpoB(8);recA(7);hsp(8)
GCA_011010375.1.fasta	cbotulinum	51	PERFECT	100	aroE(13);mdh(8);aceK(15);oppB(19);rpoB(8);recA(7);hsp(8)
GCA_011010415.1.fasta	cbotulinum	19	PERFECT	100	aroE(13);mdh(10);aceK(12);oppB(10);rpoB(9);recA(8);hsp(7)
GCA_011010435.1.fasta	cbotulinum	19	PERFECT	100	aroE(13);mdh(10);aceK(12);oppB(10);rpoB(9);recA(8);hsp(7)
GCA_011010445.1.fasta	cbotulinum	19	PERFECT	100	aroE(13);mdh(10);aceK(12);oppB(10);rpoB(9);recA(8);hsp(7)
GCA_011010455.1.fasta	cbotulinum	19	PERFECT	100	aroE(13);mdh(10);aceK(12);oppB(10);rpoB(9);recA(8);hsp(7)
GCA_011010485.1.fasta	cbotulinum	52	PERFECT	100	aroE(13);mdh(5);aceK(28);oppB(9);rpoB(8);recA(7);hsp(8)
GCA_011010505.1.fasta	cbotulinum	52	PERFECT	100	aroE(13);mdh(5);aceK(28);oppB(9);rpoB(8);recA(7);hsp(8)
GCA_011010535.1.fasta	cbotulinum	52	PERFECT	100	aroE(13);mdh(5);aceK(28);oppB(9);rpoB(8);recA(7);hsp(8)
GCA_011010545.1.fasta	cbotulinum	52	PERFECT	100	aroE(13);mdh(5);aceK(28);oppB(9);rpoB(8);recA(7);hsp(8)
GCA_011010575.1.fasta	cbotulinum	52	PERFECT	100	aroE(13);mdh(5);aceK(28);oppB(9);rpoB(8);recA(7);hsp(8)
GCA_011010615.1.fasta	cbotulinum	52	PERFECT	100	aroE(13);mdh(5);aceK(28);oppB(9);rpoB(8);recA(7);hsp(8)
GCA_011010635.1.fasta	cbotulinum	2	PERFECT	100	aroE(10);mdh(8);aceK(7);oppB(9);rpoB(8);recA(7);hsp(8)
GCA_011010645.1.fasta	cbotulinum	2	PERFECT	100	aroE(10);mdh(8);aceK(7);oppB(9);rpoB(8);recA(7);hsp(8)
GCA_011010655.1.fasta	cbotulinum	2	PERFECT	100	aroE(10);mdh(8);aceK(7);oppB(9);rpoB(8);recA(7);hsp(8)
GCA_011010685.1.fasta	cbotulinum	2	PERFECT	100	aroE(10);mdh(8);aceK(7);oppB(9);rpoB(8);recA(7);hsp(8)
GCA_011010715.1.fasta	cbotulinum	2	PERFECT	100	aroE(10);mdh(8);aceK(7);oppB(9);rpoB(8);recA(7);hsp(8)
GCA_011010735.1.fasta	cbotulinum	2	PERFECT	100	aroE(10);mdh(8);aceK(7);oppB(9);rpoB(8);recA(7);hsp(8)
GCA_011010745.1.fasta	cbotulinum	-	OK	82	aroE(~13);mdh(5);aceK(7);oppB(8);rpoB(~9);recA(6);hsp(8)
GCA_011010775.1.fasta	cbotulinum	47	PERFECT	100	aroE(20);mdh(8);aceK(25);oppB(13);rpoB(10);recA(15);hsp(12)
GCA_011010785.1.fasta	cbotulinum	-	OK	82	aroE(~13);mdh(5);aceK(7);oppB(8);rpoB(~9);recA(6);hsp(8)
GCA_011010835.1.fasta	cbotulinum	2	PERFECT	100	aroE(10);mdh(8);aceK(7);oppB(9);rpoB(8);recA(7);hsp(8)
GCA_011010865.1.fasta	cbotulinum	2	PERFECT	100	aroE(10);mdh(8);aceK(7);oppB(9);rpoB(8);recA(7);hsp(8)
GCA_011010895.1.fasta	cbotulinum	2	PERFECT	100	aroE(10);mdh(8);aceK(7);oppB(9);rpoB(8);recA(7);hsp(8)
GCA_011010905.1.fasta	cbotulinum	2	PERFECT	100	aroE(10);mdh(8);aceK(7);oppB(9);rpoB(8);recA(7);hsp(8)
GCA_011010935.1.fasta	cbotulinum	-	NOVEL	90	aroE(13);mdh(5);aceK(17);oppB(5);rpoB(9);recA(7);hsp(6)
GCA_011010945.1.fasta	cbotulinum	47	PERFECT	100	aroE(20);mdh(8);aceK(25);oppB(13);rpoB(10);recA(15);hsp(12)
GCA_011010965.1.fasta	cbotulinum	2	PERFECT	100	aroE(10);mdh(8);aceK(7);oppB(9);rpoB(8);recA(7);hsp(8)
GCA_011010975.1.fasta	cbotulinum	2	PERFECT	100	aroE(10);mdh(8);aceK(7);oppB(9);rpoB(8);recA(7);hsp(8)
GCA_011011015.1.fasta	cbotulinum	2	PERFECT	100	aroE(10);mdh(8);aceK(7);oppB(9);rpoB(8);recA(7);hsp(8)
GCA_011011035.1.fasta	cbotulinum	2	PERFECT	100	aroE(10);mdh(8);aceK(7);oppB(9);rpoB(8);recA(7);hsp(8)
GCA_011011045.1.fasta	cbotulinum	2	PERFECT	100	aroE(10);mdh(8);aceK(7);oppB(9);rpoB(8);recA(7);hsp(8)
GCA_011011075.1.fasta	cbotulinum	2	PERFECT	100	aroE(10);mdh(8);aceK(7);oppB(9);rpoB(8);recA(7);hsp(8)
GCA_011011095.1.fasta	cbotulinum	2	PERFECT	100	aroE(10);mdh(8);aceK(7);oppB(9);rpoB(8);recA(7);hsp(8)
GCA_011011105.1.fasta	cbotulinum	2	PERFECT	100	aroE(10);mdh(8);aceK(7);oppB(9);rpoB(8);recA(7);hsp(8)
GCA_011011135.1.fasta	cbotulinum	2	PERFECT	100	aroE(10);mdh(8);aceK(7);oppB(9);rpoB(8);recA(7);hsp(8)
GCA_011011145.1.fasta	cbotulinum	2	PERFECT	100	aroE(10);mdh(8);aceK(7);oppB(9);rpoB(8);recA(7);hsp(8)
GCA_011011165.1.fasta	cbotulinum	2	PERFECT	100	aroE(10);mdh(8);aceK(7);oppB(9);rpoB(8);recA(7);hsp(8)
GCA_011011185.1.fasta	cbotulinum	2	PERFECT	100	aroE(10);mdh(8);aceK(7);oppB(9);rpoB(8);recA(7);hsp(8)
GCA_011011215.1.fasta	cbotulinum	2	PERFECT	100	aroE(10);mdh(8);aceK(7);oppB(9);rpoB(8);recA(7);hsp(8)
GCA_011011235.1.fasta	cbotulinum	4	PERFECT	100	aroE(9);mdh(10);aceK(6);oppB(9);rpoB(8);recA(7);hsp(8)
GCA_011011245.1.fasta	cbotulinum	4	PERFECT	100	aroE(9);mdh(10);aceK(6);oppB(9);rpoB(8);recA(7);hsp(8)
GCA_011011255.1.fasta	cbotulinum	2	PERFECT	100	aroE(10);mdh(8);aceK(7);oppB(9);rpoB(8);recA(7);hsp(8)
GCA_011011295.1.fasta	cbotulinum	-	OK	86	aroE(13);mdh(8);aceK(~40);oppB(13);rpoB(10);recA(11);hsp(9)
GCA_011011315.1.fasta	cbotulinum	-	OK	86	aroE(13);mdh(8);aceK(~40);oppB(13);rpoB(10);recA(11);hsp(9)
GCA_011011335.1.fasta	cbotulinum	-	OK	86	aroE(13);mdh(8);aceK(~40);oppB(13);rpoB(10);recA(11);hsp(9)
GCA_011011345.1.fasta	cbotulinum	-	NOVEL	90	aroE(13);mdh(8);aceK(58);oppB(16);rpoB(10);recA(11);hsp(9)
GCA_011011375.1.fasta	cbotulinum	58	PERFECT	100	aroE(13);mdh(8);aceK(15);oppB(9);rpoB(8);recA(7);hsp(8)
GCA_011011385.1.fasta	cbotulinum	4	PERFECT	100	aroE(9);mdh(10);aceK(6);oppB(9);rpoB(8);recA(7);hsp(8)
GCA_011011415.1.fasta	cbotulinum	58	PERFECT	100	aroE(13);mdh(8);aceK(15);oppB(9);rpoB(8);recA(7);hsp(8)
GCA_011011435.1.fasta	cbotulinum	58	PERFECT	100	aroE(13);mdh(8);aceK(15);oppB(9);rpoB(8);recA(7);hsp(8)
GCA_011011445.1.fasta	cbotulinum	2	PERFECT	100	aroE(10);mdh(8);aceK(7);oppB(9);rpoB(8);recA(7);hsp(8)
GCA_011011465.1.fasta	cbotulinum	2	PERFECT	100	aroE(10);mdh(8);aceK(7);oppB(9);rpoB(8);recA(7);hsp(8)
GCA_011011495.1.fasta	cbotulinum	47	PERFECT	100	aroE(20);mdh(8);aceK(25);oppB(13);rpoB(10);recA(15);hsp(12)
GCA_011011515.1.fasta	cbotulinum	47	PERFECT	100	aroE(20);mdh(8);aceK(25);oppB(13);rpoB(10);recA(15);hsp(12)
GCA_011011535.1.fasta	cbotulinum	-	MISSING	64	aroE(-);mdh(10);aceK(6);oppB(-);rpoB(8);recA(7);hsp(8)
GCA_011011545.1.fasta	cbotulinum	-	NOVEL	90	aroE(13);mdh(8);aceK(4);oppB(8);rpoB(9);recA(7);hsp(8)
GCA_011011575.1.fasta	cbotulinum	47	PERFECT	100	aroE(20);mdh(8);aceK(25);oppB(13);rpoB(10);recA(15);hsp(12)
GCA_011011585.1.fasta	cbotulinum	16	PERFECT	100	aroE(13);mdh(7);aceK(4);oppB(8);rpoB(9);recA(7);hsp(8)
GCA_011011615.1.fasta	cbotulinum	4	PERFECT	100	aroE(9);mdh(10);aceK(6);oppB(9);rpoB(8);recA(7);hsp(8)
GCA_011011635.1.fasta	cbotulinum	16	PERFECT	100	aroE(13);mdh(7);aceK(4);oppB(8);rpoB(9);recA(7);hsp(8)
GCA_011011645.1.fasta	cbotulinum	-	NOVEL	90	aroE(13);mdh(5);aceK(6);oppB(5);rpoB(9);recA(7);hsp(6)
GCA_011011665.1.fasta	cbotulinum	47	PERFECT	100	aroE(20);mdh(8);aceK(25);oppB(13);rpoB(10);recA(15);hsp(12)
GCA_011011695.1.fasta	cbotulinum	47	PERFECT	100	aroE(20);mdh(8);aceK(25);oppB(13);rpoB(10);recA(15);hsp(12)
GCA_011011715.1.fasta	cbotulinum	47	PERFECT	100	aroE(20);mdh(8);aceK(25);oppB(13);rpoB(10);recA(15);hsp(12)
GCA_011011725.1.fasta	cbotulinum	47	PERFECT	100	aroE(20);mdh(8);aceK(25);oppB(13);rpoB(10);recA(15);hsp(12)
GCA_011011735.1.fasta	cbotulinum	47	PERFECT	100	aroE(20);mdh(8);aceK(25);oppB(13);rpoB(10);recA(15);hsp(12)
GCA_011011755.1.fasta	cbotulinum	47	PERFECT	100	aroE(20);mdh(8);aceK(25);oppB(13);rpoB(10);recA(15);hsp(12)
GCA_011011765.1.fasta	cbotulinum	47	PERFECT	100	aroE(20);mdh(8);aceK(25);oppB(13);rpoB(10);recA(15);hsp(12)
GCA_011011815.1.fasta	cbotulinum	47	PERFECT	100	aroE(20);mdh(8);aceK(25);oppB(13);rpoB(10);recA(15);hsp(12)
GCA_011011835.1.fasta	cbotulinum	47	PERFECT	100	aroE(20);mdh(8);aceK(25);oppB(13);rpoB(10);recA(15);hsp(12)
GCA_011011845.1.fasta	cbotulinum	47	PERFECT	100	aroE(20);mdh(8);aceK(25);oppB(13);rpoB(10);recA(15);hsp(12)
GCA_011011865.1.fasta	cbotulinum	47	PERFECT	100	aroE(20);mdh(8);aceK(25);oppB(13);rpoB(10);recA(15);hsp(12)
GCA_011011885.1.fasta	cbotulinum	47	PERFECT	100	aroE(20);mdh(8);aceK(25);oppB(13);rpoB(10);recA(15);hsp(12)
GCA_011011895.1.fasta	cbotulinum	47	PERFECT	100	aroE(20);mdh(8);aceK(25);oppB(13);rpoB(10);recA(15);hsp(12)
GCA_011011925.1.fasta	cbotulinum	47	PERFECT	100	aroE(20);mdh(8);aceK(25);oppB(13);rpoB(10);recA(15);hsp(12)
GCA_011011955.1.fasta	cbotulinum	47	PERFECT	100	aroE(20);mdh(8);aceK(25);oppB(13);rpoB(10);recA(15);hsp(12)
GCA_011011965.1.fasta	cbotulinum	-	NOVEL	90	aroE(13);mdh(5);aceK(6);oppB(5);rpoB(9);recA(7);hsp(6)
GCA_011011995.1.fasta	cbotulinum	47	PERFECT	100	aroE(20);mdh(8);aceK(25);oppB(13);rpoB(10);recA(15);hsp(12)
GCA_011012005.1.fasta	cbotulinum	-	MIXED	90	aroE(5);mdh(2,2);aceK(2);oppB(4);rpoB(2);recA(5);hsp(5)
GCA_011012015.1.fasta	cbotulinum	16	PERFECT	100	aroE(13);mdh(7);aceK(4);oppB(8);rpoB(9);recA(7);hsp(8)
GCA_011012055.1.fasta	cbotulinum	19	PERFECT	100	aroE(13);mdh(10);aceK(12);oppB(10);rpoB(9);recA(8);hsp(7)
GCA_011012075.1.fasta	cbotulinum	2	PERFECT	100	aroE(10);mdh(8);aceK(7);oppB(9);rpoB(8);recA(7);hsp(8)
GCA_011012095.1.fasta	cbotulinum	2	PERFECT	100	aroE(10);mdh(8);aceK(7);oppB(9);rpoB(8);recA(7);hsp(8)
GCA_011012105.1.fasta	cbotulinum	-	OK	86	aroE(13);mdh(8);aceK(~40);oppB(13);rpoB(10);recA(11);hsp(9)
GCA_011012125.1.fasta	cbotulinum	2	PERFECT	100	aroE(10);mdh(8);aceK(7);oppB(9);rpoB(8);recA(7);hsp(8)
GCA_011012155.1.fasta	cbotulinum	58	PERFECT	100	aroE(13);mdh(8);aceK(15);oppB(9);rpoB(8);recA(7);hsp(8)
GCA_011012165.1.fasta	cbotulinum	58	PERFECT	100	aroE(13);mdh(8);aceK(15);oppB(9);rpoB(8);recA(7);hsp(8)
GCA_011012195.1.fasta	cbotulinum	16	PERFECT	100	aroE(13);mdh(7);aceK(4);oppB(8);rpoB(9);recA(7);hsp(8)
GCA_011012215.1.fasta	cbotulinum	47	PERFECT	100	aroE(20);mdh(8);aceK(25);oppB(13);rpoB(10);recA(15);hsp(12)
GCA_011012225.1.fasta	cbotulinum	47	PERFECT	100	aroE(20);mdh(8);aceK(25);oppB(13);rpoB(10);recA(15);hsp(12)
GCA_011012325.1.fasta	cbotulinum	79	PERFECT	100	aroE(32);mdh(27);aceK(39);oppB(31);rpoB(12);recA(13);hsp(23)
GCA_011012355.1.fasta	cbotulinum	-	OK	86	aroE(7);mdh(8);aceK(~20);oppB(6);rpoB(7);recA(4);hsp(9)
GCA_011012365.1.fasta	cbotulinum	-	OK	86	aroE(7);mdh(8);aceK(~20);oppB(6);rpoB(7);recA(4);hsp(9)
GCA_011012375.1.fasta	cbotulinum	-	OK	86	aroE(7);mdh(8);aceK(~20);oppB(6);rpoB(7);recA(4);hsp(9)
GCA_011012435.1.fasta	cbotulinum	58	PERFECT	100	aroE(13);mdh(8);aceK(15);oppB(9);rpoB(8);recA(7);hsp(8)
GCA_011012455.1.fasta	cbotulinum	88	PERFECT	100	aroE(34);mdh(11);aceK(20);oppB(8);rpoB(10);recA(10);hsp(9)
GCA_011012465.1.fasta	cbotulinum	34	PERFECT	100	aroE(16);mdh(12);aceK(20);oppB(8);rpoB(10);recA(12);hsp(9)
GCA_011012695.1.fasta	cbotulinum	34	PERFECT	100	aroE(16);mdh(12);aceK(20);oppB(8);rpoB(10);recA(12);hsp(9)
GCA_011012725.1.fasta	cbotulinum	34	PERFECT	100	aroE(16);mdh(12);aceK(20);oppB(8);rpoB(10);recA(12);hsp(9)
GCA_011012735.1.fasta	cbotulinum	-	OK	82	aroE(7);mdh(8);aceK(~20);oppB(~6);rpoB(7);recA(4);hsp(9)
GCA_011012755.1.fasta	cbotulinum	-	OK	86	aroE(7);mdh(8);aceK(~20);oppB(6);rpoB(7);recA(4);hsp(9)
GCA_011012795.1.fasta	cbotulinum	-	OK	86	aroE(7);mdh(8);aceK(~20);oppB(6);rpoB(7);recA(4);hsp(9)
GCA_011012815.1.fasta	cbotulinum	-	OK	86	aroE(7);mdh(8);aceK(~20);oppB(6);rpoB(7);recA(4);hsp(9)
GCA_011012825.1.fasta	cbotulinum	-	OK	86	aroE(7);mdh(8);aceK(~20);oppB(6);rpoB(7);recA(4);hsp(9)
GCA_011012835.1.fasta	cbotulinum	34	PERFECT	100	aroE(16);mdh(12);aceK(20);oppB(8);rpoB(10);recA(12);hsp(9)
GCA_011012875.1.fasta	cbotulinum	34	PERFECT	100	aroE(16);mdh(12);aceK(20);oppB(8);rpoB(10);recA(12);hsp(9)
GCA_011012885.1.fasta	cbotulinum	-	OK	86	aroE(7);mdh(8);aceK(~20);oppB(6);rpoB(7);recA(4);hsp(9)
GCA_011012985.1.fasta	cbotulinum	70	PERFECT	100	aroE(26);mdh(22);aceK(34);oppB(26);rpoB(19);recA(18);hsp(14)
GCA_011013055.1.fasta	cbotulinum	26	PERFECT	100	aroE(9);mdh(8);aceK(7);oppB(9);rpoB(8);recA(7);hsp(8)
GCA_011013175.1.fasta	cbotulinum	-	OK	86	aroE(13);mdh(6);aceK(13);oppB(~10);rpoB(9);recA(8);hsp(9)
GCA_011013235.1.fasta	cbotulinum	26	PERFECT	100	aroE(9);mdh(8);aceK(7);oppB(9);rpoB(8);recA(7);hsp(8)
GCA_011013255.1.fasta	cbotulinum	-	OK	86	aroE(7);mdh(8);aceK(~20);oppB(6);rpoB(7);recA(4);hsp(9)
GCA_011013265.1.fasta	cbotulinum	26	PERFECT	100	aroE(9);mdh(8);aceK(7);oppB(9);rpoB(8);recA(7);hsp(8)
GCA_011013315.1.fasta	cbotulinum	26	PERFECT	100	aroE(9);mdh(8);aceK(7);oppB(9);rpoB(8);recA(7);hsp(8)
GCA_011013335.1.fasta	cbotulinum	26	PERFECT	100	aroE(9);mdh(8);aceK(7);oppB(9);rpoB(8);recA(7);hsp(8)
GCA_011013435.1.fasta	cbotulinum	34	PERFECT	100	aroE(16);mdh(12);aceK(20);oppB(8);rpoB(10);recA(12);hsp(9)
GCA_011013545.1.fasta	cbotulinum	26	PERFECT	100	aroE(9);mdh(8);aceK(7);oppB(9);rpoB(8);recA(7);hsp(8)
GCA_011013585.1.fasta	cbotulinum	26	PERFECT	100	aroE(9);mdh(8);aceK(7);oppB(9);rpoB(8);recA(7);hsp(8)
GCA_011013615.1.fasta	cbotulinum	-	OK	86	aroE(7);mdh(8);aceK(~20);oppB(6);rpoB(7);recA(4);hsp(9)
GCA_011013635.1.fasta	cbotulinum	-	OK	82	aroE(~7);mdh(8);aceK(~20);oppB(6);rpoB(7);recA(4);hsp(9)
GCA_011013655.1.fasta	cbotulinum	79	PERFECT	100	aroE(32);mdh(27);aceK(39);oppB(31);rpoB(12);recA(13);hsp(23)
GCA_011013665.1.fasta	cbotulinum	70	PERFECT	100	aroE(26);mdh(22);aceK(34);oppB(26);rpoB(19);recA(18);hsp(14)
GCA_011013675.1.fasta	cbotulinum	-	OK	86	aroE(7);mdh(8);aceK(~20);oppB(6);rpoB(7);recA(4);hsp(9)
GCA_011013685.1.fasta	cbotulinum	34	PERFECT	100	aroE(16);mdh(12);aceK(20);oppB(8);rpoB(10);recA(12);hsp(9)
GCA_011013735.1.fasta	cbotulinum	1	PERFECT	100	aroE(13);mdh(6);aceK(13);oppB(10);rpoB(9);recA(8);hsp(9)
GCA_011013785.1.fasta	cbotulinum	1	PERFECT	100	aroE(13);mdh(6);aceK(13);oppB(10);rpoB(9);recA(8);hsp(9)
GCA_011013815.1.fasta	cbotulinum	-	OK	86	aroE(7);mdh(8);aceK(~20);oppB(6);rpoB(7);recA(4);hsp(9)
GCA_011013835.1.fasta	cbotulinum	1	PERFECT	100	aroE(13);mdh(6);aceK(13);oppB(10);rpoB(9);recA(8);hsp(9)
GCA_011013865.1.fasta	cbotulinum	-	OK	86	aroE(7);mdh(8);aceK(~20);oppB(6);rpoB(7);recA(4);hsp(9)
GCA_011013885.1.fasta	cbotulinum	-	OK	86	aroE(7);mdh(8);aceK(~20);oppB(6);rpoB(7);recA(4);hsp(9)
GCA_011013905.1.fasta	cbotulinum	-	OK	86	aroE(7);mdh(8);aceK(~20);oppB(6);rpoB(7);recA(4);hsp(9)
GCA_011013935.1.fasta	cbotulinum	3	PERFECT	100	aroE(3);mdh(3);aceK(5);oppB(2);rpoB(3);recA(3);hsp(3)
GCA_011013955.1.fasta	cbotulinum	34	PERFECT	100	aroE(16);mdh(12);aceK(20);oppB(8);rpoB(10);recA(12);hsp(9)
GCA_011013965.1.fasta	cbotulinum	-	OK	86	aroE(7);mdh(8);aceK(~20);oppB(6);rpoB(7);recA(4);hsp(9)
GCA_011013975.1.fasta	cbotulinum	34	PERFECT	100	aroE(16);mdh(12);aceK(20);oppB(8);rpoB(10);recA(12);hsp(9)
GCA_011014015.1.fasta	cbotulinum	30	PERFECT	100	aroE(13);mdh(6);aceK(16);oppB(10);rpoB(9);recA(9);hsp(9)
GCA_011014035.1.fasta	cbotulinum	30	PERFECT	100	aroE(13);mdh(6);aceK(16);oppB(10);rpoB(9);recA(9);hsp(9)
GCA_011014055.1.fasta	cbotulinum	-	OK	86	aroE(7);mdh(8);aceK(~20);oppB(6);rpoB(7);recA(4);hsp(9)
GCA_011014085.1.fasta	cbotulinum	-	OK	86	aroE(7);mdh(8);aceK(~20);oppB(6);rpoB(7);recA(4);hsp(9)
GCA_011014095.1.fasta	cbotulinum	-	OK	86	aroE(7);mdh(8);aceK(~20);oppB(6);rpoB(7);recA(4);hsp(9)
GCA_011014135.1.fasta	cbotulinum	-	OK	86	aroE(7);mdh(8);aceK(~20);oppB(6);rpoB(7);recA(4);hsp(9)
GCA_011014155.1.fasta	cbotulinum	-	OK	86	aroE(7);mdh(8);aceK(~20);oppB(6);rpoB(7);recA(4);hsp(9)
GCA_011014175.1.fasta	cbotulinum	-	OK	86	aroE(7);mdh(8);aceK(~20);oppB(6);rpoB(7);recA(4);hsp(9)
GCA_011014195.1.fasta	cbotulinum	-	OK	82	aroE(7);mdh(8);aceK(~20);oppB(~6);rpoB(7);recA(4);hsp(9)
GCA_011014215.1.fasta	cbotulinum	-	OK	86	aroE(7);mdh(8);aceK(~20);oppB(6);rpoB(7);recA(4);hsp(9)
GCA_011014225.1.fasta	cbotulinum	-	OK	86	aroE(7);mdh(8);aceK(~20);oppB(6);rpoB(7);recA(4);hsp(9)
GCA_011014255.1.fasta	cbotulinum	-	OK	86	aroE(7);mdh(8);aceK(~20);oppB(6);rpoB(7);recA(4);hsp(9)
GCA_011014265.1.fasta	cbotulinum	-	OK	86	aroE(7);mdh(8);aceK(~20);oppB(6);rpoB(7);recA(4);hsp(9)
GCA_011014295.1.fasta	cbotulinum	-	OK	86	aroE(7);mdh(8);aceK(~20);oppB(6);rpoB(7);recA(4);hsp(9)
GCA_011014305.1.fasta	cbotulinum	-	OK	86	aroE(7);mdh(8);aceK(~20);oppB(6);rpoB(7);recA(4);hsp(9)
GCA_011014335.1.fasta	cbotulinum	28	PERFECT	100	aroE(14);mdh(11);aceK(14);oppB(12);rpoB(10);recA(7);hsp(8)
GCA_011014345.1.fasta	cbotulinum	1	PERFECT	100	aroE(13);mdh(6);aceK(13);oppB(10);rpoB(9);recA(8);hsp(9)
GCA_011014375.1.fasta	cbotulinum	1	PERFECT	100	aroE(13);mdh(6);aceK(13);oppB(10);rpoB(9);recA(8);hsp(9)
GCA_011014395.1.fasta	cbotulinum	-	OK	86	aroE(13);mdh(6);aceK(13);oppB(~10);rpoB(9);recA(8);hsp(9)
GCA_011014415.1.fasta	cbotulinum	1	PERFECT	100	aroE(13);mdh(6);aceK(13);oppB(10);rpoB(9);recA(8);hsp(9)
GCA_011014425.1.fasta	cbotulinum	3	PERFECT	100	aroE(3);mdh(3);aceK(5);oppB(2);rpoB(3);recA(3);hsp(3)
GCA_011014445.1.fasta	cbotulinum	1	PERFECT	100	aroE(13);mdh(6);aceK(13);oppB(10);rpoB(9);recA(8);hsp(9)
GCA_011014475.1.fasta	cbotulinum	1	PERFECT	100	aroE(13);mdh(6);aceK(13);oppB(10);rpoB(9);recA(8);hsp(9)
GCA_011014515.1.fasta	cbotulinum	70	PERFECT	100	aroE(26);mdh(22);aceK(34);oppB(26);rpoB(19);recA(18);hsp(14)
GCA_011014545.1.fasta	cbotulinum	184	PERFECT	100	aroE(14);mdh(17);aceK(24);oppB(12);rpoB(10);recA(7);hsp(8)
GCA_011014565.1.fasta	cbotulinum	184	PERFECT	100	aroE(14);mdh(17);aceK(24);oppB(12);rpoB(10);recA(7);hsp(8)
GCA_011014595.1.fasta	cbotulinum	28	PERFECT	100	aroE(14);mdh(11);aceK(14);oppB(12);rpoB(10);recA(7);hsp(8)
GCA_011014735.1.fasta	cbotulinum	2	PERFECT	100	aroE(10);mdh(8);aceK(7);oppB(9);rpoB(8);recA(7);hsp(8)
GCA_011014745.1.fasta	cbotulinum	59	PERFECT	100	aroE(13);mdh(5);aceK(14);oppB(8);rpoB(8);recA(7);hsp(8)
GCA_011014775.1.fasta	cbotulinum	59	PERFECT	100	aroE(13);mdh(5);aceK(14);oppB(8);rpoB(8);recA(7);hsp(8)
GCA_011014825.1.fasta	cbotulinum	168	PERFECT	100	aroE(13);mdh(5);aceK(57);oppB(9);rpoB(7);recA(6);hsp(8)
GCA_011014925.1.fasta	cbotulinum	59	PERFECT	100	aroE(13);mdh(5);aceK(14);oppB(8);rpoB(8);recA(7);hsp(8)
GCA_011014955.1.fasta	cbotulinum	59	PERFECT	100	aroE(13);mdh(5);aceK(14);oppB(8);rpoB(8);recA(7);hsp(8)
GCA_011014965.1.fasta	cbotulinum	59	PERFECT	100	aroE(13);mdh(5);aceK(14);oppB(8);rpoB(8);recA(7);hsp(8)
GCA_011014995.1.fasta	cbotulinum	-	OK	86	aroE(10);mdh(10);aceK(12);oppB(~10);rpoB(9);recA(8);hsp(7)
GCA_011015015.1.fasta	cbotulinum	19	PERFECT	100	aroE(13);mdh(10);aceK(12);oppB(10);rpoB(9);recA(8);hsp(7)
GCA_011015195.1.fasta	cbotulinum	10	PERFECT	100	aroE(11);mdh(5);aceK(11);oppB(5);rpoB(8);recA(6);hsp(8)
GCA_011015305.1.fasta	cbotulinum	67	PERFECT	100	aroE(10);mdh(10);aceK(12);oppB(10);rpoB(9);recA(8);hsp(7)
GCA_011015315.1.fasta	cbotulinum	67	PERFECT	100	aroE(10);mdh(10);aceK(12);oppB(10);rpoB(9);recA(8);hsp(7)
GCA_011015335.1.fasta	cbotulinum	10	PERFECT	100	aroE(11);mdh(5);aceK(11);oppB(5);rpoB(8);recA(6);hsp(8)
GCA_011015395.1.fasta	cbotulinum	28	PERFECT	100	aroE(14);mdh(11);aceK(14);oppB(12);rpoB(10);recA(7);hsp(8)
GCA_011015415.1.fasta	cbotulinum	47	PERFECT	100	aroE(20);mdh(8);aceK(25);oppB(13);rpoB(10);recA(15);hsp(12)
GCA_011015425.1.fasta	cbotulinum	3	PERFECT	100	aroE(3);mdh(3);aceK(5);oppB(2);rpoB(3);recA(3);hsp(3)
GCA_011015435.1.fasta	cbotulinum	16	PERFECT	100	aroE(13);mdh(7);aceK(4);oppB(8);rpoB(9);recA(7);hsp(8)
GCA_011015475.1.fasta	cbotulinum	47	PERFECT	100	aroE(20);mdh(8);aceK(25);oppB(13);rpoB(10);recA(15);hsp(12)
GCA_011015495.1.fasta	cbotulinum	47	PERFECT	100	aroE(20);mdh(8);aceK(25);oppB(13);rpoB(10);recA(15);hsp(12)
GCA_011015505.1.fasta	cbotulinum	47	PERFECT	100	aroE(20);mdh(8);aceK(25);oppB(13);rpoB(10);recA(15);hsp(12)
GCA_011015535.1.fasta	cbotulinum	47	PERFECT	100	aroE(20);mdh(8);aceK(25);oppB(13);rpoB(10);recA(15);hsp(12)
GCA_011015545.1.fasta	cbotulinum	47	PERFECT	100	aroE(20);mdh(8);aceK(25);oppB(13);rpoB(10);recA(15);hsp(12)
GCA_011015555.1.fasta	cbotulinum	47	PERFECT	100	aroE(20);mdh(8);aceK(25);oppB(13);rpoB(10);recA(15);hsp(12)
GCA_011015595.1.fasta	cbotulinum	47	PERFECT	100	aroE(20);mdh(8);aceK(25);oppB(13);rpoB(10);recA(15);hsp(12)
GCA_011015615.1.fasta	cbotulinum	47	PERFECT	100	aroE(20);mdh(8);aceK(25);oppB(13);rpoB(10);recA(15);hsp(12)
GCA_011015635.1.fasta	cbotulinum	-	NOVEL	90	aroE(13);mdh(8);aceK(7);oppB(13);rpoB(10);recA(15);hsp(18)
GCA_011015655.1.fasta	cbotulinum	47	PERFECT	100	aroE(20);mdh(8);aceK(25);oppB(13);rpoB(10);recA(15);hsp(12)
GCA_011015665.1.fasta	cbotulinum	47	PERFECT	100	aroE(20);mdh(8);aceK(25);oppB(13);rpoB(10);recA(15);hsp(12)
GCA_011015685.1.fasta	cbotulinum	47	PERFECT	100	aroE(20);mdh(8);aceK(25);oppB(13);rpoB(10);recA(15);hsp(12)
GCA_011015715.1.fasta	cbotulinum	47	PERFECT	100	aroE(20);mdh(8);aceK(25);oppB(13);rpoB(10);recA(15);hsp(12)
GCA_011015735.1.fasta	cbotulinum	47	PERFECT	100	aroE(20);mdh(8);aceK(25);oppB(13);rpoB(10);recA(15);hsp(12)
GCA_011015795.1.fasta	cbotulinum	-	OK	83	aroE(20?);mdh(8);aceK(25);oppB(13);rpoB(10);recA(15);hsp(12)
GCA_011016045.1.fasta	cbotulinum	47	PERFECT	100	aroE(20);mdh(8);aceK(25);oppB(13);rpoB(10);recA(15);hsp(12)
GCA_011016095.1.fasta	cbotulinum	-	OK	86	aroE(7);mdh(8);aceK(~20);oppB(6);rpoB(7);recA(4);hsp(9)
GCA_011017095.1.fasta	cbotulinum	13	PERFECT	100	aroE(7);mdh(8);aceK(8);oppB(6);rpoB(7);recA(4);hsp(9)
GCA_011017115.1.fasta	cbotulinum	-	OK	86	aroE(26);mdh(22);aceK(34);oppB(~26);rpoB(19);recA(18);hsp(14)
GCA_011017125.1.fasta	cbotulinum	56	PERFECT	100	aroE(13);mdh(8);aceK(31);oppB(22);rpoB(10);recA(11);hsp(18)
GCA_011017145.1.fasta	cbotulinum	57	PERFECT	100	aroE(13);mdh(8);aceK(32);oppB(5);rpoB(8);recA(6);hsp(8)
GCA_011017175.1.fasta	cbotulinum	9	PERFECT	100	aroE(13);mdh(6);aceK(9);oppB(10);rpoB(9);recA(8);hsp(9)
GCA_011017235.1.fasta	cbotulinum	34	PERFECT	100	aroE(16);mdh(12);aceK(20);oppB(8);rpoB(10);recA(12);hsp(9)
GCA_011017375.1.fasta	cbotulinum	88	PERFECT	100	aroE(34);mdh(11);aceK(20);oppB(8);rpoB(10);recA(10);hsp(9)
GCA_011017455.1.fasta	cbotulinum	1	PERFECT	100	aroE(13);mdh(6);aceK(13);oppB(10);rpoB(9);recA(8);hsp(9)
GCA_011017465.1.fasta	cbotulinum	4	PERFECT	100	aroE(9);mdh(10);aceK(6);oppB(9);rpoB(8);recA(7);hsp(8)
GCA_011017495.1.fasta	cbotulinum	1	PERFECT	100	aroE(13);mdh(6);aceK(13);oppB(10);rpoB(9);recA(8);hsp(9)
GCA_011017505.1.fasta	cbotulinum	4	PERFECT	100	aroE(9);mdh(10);aceK(6);oppB(9);rpoB(8);recA(7);hsp(8)
GCA_011017535.1.fasta	cbotulinum	4	PERFECT	100	aroE(9);mdh(10);aceK(6);oppB(9);rpoB(8);recA(7);hsp(8)
GCA_011017545.1.fasta	cbotulinum	1	PERFECT	100	aroE(13);mdh(6);aceK(13);oppB(10);rpoB(9);recA(8);hsp(9)
GCA_011017575.1.fasta	cbotulinum	7	PERFECT	100	aroE(4);mdh(2);aceK(2);oppB(4);rpoB(2);recA(5);hsp(5)
GCA_011017585.1.fasta	cbotulinum	1	PERFECT	100	aroE(13);mdh(6);aceK(13);oppB(10);rpoB(9);recA(8);hsp(9)
GCA_011017615.1.fasta	cbotulinum	1	PERFECT	100	aroE(13);mdh(6);aceK(13);oppB(10);rpoB(9);recA(8);hsp(9)
GCA_011017635.1.fasta	cbotulinum	58	PERFECT	100	aroE(13);mdh(8);aceK(15);oppB(9);rpoB(8);recA(7);hsp(8)
GCA_011017645.1.fasta	cbotulinum	88	PERFECT	100	aroE(34);mdh(11);aceK(20);oppB(8);rpoB(10);recA(10);hsp(9)
GCA_011017655.1.fasta	cbotulinum	59	PERFECT	100	aroE(13);mdh(5);aceK(14);oppB(8);rpoB(8);recA(7);hsp(8)
GCA_011017685.1.fasta	cbotulinum	34	PERFECT	100	aroE(16);mdh(12);aceK(20);oppB(8);rpoB(10);recA(12);hsp(9)
GCA_011017715.1.fasta	cbotulinum	-	OK	82	aroE(~8);mdh(6);aceK(13);oppB(~5);rpoB(9);recA(8);hsp(9)
GCA_011017735.1.fasta	cbotulinum	1	PERFECT	100	aroE(13);mdh(6);aceK(13);oppB(10);rpoB(9);recA(8);hsp(9)
GCA_011017755.1.fasta	cbotulinum	3	PERFECT	100	aroE(3);mdh(3);aceK(5);oppB(2);rpoB(3);recA(3);hsp(3)
GCA_011017765.1.fasta	cbotulinum	88	PERFECT	100	aroE(34);mdh(11);aceK(20);oppB(8);rpoB(10);recA(10);hsp(9)
GCA_011017775.1.fasta	cbotulinum	22	PERFECT	100	aroE(10);mdh(8);aceK(6);oppB(9);rpoB(8);recA(7);hsp(8)
GCA_011017785.1.fasta	cbotulinum	88	PERFECT	100	aroE(34);mdh(11);aceK(20);oppB(8);rpoB(10);recA(10);hsp(9)
GCA_011017835.1.fasta	cbotulinum	88	PERFECT	100	aroE(34);mdh(11);aceK(20);oppB(8);rpoB(10);recA(10);hsp(9)
GCA_011017845.1.fasta	cbotulinum	88	PERFECT	100	aroE(34);mdh(11);aceK(20);oppB(8);rpoB(10);recA(10);hsp(9)
GCA_011017875.1.fasta	cbotulinum	88	PERFECT	100	aroE(34);mdh(11);aceK(20);oppB(8);rpoB(10);recA(10);hsp(9)
GCA_011017885.1.fasta	cbotulinum	34	PERFECT	100	aroE(16);mdh(12);aceK(20);oppB(8);rpoB(10);recA(12);hsp(9)
GCA_011017895.1.fasta	cbotulinum	88	PERFECT	100	aroE(34);mdh(11);aceK(20);oppB(8);rpoB(10);recA(10);hsp(9)
GCA_011017935.1.fasta	cbotulinum	34	PERFECT	100	aroE(16);mdh(12);aceK(20);oppB(8);rpoB(10);recA(12);hsp(9)
GCA_011017955.1.fasta	cbotulinum	34	PERFECT	100	aroE(16);mdh(12);aceK(20);oppB(8);rpoB(10);recA(12);hsp(9)
GCA_011017965.1.fasta	cbotulinum	1	PERFECT	100	aroE(13);mdh(6);aceK(13);oppB(10);rpoB(9);recA(8);hsp(9)
GCA_011017975.1.fasta	cbotulinum	3	PERFECT	100	aroE(3);mdh(3);aceK(5);oppB(2);rpoB(3);recA(3);hsp(3)
GCA_011017995.1.fasta	cbotulinum	-	OK	86	aroE(7);mdh(8);aceK(~20);oppB(6);rpoB(7);recA(4);hsp(9)
GCA_011018035.1.fasta	cbotulinum	70	PERFECT	100	aroE(26);mdh(22);aceK(34);oppB(26);rpoB(19);recA(18);hsp(14)
GCA_011018085.1.fasta	cbotulinum	70	PERFECT	100	aroE(26);mdh(22);aceK(34);oppB(26);rpoB(19);recA(18);hsp(14)
GCA_011018275.1.fasta	cbotulinum	1	PERFECT	100	aroE(13);mdh(6);aceK(13);oppB(10);rpoB(9);recA(8);hsp(9)
GCA_011018285.1.fasta	cbotulinum	148	PERFECT	100	aroE(13);mdh(8);aceK(7);oppB(10);rpoB(9);recA(8);hsp(9)
GCA_011018295.1.fasta	cbotulinum	22	PERFECT	100	aroE(10);mdh(8);aceK(6);oppB(9);rpoB(8);recA(7);hsp(8)
GCA_011018385.1.fasta	cbotulinum	4	PERFECT	100	aroE(9);mdh(10);aceK(6);oppB(9);rpoB(8);recA(7);hsp(8)
GCA_011018395.1.fasta	cbotulinum	34	PERFECT	100	aroE(16);mdh(12);aceK(20);oppB(8);rpoB(10);recA(12);hsp(9)
GCA_011018525.1.fasta	cbotulinum	1	PERFECT	100	aroE(13);mdh(6);aceK(13);oppB(10);rpoB(9);recA(8);hsp(9)
GCA_011018575.1.fasta	cbotulinum	34	PERFECT	100	aroE(16);mdh(12);aceK(20);oppB(8);rpoB(10);recA(12);hsp(9)
GCA_011018595.1.fasta	cbotulinum	34	PERFECT	100	aroE(16);mdh(12);aceK(20);oppB(8);rpoB(10);recA(12);hsp(9)
GCA_011018625.1.fasta	cbotulinum	59	PERFECT	100	aroE(13);mdh(5);aceK(14);oppB(8);rpoB(8);recA(7);hsp(8)
GCA_011018675.1.fasta	cbotulinum	1	PERFECT	100	aroE(13);mdh(6);aceK(13);oppB(10);rpoB(9);recA(8);hsp(9)
GCA_011018725.1.fasta	cbotulinum	13	PERFECT	100	aroE(7);mdh(8);aceK(8);oppB(6);rpoB(7);recA(4);hsp(9)
GCA_011018795.1.fasta	cbotulinum	30	PERFECT	100	aroE(13);mdh(6);aceK(16);oppB(10);rpoB(9);recA(9);hsp(9)
GCA_011018815.1.fasta	cbotulinum	86	PERFECT	100	aroE(13);mdh(5);aceK(11);oppB(9);rpoB(8);recA(6);hsp(8)
GCA_011018895.1.fasta	cbotulinum	34	PERFECT	100	aroE(16);mdh(12);aceK(20);oppB(8);rpoB(10);recA(12);hsp(9)
GCA_011018945.1.fasta	cbotulinum	34	PERFECT	100	aroE(16);mdh(12);aceK(20);oppB(8);rpoB(10);recA(12);hsp(9)
GCA_011018995.1.fasta	cbotulinum	30	PERFECT	100	aroE(13);mdh(6);aceK(16);oppB(10);rpoB(9);recA(9);hsp(9)
GCA_011019005.1.fasta	cbotulinum	1	PERFECT	100	aroE(13);mdh(6);aceK(13);oppB(10);rpoB(9);recA(8);hsp(9)
GCA_011019055.1.fasta	cbotulinum	3	PERFECT	100	aroE(3);mdh(3);aceK(5);oppB(2);rpoB(3);recA(3);hsp(3)
GCA_011019065.1.fasta	cbotulinum	22	PERFECT	100	aroE(10);mdh(8);aceK(6);oppB(9);rpoB(8);recA(7);hsp(8)
GCA_011019095.1.fasta	cbotulinum	88	PERFECT	100	aroE(34);mdh(11);aceK(20);oppB(8);rpoB(10);recA(10);hsp(9)
GCA_011019125.1.fasta	cbotulinum	9	PERFECT	100	aroE(13);mdh(6);aceK(9);oppB(10);rpoB(9);recA(8);hsp(9)
GCA_011019165.1.fasta	cbotulinum	30	PERFECT	100	aroE(13);mdh(6);aceK(16);oppB(10);rpoB(9);recA(9);hsp(9)
GCA_011019215.1.fasta	cbotulinum	184	PERFECT	100	aroE(14);mdh(17);aceK(24);oppB(12);rpoB(10);recA(7);hsp(8)
GCA_011019275.1.fasta	cbotulinum	-	NOVEL	90	aroE(22);mdh(4);aceK(3);oppB(54);rpoB(4);recA(2);hsp(16)
GCA_011019415.1.fasta	cbotulinum	34	PERFECT	100	aroE(16);mdh(12);aceK(20);oppB(8);rpoB(10);recA(12);hsp(9)
GCA_011019425.1.fasta	cbotulinum	1	PERFECT	100	aroE(13);mdh(6);aceK(13);oppB(10);rpoB(9);recA(8);hsp(9)
GCA_011019455.1.fasta	cbotulinum	1	PERFECT	100	aroE(13);mdh(6);aceK(13);oppB(10);rpoB(9);recA(8);hsp(9)
GCA_011019565.1.fasta	cbotulinum	-	OK	86	aroE(~2);mdh(4);aceK(3);oppB(3);rpoB(4);recA(2);hsp(16)
GCA_011019575.1.fasta	cbotulinum	-	OK	86	aroE(~2);mdh(4);aceK(3);oppB(3);rpoB(4);recA(2);hsp(16)
GCA_011019625.1.fasta	cbotulinum	1	PERFECT	100	aroE(13);mdh(6);aceK(13);oppB(10);rpoB(9);recA(8);hsp(9)
GCA_011019675.1.fasta	cbotulinum	-	OK	78	aroE(~27);mdh(20);aceK(47);oppB(~57);rpoB(20);recA(19);hsp(~23)
GCA_011019745.1.fasta	cbotulinum	58	PERFECT	100	aroE(13);mdh(8);aceK(15);oppB(9);rpoB(8);recA(7);hsp(8)
GCA_011019775.1.fasta	cbotulinum	-	OK	86	aroE(7);mdh(8);aceK(~20);oppB(6);rpoB(7);recA(4);hsp(9)
GCA_011019895.1.fasta	cbotulinum	-	OK	86	aroE(7);mdh(8);aceK(~20);oppB(6);rpoB(7);recA(4);hsp(9)
GCA_011019915.1.fasta	cbotulinum	-	OK	86	aroE(7);mdh(8);aceK(~20);oppB(6);rpoB(7);recA(4);hsp(9)
GCA_011019945.1.fasta	cbotulinum	58	PERFECT	100	aroE(13);mdh(8);aceK(15);oppB(9);rpoB(8);recA(7);hsp(8)
GCA_011019975.1.fasta	cbotulinum	-	OK	86	aroE(7);mdh(8);aceK(~20);oppB(6);rpoB(7);recA(4);hsp(9)
GCA_011020005.1.fasta	cbotulinum	34	PERFECT	100	aroE(16);mdh(12);aceK(20);oppB(8);rpoB(10);recA(12);hsp(9)
GCA_011020015.1.fasta	cbotulinum	34	PERFECT	100	aroE(16);mdh(12);aceK(20);oppB(8);rpoB(10);recA(12);hsp(9)
GCA_011020075.1.fasta	cbotulinum	67	PERFECT	100	aroE(10);mdh(10);aceK(12);oppB(10);rpoB(9);recA(8);hsp(7)
GCA_011020115.1.fasta	cbotulinum	-	OK	86	aroE(14);mdh(16);aceK(24);oppB(13);rpoB(10);recA(7);hsp(~8)
GCA_011020175.1.fasta	cbotulinum	58	PERFECT	100	aroE(13);mdh(8);aceK(15);oppB(9);rpoB(8);recA(7);hsp(8)
GCA_011020195.1.fasta	cbotulinum	1	PERFECT	100	aroE(13);mdh(6);aceK(13);oppB(10);rpoB(9);recA(8);hsp(9)
GCA_011020255.1.fasta	cbotulinum	-	OK	86	aroE(7);mdh(8);aceK(~20);oppB(6);rpoB(7);recA(4);hsp(9)
GCA_011020275.1.fasta	cbotulinum	1	PERFECT	100	aroE(13);mdh(6);aceK(13);oppB(10);rpoB(9);recA(8);hsp(9)
GCA_011020285.1.fasta	cbotulinum	1	PERFECT	100	aroE(13);mdh(6);aceK(13);oppB(10);rpoB(9);recA(8);hsp(9)
GCA_011020525.1.fasta	cbotulinum	-	OK	86	aroE(7);mdh(8);aceK(~20);oppB(6);rpoB(7);recA(4);hsp(9)
GCA_011020535.1.fasta	cbotulinum	13	PERFECT	100	aroE(7);mdh(8);aceK(8);oppB(6);rpoB(7);recA(4);hsp(9)
GCA_011020595.1.fasta	cbotulinum	13	PERFECT	100	aroE(7);mdh(8);aceK(8);oppB(6);rpoB(7);recA(4);hsp(9)
GCA_011020655.1.fasta	cbotulinum	34	PERFECT	100	aroE(16);mdh(12);aceK(20);oppB(8);rpoB(10);recA(12);hsp(9)
GCA_011020665.1.fasta	cbotulinum	51	PERFECT	100	aroE(13);mdh(8);aceK(15);oppB(19);rpoB(8);recA(7);hsp(8)
GCA_011020735.1.fasta	cbotulinum	-	MISSING	77	aroE(-);mdh(8);aceK(15);oppB(19);rpoB(8);recA(7);hsp(8)
GCA_011020815.1.fasta	cbotulinum	-	OK	83	aroE(20?);mdh(6);aceK(9);oppB(10);rpoB(9);recA(8);hsp(9)
GCA_011020875.1.fasta	cbotulinum	168	PERFECT	100	aroE(13);mdh(5);aceK(57);oppB(9);rpoB(7);recA(6);hsp(8)
GCA_011020895.1.fasta	cbotulinum	34	PERFECT	100	aroE(16);mdh(12);aceK(20);oppB(8);rpoB(10);recA(12);hsp(9)
GCA_011020915.1.fasta	cbotulinum	1	PERFECT	100	aroE(13);mdh(6);aceK(13);oppB(10);rpoB(9);recA(8);hsp(9)
GCA_011020965.1.fasta	cbotulinum	1	PERFECT	100	aroE(13);mdh(6);aceK(13);oppB(10);rpoB(9);recA(8);hsp(9)
GCA_011020995.1.fasta	cbotulinum	1	PERFECT	100	aroE(13);mdh(6);aceK(13);oppB(10);rpoB(9);recA(8);hsp(9)
GCA_011021125.1.fasta	cbotulinum	22	PERFECT	100	aroE(10);mdh(8);aceK(6);oppB(9);rpoB(8);recA(7);hsp(8)
GCA_011021155.1.fasta	cbotulinum	-	OK	86	aroE(~2);mdh(4);aceK(3);oppB(3);rpoB(4);recA(2);hsp(16)
GCA_011021165.1.fasta	cbotulinum	-	OK	86	aroE(~2);mdh(4);aceK(3);oppB(3);rpoB(4);recA(2);hsp(16)
GCA_011021195.1.fasta	cbotulinum	-	OK	86	aroE(~2);mdh(4);aceK(3);oppB(3);rpoB(4);recA(2);hsp(16)
GCA_011021225.1.fasta	cbotulinum	-	OK	86	aroE(~2);mdh(4);aceK(3);oppB(3);rpoB(4);recA(2);hsp(16)
GCA_011021325.1.fasta	cbotulinum	30	PERFECT	100	aroE(13);mdh(6);aceK(16);oppB(10);rpoB(9);recA(9);hsp(9)
GCA_011021335.1.fasta	cbotulinum	30	PERFECT	100	aroE(13);mdh(6);aceK(16);oppB(10);rpoB(9);recA(9);hsp(9)
GCA_011021375.1.fasta	cbotulinum	1	PERFECT	100	aroE(13);mdh(6);aceK(13);oppB(10);rpoB(9);recA(8);hsp(9)
GCA_011021435.1.fasta	cbotulinum	34	PERFECT	100	aroE(16);mdh(12);aceK(20);oppB(8);rpoB(10);recA(12);hsp(9)
GCA_011021495.1.fasta	cbotulinum	34	PERFECT	100	aroE(16);mdh(12);aceK(20);oppB(8);rpoB(10);recA(12);hsp(9)
GCA_011021515.1.fasta	cbotulinum	1	PERFECT	100	aroE(13);mdh(6);aceK(13);oppB(10);rpoB(9);recA(8);hsp(9)
GCA_011021535.1.fasta	cbotulinum	30	PERFECT	100	aroE(13);mdh(6);aceK(16);oppB(10);rpoB(9);recA(9);hsp(9)
GCA_011021545.1.fasta	cbotulinum	22	PERFECT	100	aroE(10);mdh(8);aceK(6);oppB(9);rpoB(8);recA(7);hsp(8)
GCA_011021615.1.fasta	cbotulinum	1	PERFECT	100	aroE(13);mdh(6);aceK(13);oppB(10);rpoB(9);recA(8);hsp(9)
GCA_011021655.1.fasta	cbotulinum	30	PERFECT	100	aroE(13);mdh(6);aceK(16);oppB(10);rpoB(9);recA(9);hsp(9)
GCA_011021735.1.fasta	cbotulinum	1	PERFECT	100	aroE(13);mdh(6);aceK(13);oppB(10);rpoB(9);recA(8);hsp(9)
GCA_011021755.1.fasta	cbotulinum	59	PERFECT	100	aroE(13);mdh(5);aceK(14);oppB(8);rpoB(8);recA(7);hsp(8)
GCA_011021765.1.fasta	cbotulinum	-	OK	86	aroE(7);mdh(8);aceK(~20);oppB(6);rpoB(7);recA(4);hsp(9)
GCA_011021875.1.fasta	cbotulinum	70	PERFECT	100	aroE(26);mdh(22);aceK(34);oppB(26);rpoB(19);recA(18);hsp(14)
GCA_011021895.1.fasta	cbotulinum	-	OK	86	aroE(7);mdh(8);aceK(~20);oppB(6);rpoB(7);recA(4);hsp(9)
GCA_011021905.1.fasta	cbotulinum	-	OK	86	aroE(7);mdh(8);aceK(~20);oppB(6);rpoB(7);recA(4);hsp(9)
GCA_011021915.1.fasta	cbotulinum	-	OK	86	aroE(7);mdh(8);aceK(~20);oppB(6);rpoB(7);recA(4);hsp(9)
GCA_011021955.1.fasta	cbotulinum	28	PERFECT	100	aroE(14);mdh(11);aceK(14);oppB(12);rpoB(10);recA(7);hsp(8)
GCA_011022085.1.fasta	cbotulinum	-	NOVEL	90	aroE(13);mdh(5);aceK(17);oppB(5);rpoB(9);recA(7);hsp(6)
GCA_011292275.1.fasta	saureus	9	PERFECT	100	arcC(3);aroE(3);glpF(1);gmk(1);pta(1);tpi(1);yqiL(10)
GCA_011363175.1.fasta	cbotulinum	47	PERFECT	100	aroE(20);mdh(8);aceK(25);oppB(13);rpoB(10);recA(15);hsp(12)
GCA_011389495.1.fasta	cbotulinum	-	OK	86	aroE(~14);mdh(11);aceK(14);oppB(12);rpoB(10);recA(7);hsp(8)
GCA_012516515.1.fasta	proteus	210	PERFECT	100	atpD(43);dnaJ(72);mdh(6);pyrC(94);recA(19);rpoD(34)
GCA_012932975.2.fasta	efaecium	80	PERFECT	100	atpA(9);ddl(1);gdh(1);purK(1);gyd(12);pstS(1);adk(1)
GCA_012932985.2.fasta	efaecium	80	PERFECT	100	atpA(9);ddl(1);gdh(1);purK(1);gyd(12);pstS(1);adk(1)
GCA_012933185.1.fasta	efaecium	80	PERFECT	100	atpA(9);ddl(1);gdh(1);purK(1);gyd(12);pstS(1);adk(1)
GCA_013256075.1.fasta	proteus	154	PERFECT	100	atpD(43);dnaJ(69);mdh(66);pyrC(40);recA(35);rpoD(29)
GCA_013308555.1.fasta	efaecalis	179	PERFECT	100	gdh(5);gyd(1);pstS(1);gki(3);aroE(7);xpt(1);yqiL(6)
GCA_013308575.1.fasta	efaecalis	179	PERFECT	100	gdh(5);gyd(1);pstS(1);gki(3);aroE(7);xpt(1);yqiL(6)
GCA_013327115.1.fasta	efaecium	32	PERFECT	100	atpA(3);ddl(3);gdh(1);purK(2);gyd(1);pstS(1);adk(1)
GCA_013393825.1.fasta	ecoli_achtman_4	3107	PERFECT	100	adk(10);fumC(11);gyrB(5);icd(8);mdh(7);purA(219);recA(2)
GCA_013588395.1.fasta	campylobacter	902	PERFECT	100	aspA(33);glnA(39);gltA(30);glyA(79);pgm(104);tkt(43);uncA(17)
GCA_013602305.1.fasta	saureus	1	PERFECT	100	arcC(1);aroE(1);glpF(1);gmk(1);pta(1);tpi(1);yqiL(1)
GCA_013867655.1.fasta	cbotulinum	-	OK	86	aroE(22);mdh(~4);aceK(3);oppB(54);rpoB(4);recA(2);hsp(2)
GCA_014068615.1.fasta	cbotulinum	4	PERFECT	100	aroE(9);mdh(10);aceK(6);oppB(9);rpoB(8);recA(7);hsp(8)
GCA_014394705.1.fasta	providencia	110	PERFECT	100	fusA(32);gyrB(50);ileS(59);lepA(49);leuS(21)
GCA_014489995.1.fasta	efaecium	203	PERFECT	100	atpA(15);ddl(1);gdh(1);purK(1);gyd(1);pstS(20);adk(1)
GCA_014490015.1.fasta	efaecium	203	PERFECT	100	atpA(15);ddl(1);gdh(1);purK(1);gyd(1);pstS(20);adk(1)
GCA_014546825.1.fasta	campylobacter	1068	PERFECT	100	aspA(33);glnA(39);gltA(30);glyA(78);pgm(104);tkt(43);uncA(17)
GCA_014622925.2.fasta	campylobacter	828	PERFECT	100	aspA(33);glnA(39);gltA(30);glyA(82);pgm(104);tkt(43);uncA(17)
GCA_014622945.2.fasta	campylobacter	1058	PERFECT	100	aspA(33);glnA(39);gltA(30);glyA(82);pgm(104);tkt(35);uncA(17)
GCA_014805065.1.fasta	cbotulinum	34	PERFECT	100	aroE(16);mdh(12);aceK(20);oppB(8);rpoB(10);recA(12);hsp(9)
GCA_014805085.1.fasta	cbotulinum	30	PERFECT	100	aroE(13);mdh(6);aceK(16);oppB(10);rpoB(9);recA(9);hsp(9)
GCA_014805095.1.fasta	cbotulinum	34	PERFECT	100	aroE(16);mdh(12);aceK(20);oppB(8);rpoB(10);recA(12);hsp(9)
GCA_014805105.1.fasta	cbotulinum	34	PERFECT	100	aroE(16);mdh(12);aceK(20);oppB(8);rpoB(10);recA(12);hsp(9)
GCA_014805145.1.fasta	cbotulinum	34	PERFECT	100	aroE(16);mdh(12);aceK(20);oppB(8);rpoB(10);recA(12);hsp(9)
GCA_014805165.1.fasta	cbotulinum	34	PERFECT	100	aroE(16);mdh(12);aceK(20);oppB(8);rpoB(10);recA(12);hsp(9)
GCA_014805185.1.fasta	cbotulinum	34	PERFECT	100	aroE(16);mdh(12);aceK(20);oppB(8);rpoB(10);recA(12);hsp(9)
GCA_014805195.1.fasta	cbotulinum	34	PERFECT	100	aroE(16);mdh(12);aceK(20);oppB(8);rpoB(10);recA(12);hsp(9)
GCA_014805215.1.fasta	cbotulinum	34	PERFECT	100	aroE(16);mdh(12);aceK(20);oppB(8);rpoB(10);recA(12);hsp(9)
GCA_014805235.1.fasta	cbotulinum	-	OK	86	aroE(35);mdh(11);aceK(44);oppB(~8);rpoB(25);recA(25);hsp(9)
GCA_014805255.1.fasta	cbotulinum	34	PERFECT	100	aroE(16);mdh(12);aceK(20);oppB(8);rpoB(10);recA(12);hsp(9)
GCA_014805275.1.fasta	cbotulinum	34	PERFECT	100	aroE(16);mdh(12);aceK(20);oppB(8);rpoB(10);recA(12);hsp(9)
GCA_014805305.1.fasta	cbotulinum	163	PERFECT	100	aroE(36);mdh(35);aceK(46);oppB(57);rpoB(27);recA(27);hsp(25)
GCA_014872905.1.fasta	cbotulinum	121	PERFECT	100	aroE(19);mdh(8);aceK(14);oppB(43);rpoB(10);recA(7);hsp(27)
GCA_014931585.1.fasta	proteus	185	PERFECT	100	atpD(40);dnaJ(45);mdh(110);pyrC(82);recA(24);rpoD(39)
GCA_015234285.1.fasta	efaecalis	16	PERFECT	100	gdh(5);gyd(1);pstS(1);gki(3);aroE(7);xpt(7);yqiL(6)
GCA_015280365.1.fasta	campylobacter	902	PERFECT	100	aspA(33);glnA(39);gltA(30);glyA(79);pgm(104);tkt(43);uncA(17)
GCA_015293705.1.fasta	efaecalis	-	MIXED	90	gdh(1);gyd(7);pstS(9);gki(1);aroE(1,1);xpt(1);yqiL(1)
GCA_015293725.1.fasta	efaecalis	480	PERFECT	100	gdh(1);gyd(1);pstS(22);gki(22);aroE(7);xpt(17);yqiL(6)
GCA_015341185.1.fasta	efaecium	17	PERFECT	100	atpA(1);ddl(1);gdh(1);purK(1);gyd(1);pstS(1);adk(1)
GCA_015352315.1.fasta	cdifficile	1	PERFECT	100	adk(1);atpA(1);dxr(1);glyA(10);recA(1);sodA(3);tpi(5)
GCA_015361995.1.fasta	efaecium	80	PERFECT	100	atpA(9);ddl(1);gdh(1);purK(1);gyd(12);pstS(1);adk(1)
GCA_015362245.1.fasta	efaecium	80	PERFECT	100	atpA(9);ddl(1);gdh(1);purK(1);gyd(12);pstS(1);adk(1)
GCA_015364005.1.fasta	efaecium	117	PERFECT	100	atpA(9);ddl(1);gdh(1);purK(1);gyd(1);pstS(1);adk(1)
GCA_015409415.1.fasta	efaecium	117	PERFECT	100	atpA(9);ddl(1);gdh(1);purK(1);gyd(1);pstS(1);adk(1)
GCA_015412605.1.fasta	efaecium	80	PERFECT	100	atpA(9);ddl(1);gdh(1);purK(1);gyd(12);pstS(1);adk(1)
GCA_015419025.1.fasta	efaecium	117	PERFECT	100	atpA(9);ddl(1);gdh(1);purK(1);gyd(1);pstS(1);adk(1)
GCA_015420125.1.fasta	efaecium	117	PERFECT	100	atpA(9);ddl(1);gdh(1);purK(1);gyd(1);pstS(1);adk(1)
GCA_015420145.1.fasta	efaecium	203	PERFECT	100	atpA(15);ddl(1);gdh(1);purK(1);gyd(1);pstS(20);adk(1)
GCA_015420165.1.fasta	efaecium	1486	PERFECT	100	atpA(9);ddl(64);gdh(1);purK(1);gyd(1);pstS(1);adk(1)
GCA_015420205.1.fasta	efaecium	117	PERFECT	100	atpA(9);ddl(1);gdh(1);purK(1);gyd(1);pstS(1);adk(1)
GCA_015457725.1.fasta	efaecium	17	PERFECT	100	atpA(1);ddl(1);gdh(1);purK(1);gyd(1);pstS(1);adk(1)
GCA_015686615.1.fasta	cdifficile	37	PERFECT	100	adk(3);atpA(7);dxr(3);glyA(8);recA(6);sodA(9);tpi(11)
GCA_015702395.1.fasta	cdifficile	54	PERFECT	100	adk(1);atpA(4);dxr(7);glyA(1);recA(1);sodA(3);tpi(3)
GCA_015703595.1.fasta	cdifficile	63	PERFECT	100	adk(1);atpA(1);dxr(7);glyA(5);recA(1);sodA(3);tpi(3)
GCA_015936185.1.fasta	cdifficile	1	PERFECT	100	adk(1);atpA(1);dxr(1);glyA(10);recA(1);sodA(3);tpi(5)
GCA_015943165.1.fasta	salmonella	19	PERFECT	100	aroC(10);dnaN(7);hemD(12);hisD(9);purE(5);sucA(9);thrA(2)
GCA_015944285.1.fasta	cdifficile	-	MIXED	90	adk(3);atpA(7);dxr(3);glyA(8);recA(6,6);sodA(9);tpi(11)
GCA_015959005.1.fasta	efaecium	80	PERFECT	100	atpA(9);ddl(1);gdh(1);purK(1);gyd(12);pstS(1);adk(1)
GCA_015999445.1.fasta	saureus	1	PERFECT	100	arcC(1);aroE(1);glpF(1);gmk(1);pta(1);tpi(1);yqiL(1)
GCA_016047175.1.fasta	cdifficile	1	PERFECT	100	adk(1);atpA(1);dxr(1);glyA(10);recA(1);sodA(3);tpi(5)
GCA_016049175.1.fasta	cdifficile	1	PERFECT	100	adk(1);atpA(1);dxr(1);glyA(10);recA(1);sodA(3);tpi(5)
GCA_016049235.1.fasta	cdifficile	1	PERFECT	100	adk(1);atpA(1);dxr(1);glyA(10);recA(1);sodA(3);tpi(5)
GCA_016049955.1.fasta	cdifficile	1	PERFECT	100	adk(1);atpA(1);dxr(1);glyA(10);recA(1);sodA(3);tpi(5)
GCA_016050335.1.fasta	cdifficile	3	PERFECT	100	adk(1);atpA(1);dxr(2);glyA(1);recA(1);sodA(1);tpi(1)
GCA_016051035.1.fasta	cdifficile	1	PERFECT	100	adk(1);atpA(1);dxr(1);glyA(10);recA(1);sodA(3);tpi(5)
GCA_016052135.1.fasta	cdifficile	1	PERFECT	100	adk(1);atpA(1);dxr(1);glyA(10);recA(1);sodA(3);tpi(5)
GCA_016068615.1.fasta	cdifficile	11	PERFECT	100	adk(5);atpA(8);dxr(5);glyA(11);recA(9);sodA(11);tpi(8)
GCA_016070135.1.fasta	cdifficile	11	PERFECT	100	adk(5);atpA(8);dxr(5);glyA(11);recA(9);sodA(11);tpi(8)
GCA_016070275.1.fasta	cdifficile	11	PERFECT	100	adk(5);atpA(8);dxr(5);glyA(11);recA(9);sodA(11);tpi(8)
GCA_016070375.1.fasta	cdifficile	11	PERFECT	100	adk(5);atpA(8);dxr(5);glyA(11);recA(9);sodA(11);tpi(8)
GCA_016071385.1.fasta	cdifficile	11	PERFECT	100	adk(5);atpA(8);dxr(5);glyA(11);recA(9);sodA(11);tpi(8)
GCA_016071695.1.fasta	cdifficile	11	PERFECT	100	adk(5);atpA(8);dxr(5);glyA(11);recA(9);sodA(11);tpi(8)
GCA_016072295.1.fasta	cdifficile	63	PERFECT	100	adk(1);atpA(1);dxr(7);glyA(5);recA(1);sodA(3);tpi(3)
GCA_016073435.1.fasta	cdifficile	1	PERFECT	100	adk(1);atpA(1);dxr(1);glyA(10);recA(1);sodA(3);tpi(5)
GCA_016073595.1.fasta	cdifficile	63	PERFECT	100	adk(1);atpA(1);dxr(7);glyA(5);recA(1);sodA(3);tpi(3)
GCA_016074305.1.fasta	cdifficile	-	MIXED	90	adk(1);atpA(1);dxr(7);glyA(5);recA(1);sodA(3,3);tpi(3)
GCA_016074575.1.fasta	cdifficile	-	MIXED	90	adk(1);atpA(1);dxr(2);glyA(1);recA(1);sodA(1,1);tpi(1)
GCA_016075115.1.fasta	cdifficile	37	PERFECT	100	adk(3);atpA(7);dxr(3);glyA(8);recA(6);sodA(9);tpi(11)
GCA_016078035.1.fasta	cdifficile	63	PERFECT	100	adk(1);atpA(1);dxr(7);glyA(5);recA(1);sodA(3);tpi(3)
GCA_016079115.1.fasta	cdifficile	63	PERFECT	100	adk(1);atpA(1);dxr(7);glyA(5);recA(1);sodA(3);tpi(3)
GCA_016079315.1.fasta	cdifficile	48	PERFECT	100	adk(1);atpA(1);dxr(2);glyA(1);recA(1);sodA(5);tpi(1)
GCA_016079475.1.fasta	cdifficile	63	PERFECT	100	adk(1);atpA(1);dxr(7);glyA(5);recA(1);sodA(3);tpi(3)
GCA_016079775.1.fasta	cdifficile	-	MIXED	90	adk(1);atpA(1);dxr(7);glyA(5);recA(1);sodA(3,3);tpi(3)
GCA_016080455.1.fasta	cdifficile	-	MIXED	90	adk(1);atpA(1);dxr(7);glyA(5);recA(1);sodA(3,3);tpi(3)
GCA_016084095.1.fasta	cdifficile	63	PERFECT	100	adk(1);atpA(1);dxr(7);glyA(5);recA(1);sodA(3);tpi(3)
GCA_016085375.1.fasta	cbotulinum	1	PERFECT	100	aroE(13);mdh(6);aceK(13);oppB(10);rpoB(9);recA(8);hsp(9)
GCA_016085455.1.fasta	cbotulinum	1	PERFECT	100	aroE(13);mdh(6);aceK(13);oppB(10);rpoB(9);recA(8);hsp(9)
GCA_016085475.1.fasta	cbotulinum	1	PERFECT	100	aroE(13);mdh(6);aceK(13);oppB(10);rpoB(9);recA(8);hsp(9)
GCA_016085495.1.fasta	cbotulinum	1	PERFECT	100	aroE(13);mdh(6);aceK(13);oppB(10);rpoB(9);recA(8);hsp(9)
GCA_016085515.1.fasta	cbotulinum	1	PERFECT	100	aroE(13);mdh(6);aceK(13);oppB(10);rpoB(9);recA(8);hsp(9)
GCA_016085535.1.fasta	cbotulinum	1	PERFECT	100	aroE(13);mdh(6);aceK(13);oppB(10);rpoB(9);recA(8);hsp(9)
GCA_016085555.1.fasta	cbotulinum	1	PERFECT	100	aroE(13);mdh(6);aceK(13);oppB(10);rpoB(9);recA(8);hsp(9)
GCA_016085625.1.fasta	cbotulinum	1	PERFECT	100	aroE(13);mdh(6);aceK(13);oppB(10);rpoB(9);recA(8);hsp(9)
GCA_016085715.1.fasta	cbotulinum	1	PERFECT	100	aroE(13);mdh(6);aceK(13);oppB(10);rpoB(9);recA(8);hsp(9)
GCA_016249215.1.fasta	salmonella	19	PERFECT	100	aroC(10);dnaN(7);hemD(12);hisD(9);purE(5);sucA(9);thrA(2)
GCA_016499325.1.fasta	cdifficile	770	PERFECT	100	adk(1);atpA(64);dxr(1);glyA(10);recA(1);sodA(3);tpi(5)
GCA_016499505.1.fasta	cdifficile	1	PERFECT	100	adk(1);atpA(1);dxr(1);glyA(10);recA(1);sodA(3);tpi(5)
GCA_016499925.1.fasta	cdifficile	1	PERFECT	100	adk(1);atpA(1);dxr(1);glyA(10);recA(1);sodA(3);tpi(5)
GCA_016798345.1.fasta	cbotulinum	1	PERFECT	100	aroE(13);mdh(6);aceK(13);oppB(10);rpoB(9);recA(8);hsp(9)
GCA_016838665.1.fasta	cbotulinum	87	PERFECT	100	aroE(23);mdh(19);aceK(43);oppB(21);rpoB(15);recA(5);hsp(17)
GCA_016989565.1.fasta	cbotulinum	86	PERFECT	100	aroE(13);mdh(5);aceK(11);oppB(9);rpoB(8);recA(6);hsp(8)
GCA_016989605.1.fasta	cbotulinum	22	PERFECT	100	aroE(10);mdh(8);aceK(6);oppB(9);rpoB(8);recA(7);hsp(8)
GCA_016989635.1.fasta	cbotulinum	84	PERFECT	100	aroE(11);mdh(5);aceK(11);oppB(9);rpoB(8);recA(6);hsp(8)
GCA_016989715.1.fasta	cbotulinum	22	PERFECT	100	aroE(10);mdh(8);aceK(6);oppB(9);rpoB(8);recA(7);hsp(8)
GCA_016989755.1.fasta	cbotulinum	2	PERFECT	100	aroE(10);mdh(8);aceK(7);oppB(9);rpoB(8);recA(7);hsp(8)
GCA_016989825.1.fasta	cbotulinum	26	PERFECT	100	aroE(9);mdh(8);aceK(7);oppB(9);rpoB(8);recA(7);hsp(8)
GCA_016989855.1.fasta	cbotulinum	25	PERFECT	100	aroE(10);mdh(8);aceK(6);oppB(10);rpoB(8);recA(7);hsp(8)
GCA_016989895.1.fasta	cbotulinum	2	PERFECT	100	aroE(10);mdh(8);aceK(7);oppB(9);rpoB(8);recA(7);hsp(8)
GCA_016989975.1.fasta	cbotulinum	2	PERFECT	100	aroE(10);mdh(8);aceK(7);oppB(9);rpoB(8);recA(7);hsp(8)
GCA_016990015.1.fasta	cbotulinum	26	PERFECT	100	aroE(9);mdh(8);aceK(7);oppB(9);rpoB(8);recA(7);hsp(8)
GCA_016990025.1.fasta	cbotulinum	26	PERFECT	100	aroE(9);mdh(8);aceK(7);oppB(9);rpoB(8);recA(7);hsp(8)
GCA_016990055.1.fasta	cbotulinum	7	PERFECT	100	aroE(4);mdh(2);aceK(2);oppB(4);rpoB(2);recA(5);hsp(5)
GCA_016990065.1.fasta	cbotulinum	2	PERFECT	100	aroE(10);mdh(8);aceK(7);oppB(9);rpoB(8);recA(7);hsp(8)
GCA_016990115.1.fasta	cbotulinum	25	PERFECT	100	aroE(10);mdh(8);aceK(6);oppB(10);rpoB(8);recA(7);hsp(8)
GCA_016990155.1.fasta	cbotulinum	7	PERFECT	100	aroE(4);mdh(2);aceK(2);oppB(4);rpoB(2);recA(5);hsp(5)
GCA_016990195.1.fasta	cbotulinum	26	PERFECT	100	aroE(9);mdh(8);aceK(7);oppB(9);rpoB(8);recA(7);hsp(8)
GCA_016990235.1.fasta	cbotulinum	2	PERFECT	100	aroE(10);mdh(8);aceK(7);oppB(9);rpoB(8);recA(7);hsp(8)
GCA_016990255.1.fasta	cbotulinum	26	PERFECT	100	aroE(9);mdh(8);aceK(7);oppB(9);rpoB(8);recA(7);hsp(8)
GCA_016990275.1.fasta	cbotulinum	2	PERFECT	100	aroE(10);mdh(8);aceK(7);oppB(9);rpoB(8);recA(7);hsp(8)
GCA_016990285.1.fasta	cbotulinum	186	PERFECT	100	aroE(14);mdh(18);aceK(24);oppB(13);rpoB(10);recA(7);hsp(8)
GCA_016990315.1.fasta	cbotulinum	2	PERFECT	100	aroE(10);mdh(8);aceK(7);oppB(9);rpoB(8);recA(7);hsp(8)
GCA_016990335.1.fasta	cbotulinum	2	PERFECT	100	aroE(10);mdh(8);aceK(7);oppB(9);rpoB(8);recA(7);hsp(8)
GCA_016990345.1.fasta	cbotulinum	186	PERFECT	100	aroE(14);mdh(18);aceK(24);oppB(13);rpoB(10);recA(7);hsp(8)
GCA_016990375.1.fasta	cbotulinum	2	PERFECT	100	aroE(10);mdh(8);aceK(7);oppB(9);rpoB(8);recA(7);hsp(8)
GCA_016990395.1.fasta	cbotulinum	10	PERFECT	100	aroE(11);mdh(5);aceK(11);oppB(5);rpoB(8);recA(6);hsp(8)
GCA_016990415.1.fasta	cbotulinum	2	PERFECT	100	aroE(10);mdh(8);aceK(7);oppB(9);rpoB(8);recA(7);hsp(8)
GCA_017101495.1.fasta	efaecium	1421	PERFECT	100	atpA(1);ddl(1);gdh(1);purK(1);gyd(1);pstS(0);adk(1)
GCA_017131995.1.fasta	ecoli_achtman_4	616	PERFECT	100	adk(6);fumC(4);gyrB(12);icd(16);mdh(24);purA(8);recA(14)
GCA_017259035.1.fasta	efaecium	117	PERFECT	100	atpA(9);ddl(1);gdh(1);purK(1);gyd(1);pstS(1);adk(1)
GCA_017259955.1.fasta	efaecium	203	PERFECT	100	atpA(15);ddl(1);gdh(1);purK(1);gyd(1);pstS(20);adk(1)
GCA_017310965.1.fasta	cdifficile	15	PERFECT	100	adk(1);atpA(1);dxr(6);glyA(1);recA(8);sodA(5);tpi(1)
GCA_017330865.1.fasta	cbotulinum	36	PERFECT	100	aroE(18);mdh(14);aceK(22);oppB(15);rpoB(13);recA(14);hsp(14)
GCA_017330945.1.fasta	cbotulinum	36	PERFECT	100	aroE(18);mdh(14);aceK(22);oppB(15);rpoB(13);recA(14);hsp(14)
GCA_017590175.1.fasta	cbotulinum	-	MISSING	77	aroE(-);mdh(6);aceK(13);oppB(10);rpoB(9);recA(8);hsp(9)
GCA_017590495.1.fasta	cperfringens	521	PERFECT	100	colA(38);groEL(103);sodA(62);plc(17);gyrB(6);sigK(57);pgk(59);nadA(61)
GCA_017591115.1.fasta	cbotulinum	34	PERFECT	100	aroE(16);mdh(12);aceK(20);oppB(8);rpoB(10);recA(12);hsp(9)
GCA_017664195.1.fasta	efaecium	1421	PERFECT	100	atpA(1);ddl(1);gdh(1);purK(1);gyd(1);pstS(0);adk(1)
GCA_017706415.1.fasta	efaecium	117	PERFECT	100	atpA(9);ddl(1);gdh(1);purK(1);gyd(1);pstS(1);adk(1)
GCA_017711535.1.fasta	efaecium	18	PERFECT	100	atpA(7);ddl(1);gdh(1);purK(1);gyd(5);pstS(1);adk(1)
GCA_017716235.1.fasta	efaecium	80	PERFECT	100	atpA(9);ddl(1);gdh(1);purK(1);gyd(12);pstS(1);adk(1)
GCA_017815695.1.fasta	efaecium	80	PERFECT	100	atpA(9);ddl(1);gdh(1);purK(1);gyd(12);pstS(1);adk(1)
GCA_017845355.1.fasta	efaecalis	86	PERFECT	100	gdh(6);gyd(10);pstS(11);gki(17);aroE(4);xpt(2);yqiL(1)
GCA_018011975.1.fasta	cperfringens	-	MIXED	86	colA(3);groEL(133);sodA(81);plc(70,70);gyrB(25);sigK(18);pgk(1);nadA(~63)
GCA_018024235.1.fasta	ecoli_achtman_4	10	PERFECT	100	adk(10);fumC(11);gyrB(4);icd(8);mdh(8);purA(8);recA(2)
GCA_018135545.1.fasta	cperfringens	221	PERFECT	100	colA(1);groEL(63);sodA(1);plc(4);gyrB(25);sigK(2);pgk(1);nadA(13)
GCA_018219225.1.fasta	spseudintermedius	-	BAD	68	ack(38?);cpn60(~22);fdh(~10);pta(10);purA(~1);sar(~22);tuf(3)
GCA_018219245.1.fasta	spseudintermedius	-	BAD	68	ack(38?);cpn60(~22);fdh(~10);pta(10);purA(~1);sar(~22);tuf(3)
GCA_018475285.1.fasta	morganella	141	PERFECT	100	gapA(85);gltA(27);infB(78);mdh(69);pgi(68);pyrG(31);recA(56)
GCA_018610965.1.fasta	cdifficile	-	MIXED	90	adk(1);atpA(1);dxr(7);glyA(5);recA(1);sodA(3,3);tpi(3)
GCA_018611065.1.fasta	cdifficile	-	MIXED	90	adk(1);atpA(1);dxr(7);glyA(5);recA(1);sodA(3,3);tpi(3)
GCA_018611305.1.fasta	cdifficile	-	MIXED	90	adk(1);atpA(1);dxr(7,7);glyA(5);recA(1);sodA(3,3);tpi(3)
GCA_018612445.1.fasta	cdifficile	-	MIXED	90	adk(1);atpA(1);dxr(6);glyA(1);recA(8);sodA(5,5);tpi(1)
GCA_018612675.1.fasta	cdifficile	-	MIXED	90	adk(1);atpA(1);dxr(6);glyA(1);recA(8);sodA(5,5);tpi(1)
GCA_018615255.1.fasta	cdifficile	-	MIXED	90	adk(1);atpA(1);dxr(2);glyA(1);recA(1);sodA(1,1);tpi(1)
GCA_018627595.1.fasta	cdifficile	-	MIXED	90	adk(1);atpA(1);dxr(1);glyA(10);recA(1);sodA(3,3);tpi(5)
GCA_018627615.1.fasta	cdifficile	-	MIXED	90	adk(1);atpA(1);dxr(1);glyA(10);recA(1);sodA(3,3);tpi(5)
GCA_018627635.1.fasta	cdifficile	-	MIXED	90	adk(1);atpA(1);dxr(1);glyA(10);recA(1);sodA(3,3);tpi(5)
GCA_018627675.1.fasta	cdifficile	-	MIXED	90	adk(1);atpA(1);dxr(1);glyA(10);recA(1);sodA(3,3);tpi(5)
GCA_018627695.1.fasta	cdifficile	-	MIXED	90	adk(1);atpA(1);dxr(1);glyA(10);recA(1);sodA(3,3);tpi(5)
GCA_018627715.1.fasta	cdifficile	-	MIXED	90	adk(1);atpA(1);dxr(1);glyA(10);recA(1);sodA(3,3);tpi(5)
GCA_018627815.1.fasta	cdifficile	37	PERFECT	100	adk(3);atpA(7);dxr(3);glyA(8);recA(6);sodA(9);tpi(11)
GCA_018627995.1.fasta	cdifficile	-	MIXED	90	adk(3);atpA(7);dxr(3);glyA(8);recA(6);sodA(9);tpi(11,11)
GCA_018628015.1.fasta	cdifficile	-	MIXED	90	adk(3);atpA(7);dxr(3);glyA(8);recA(6);sodA(9);tpi(11,11)
GCA_018628035.1.fasta	cdifficile	-	MIXED	90	adk(3);atpA(7);dxr(3);glyA(8);recA(6);sodA(9);tpi(11,11)
GCA_018628655.1.fasta	cdifficile	11	PERFECT	100	adk(5);atpA(8);dxr(5);glyA(11);recA(9);sodA(11);tpi(8)
GCA_018628915.1.fasta	cdifficile	-	MIXED	90	adk(1);atpA(1);dxr(2);glyA(1);recA(1);sodA(1,1);tpi(1)
GCA_018629065.1.fasta	cdifficile	-	MIXED	90	adk(1);atpA(1);dxr(2);glyA(1);recA(1);sodA(1,1);tpi(1)
GCA_018629295.1.fasta	cdifficile	-	MIXED	90	adk(3);atpA(7);dxr(3);glyA(8);recA(6);sodA(9);tpi(11,11)
GCA_018629495.1.fasta	cdifficile	-	MIXED	90	adk(1);atpA(1);dxr(6,6);glyA(1);recA(8);sodA(5,5);tpi(1)
GCA_018629775.1.fasta	cdifficile	11	PERFECT	100	adk(5);atpA(8);dxr(5);glyA(11);recA(9);sodA(11);tpi(8)
GCA_018629875.1.fasta	cdifficile	-	MIXED	90	adk(1);atpA(1);dxr(2);glyA(1);recA(1);sodA(1,1);tpi(1)
GCA_018629955.1.fasta	cdifficile	-	MIXED	90	adk(1);atpA(1);dxr(1);glyA(10);recA(1);sodA(3,3);tpi(5)
GCA_018630015.1.fasta	cdifficile	-	MIXED	90	adk(1);atpA(1);dxr(1);glyA(10);recA(1);sodA(3,3);tpi(5)
GCA_018630055.1.fasta	cdifficile	-	MIXED	90	adk(1);atpA(4);dxr(7);glyA(1);recA(1);sodA(3,3);tpi(3)
GCA_018630115.1.fasta	cdifficile	-	MIXED	90	adk(1);atpA(1);dxr(2);glyA(1);recA(1);sodA(1,1);tpi(1)
GCA_018630495.1.fasta	cdifficile	15	PERFECT	100	adk(1);atpA(1);dxr(6);glyA(1);recA(8);sodA(5);tpi(1)
GCA_018630575.1.fasta	cdifficile	-	MIXED	90	adk(1);atpA(1);dxr(6,6);glyA(1);recA(8);sodA(5,5);tpi(1)
GCA_018630675.1.fasta	cdifficile	-	MIXED	90	adk(1);atpA(1);dxr(2);glyA(1);recA(1);sodA(1,1);tpi(1)
GCA_018630955.1.fasta	cdifficile	-	MIXED	90	adk(1);atpA(1);dxr(1);glyA(10);recA(1);sodA(3,3);tpi(5)
GCA_018631055.1.fasta	cdifficile	-	MIXED	90	adk(1);atpA(1);dxr(1);glyA(10);recA(1);sodA(3,3);tpi(5)
GCA_018631095.1.fasta	cdifficile	-	MIXED	90	adk(1);atpA(1);dxr(1);glyA(10);recA(1);sodA(3,3);tpi(5)
GCA_018631115.1.fasta	cdifficile	-	MIXED	90	adk(1);atpA(1);dxr(1);glyA(10);recA(1);sodA(3,3);tpi(5)
GCA_018631135.1.fasta	cdifficile	-	MIXED	90	adk(1);atpA(1);dxr(1);glyA(10);recA(1);sodA(3,3);tpi(5)
GCA_018631275.1.fasta	cdifficile	-	MIXED	90	adk(1);atpA(1);dxr(1);glyA(10);recA(1);sodA(3,3);tpi(5)
GCA_018631295.1.fasta	cdifficile	-	MIXED	90	adk(1);atpA(1);dxr(1);glyA(10);recA(1);sodA(3,3);tpi(5)
GCA_018631955.1.fasta	cdifficile	-	MIXED	90	adk(1);atpA(1);dxr(6);glyA(1);recA(8);sodA(5,5);tpi(1)
GCA_018632255.1.fasta	cdifficile	-	MIXED	90	adk(1);atpA(1);dxr(1);glyA(10);recA(1);sodA(3,3);tpi(5)
GCA_018632275.1.fasta	cdifficile	-	MIXED	90	adk(1);atpA(1);dxr(1);glyA(10);recA(1);sodA(3,3);tpi(5)
GCA_018632295.1.fasta	cdifficile	3	PERFECT	100	adk(1);atpA(1);dxr(2);glyA(1);recA(1);sodA(1);tpi(1)
GCA_018632435.1.fasta	cdifficile	-	MIXED	90	adk(1);atpA(1);dxr(1);glyA(10);recA(1);sodA(3,3);tpi(5)
GCA_018632495.1.fasta	cdifficile	-	MIXED	90	adk(1);atpA(1);dxr(1);glyA(10);recA(1);sodA(3,3);tpi(5)
GCA_018632535.1.fasta	cdifficile	-	MIXED	90	adk(1);atpA(1);dxr(1);glyA(10);recA(1);sodA(3,3);tpi(5)
GCA_018632695.1.fasta	cdifficile	-	MIXED	90	adk(1);atpA(1);dxr(1);glyA(10);recA(1);sodA(3,3);tpi(5)
GCA_018632795.1.fasta	cdifficile	-	MIXED	90	adk(1);atpA(1);dxr(1);glyA(10);recA(1);sodA(3,3);tpi(5)
GCA_018632835.1.fasta	cdifficile	-	MIXED	90	adk(1);atpA(1);dxr(1);glyA(10);recA(1);sodA(3,3);tpi(5)
GCA_018632855.1.fasta	cdifficile	-	MIXED	90	adk(1);atpA(1);dxr(1);glyA(10);recA(1);sodA(3,3);tpi(5)
GCA_018632875.1.fasta	cdifficile	-	MIXED	90	adk(1);atpA(1);dxr(1);glyA(10);recA(1);sodA(3,3);tpi(5)
GCA_018633235.1.fasta	cdifficile	-	MIXED	90	adk(1);atpA(1);dxr(1);glyA(10);recA(1);sodA(3,3);tpi(5)
GCA_018633275.1.fasta	cdifficile	-	MIXED	90	adk(1);atpA(1);dxr(7);glyA(5);recA(1);sodA(3,3);tpi(3)
GCA_018633495.1.fasta	cdifficile	-	MIXED	90	adk(1);atpA(1);dxr(1);glyA(10);recA(1);sodA(3,3);tpi(5)
GCA_018633515.1.fasta	cdifficile	1	PERFECT	100	adk(1);atpA(1);dxr(1);glyA(10);recA(1);sodA(3);tpi(5)
GCA_018633855.1.fasta	cdifficile	-	MIXED	90	adk(1);atpA(1);dxr(1);glyA(10);recA(1);sodA(3,3);tpi(5)
GCA_018634175.1.fasta	cdifficile	-	MIXED	90	adk(1);atpA(2);dxr(2);glyA(1);recA(1);sodA(5,5);tpi(3)
GCA_018634255.1.fasta	cdifficile	63	PERFECT	100	adk(1);atpA(1);dxr(7);glyA(5);recA(1);sodA(3);tpi(3)
GCA_018635155.1.fasta	cdifficile	-	MIXED	90	adk(1);atpA(1);dxr(1);glyA(10);recA(1);sodA(3,3);tpi(5)
GCA_018635195.1.fasta	cdifficile	-	MIXED	90	adk(1);atpA(1);dxr(1);glyA(10);recA(1);sodA(3,3);tpi(5)
GCA_018635535.1.fasta	cdifficile	-	MIXED	90	adk(1);atpA(1);dxr(1);glyA(10);recA(1);sodA(3,3);tpi(5)
GCA_018635575.1.fasta	cdifficile	-	MIXED	90	adk(1);atpA(1);dxr(1);glyA(10);recA(1);sodA(3,3);tpi(5)
GCA_018635655.1.fasta	cdifficile	-	MIXED	90	adk(1);atpA(1);dxr(1);glyA(10);recA(1);sodA(3,3);tpi(5)
GCA_018635855.1.fasta	cdifficile	3	PERFECT	100	adk(1);atpA(1);dxr(2);glyA(1);recA(1);sodA(1);tpi(1)
GCA_018635875.1.fasta	cdifficile	-	MIXED	90	adk(1);atpA(1);dxr(6);glyA(1);recA(8);sodA(5,5);tpi(1)
GCA_018635895.1.fasta	cdifficile	-	MIXED	90	adk(3);atpA(7);dxr(3);glyA(8);recA(6);sodA(9);tpi(11,11)
GCA_018636195.1.fasta	cdifficile	1	PERFECT	100	adk(1);atpA(1);dxr(1);glyA(10);recA(1);sodA(3);tpi(5)
GCA_018636375.1.fasta	cdifficile	-	MIXED	90	adk(1);atpA(1);dxr(1);glyA(10);recA(1);sodA(3,3);tpi(5)
GCA_018636475.1.fasta	cdifficile	-	MIXED	90	adk(1);atpA(1);dxr(1);glyA(10);recA(1);sodA(3,3);tpi(5)
GCA_018636875.1.fasta	cdifficile	-	MIXED	90	adk(3);atpA(7);dxr(3);glyA(8);recA(6);sodA(9);tpi(11,11)
GCA_018636995.1.fasta	cdifficile	-	MIXED	90	adk(1);atpA(1);dxr(1);glyA(10);recA(1);sodA(3,3);tpi(5)
GCA_018637375.1.fasta	cdifficile	37	PERFECT	100	adk(3);atpA(7);dxr(3);glyA(8);recA(6);sodA(9);tpi(11)
GCA_018637695.1.fasta	cdifficile	-	MIXED	90	adk(1);atpA(1);dxr(6);glyA(1);recA(8);sodA(5,5);tpi(1)
GCA_018637795.1.fasta	cdifficile	1	PERFECT	100	adk(1);atpA(1);dxr(1);glyA(10);recA(1);sodA(3);tpi(5)
GCA_018644285.1.fasta	cdifficile	11	PERFECT	100	adk(5);atpA(8);dxr(5);glyA(11);recA(9);sodA(11);tpi(8)
GCA_018686455.1.fasta	cdifficile	-	MIXED	90	adk(1);atpA(1);dxr(1);glyA(10);recA(1);sodA(3,3);tpi(5)
GCA_018686695.1.fasta	cdifficile	-	MIXED	90	adk(1);atpA(1);dxr(2);glyA(1);recA(1);sodA(1,1);tpi(1)
GCA_018687035.1.fasta	cdifficile	-	MIXED	90	adk(1);atpA(1);dxr(6,6);glyA(1);recA(8);sodA(5,5);tpi(1)
GCA_018689735.1.fasta	cdifficile	-	MIXED	90	adk(1);atpA(1);dxr(6,6);glyA(1);recA(8);sodA(5,5);tpi(1)
GCA_018690015.1.fasta	cdifficile	-	MIXED	90	adk(1);atpA(4);dxr(7,7);glyA(1);recA(1);sodA(3,3);tpi(3)
GCA_018690455.1.fasta	cdifficile	-	MIXED	90	adk(1);atpA(1);dxr(6);glyA(1);recA(8);sodA(5,5);tpi(1)
GCA_018702195.1.fasta	cdifficile	11	PERFECT	100	adk(5);atpA(8);dxr(5);glyA(11);recA(9);sodA(11);tpi(8)
GCA_018707905.1.fasta	cdifficile	-	MIXED	90	adk(1);atpA(1);dxr(6);glyA(1);recA(8);sodA(5,5);tpi(1)
GCA_018708105.1.fasta	cdifficile	-	MIXED	90	adk(1);atpA(1);dxr(6);glyA(1);recA(8);sodA(5,5,5);tpi(1)
GCA_018708185.1.fasta	cdifficile	-	MIXED	90	adk(1);atpA(1);dxr(6,6);glyA(1);recA(8);sodA(5,5);tpi(1)
GCA_018709085.1.fasta	cdifficile	-	MIXED	90	adk(1);atpA(1);dxr(6);glyA(1);recA(8);sodA(5,5);tpi(1)
GCA_018714425.1.fasta	cdifficile	11	PERFECT	100	adk(5);atpA(8);dxr(5);glyA(11);recA(9);sodA(11);tpi(8)
GCA_018717245.1.fasta	cdifficile	-	MIXED	90	adk(1);atpA(1);dxr(6);glyA(1);recA(8);sodA(5,5);tpi(1)
GCA_018724305.1.fasta	cdifficile	-	MIXED	90	adk(1);atpA(1);dxr(6);glyA(1);recA(8);sodA(5,5);tpi(1)
GCA_018733085.1.fasta	cdifficile	15	PERFECT	100	adk(1);atpA(1);dxr(6);glyA(1);recA(8);sodA(5);tpi(1)
GCA_018737425.1.fasta	cdifficile	-	MIXED	90	adk(1);atpA(1);dxr(6);glyA(1);recA(8);sodA(5,5);tpi(1)
GCA_018738645.1.fasta	cdifficile	-	MIXED	90	adk(1);atpA(1);dxr(6);glyA(1);recA(8);sodA(5,5);tpi(1)
GCA_018740645.1.fasta	cdifficile	-	MIXED	90	adk(2);atpA(1);dxr(6);glyA(1);recA(1);sodA(5,5);tpi(1)
GCA_018741065.1.fasta	cdifficile	-	MIXED	90	adk(1);atpA(1);dxr(6,6);glyA(1);recA(8);sodA(5,5);tpi(1)
GCA_018741225.1.fasta	cdifficile	-	MIXED	90	adk(1);atpA(1);dxr(6);glyA(1);recA(8);sodA(5,5);tpi(1)
GCA_018741385.1.fasta	cdifficile	-	MIXED	90	adk(1);atpA(1);dxr(6);glyA(1);recA(8);sodA(5,5);tpi(1)
GCA_018741445.1.fasta	cdifficile	-	MIXED	90	adk(1);atpA(1);dxr(6,6);glyA(1);recA(8);sodA(5,5);tpi(1)
GCA_018741685.1.fasta	cdifficile	-	MIXED	90	adk(1);atpA(1);dxr(6);glyA(1);recA(8);sodA(5,5);tpi(1)
GCA_018742865.1.fasta	cdifficile	15	PERFECT	100	adk(1);atpA(1);dxr(6);glyA(1);recA(8);sodA(5);tpi(1)
GCA_018742925.1.fasta	cdifficile	-	MIXED	90	adk(1);atpA(1);dxr(2);glyA(1);recA(1);sodA(1,1);tpi(1)
GCA_018743685.1.fasta	cdifficile	-	MIXED	90	adk(1);atpA(1);dxr(6);glyA(1);recA(8);sodA(5,5);tpi(1)
GCA_018743705.1.fasta	cdifficile	-	MIXED	90	adk(1);atpA(1);dxr(6);glyA(1);recA(8);sodA(5,5);tpi(1)
GCA_018743945.1.fasta	cdifficile	11	PERFECT	100	adk(5);atpA(8);dxr(5);glyA(11);recA(9);sodA(11);tpi(8)
GCA_018744245.1.fasta	cdifficile	-	MIXED	90	adk(1);atpA(1);dxr(6);glyA(1);recA(8);sodA(5,5);tpi(1)
GCA_018744825.1.fasta	cdifficile	-	MIXED	90	adk(1);atpA(1);dxr(6,6);glyA(1);recA(8);sodA(5,5);tpi(1)
GCA_018745425.1.fasta	cdifficile	-	MIXED	90	adk(1);atpA(1);dxr(6);glyA(1);recA(8);sodA(5,5);tpi(1)
GCA_018745745.1.fasta	cdifficile	-	MIXED	90	adk(1);atpA(1);dxr(6,6);glyA(1);recA(8);sodA(5,5);tpi(1)
GCA_018746325.1.fasta	cdifficile	-	MIXED	90	adk(1);atpA(1);dxr(6);glyA(1);recA(8);sodA(5,5);tpi(1)
GCA_018746645.1.fasta	cdifficile	-	MIXED	90	adk(1);atpA(1);dxr(6);glyA(1);recA(8);sodA(5,5);tpi(1)
GCA_018747445.1.fasta	cdifficile	-	MIXED	90	adk(1);atpA(1);dxr(6);glyA(1);recA(8);sodA(5,5);tpi(1)
GCA_018747565.1.fasta	cdifficile	-	MIXED	90	adk(1);atpA(1);dxr(6);glyA(1);recA(8);sodA(5,5);tpi(1)
GCA_018748045.1.fasta	cdifficile	-	MIXED	90	adk(1);atpA(1);dxr(6);glyA(1);recA(8);sodA(5,5);tpi(1)
GCA_018748365.1.fasta	cdifficile	-	MIXED	90	adk(1);atpA(1);dxr(6);glyA(1);recA(8);sodA(5,5);tpi(1)
GCA_018748705.1.fasta	cdifficile	15	PERFECT	100	adk(1);atpA(1);dxr(6);glyA(1);recA(8);sodA(5);tpi(1)
GCA_018754795.1.fasta	cdifficile	-	MIXED	90	adk(1);atpA(1);dxr(6);glyA(1);recA(8);sodA(5,5);tpi(1)
GCA_018755135.1.fasta	cdifficile	-	MIXED	90	adk(2);atpA(1);dxr(6);glyA(1);recA(1);sodA(5,5);tpi(1)
GCA_018755795.1.fasta	cdifficile	-	MIXED	90	adk(1);atpA(1);dxr(7);glyA(5);recA(1);sodA(3,3);tpi(3)
GCA_018755955.1.fasta	cdifficile	-	MIXED	90	adk(1);atpA(1);dxr(2);glyA(1);recA(1);sodA(1,1);tpi(1)
GCA_018757215.1.fasta	cdifficile	-	MIXED	90	adk(1);atpA(1);dxr(1);glyA(10);recA(1);sodA(3,3);tpi(5)
GCA_018757255.1.fasta	cdifficile	-	MIXED	90	adk(1);atpA(1);dxr(7);glyA(5,5);recA(1);sodA(3,3);tpi(3)
GCA_018757635.1.fasta	cdifficile	11	PERFECT	100	adk(5);atpA(8);dxr(5);glyA(11);recA(9);sodA(11);tpi(8)
GCA_018758095.1.fasta	cdifficile	-	MIXED	90	adk(1);atpA(1);dxr(7);glyA(5);recA(1);sodA(3,3);tpi(3)
GCA_018758175.1.fasta	cdifficile	-	MIXED	90	adk(1);atpA(1);dxr(7);glyA(5);recA(1);sodA(3,3);tpi(3)
GCA_018758435.1.fasta	cdifficile	37	PERFECT	100	adk(3);atpA(7);dxr(3);glyA(8);recA(6);sodA(9);tpi(11)
GCA_018758595.1.fasta	cdifficile	37	PERFECT	100	adk(3);atpA(7);dxr(3);glyA(8);recA(6);sodA(9);tpi(11)
GCA_018759475.1.fasta	cdifficile	-	MIXED	90	adk(1);atpA(1);dxr(2);glyA(1);recA(1);sodA(1,1);tpi(1)
GCA_018759635.1.fasta	cdifficile	-	MIXED	90	adk(1);atpA(1);dxr(7);glyA(5);recA(1);sodA(3,3);tpi(3)
GCA_018759745.1.fasta	cdifficile	-	MIXED	90	adk(1);atpA(1);dxr(6);glyA(1);recA(1);sodA(3,3);tpi(4)
GCA_018759905.1.fasta	cdifficile	-	MIXED	90	adk(1);atpA(4);dxr(7);glyA(1);recA(1);sodA(3,3);tpi(3)
GCA_018760085.1.fasta	cdifficile	-	MIXED	90	adk(1);atpA(1);dxr(2);glyA(1);recA(1);sodA(1,1);tpi(1)
GCA_018760885.1.fasta	cdifficile	-	MIXED	90	adk(1);atpA(1);dxr(2);glyA(1);recA(1);sodA(1,1);tpi(1)
GCA_018761585.1.fasta	cdifficile	-	MIXED	90	adk(1);atpA(1);dxr(6);glyA(1);recA(8);sodA(5,5);tpi(1)
GCA_018762105.1.fasta	cdifficile	-	MIXED	90	adk(1);atpA(1);dxr(7);glyA(5);recA(1);sodA(3,3);tpi(3)
GCA_018762505.1.fasta	cdifficile	-	MIXED	90	adk(1);atpA(1);dxr(2);glyA(1);recA(1);sodA(1,1);tpi(1)
GCA_018762985.1.fasta	cdifficile	-	MIXED	90	adk(1);atpA(1);dxr(7);glyA(5);recA(1);sodA(3,3);tpi(3)
GCA_018763065.1.fasta	cdifficile	-	MIXED	90	adk(1);atpA(1);dxr(2);glyA(1);recA(1);sodA(1,1);tpi(1)
GCA_018763165.1.fasta	cdifficile	37	PERFECT	100	adk(3);atpA(7);dxr(3);glyA(8);recA(6);sodA(9);tpi(11)
GCA_018763305.1.fasta	cdifficile	-	MIXED	90	adk(1);atpA(1);dxr(7);glyA(5);recA(1);sodA(3,3);tpi(3)
GCA_018763625.1.fasta	cdifficile	-	MIXED	90	adk(1);atpA(1);dxr(7,7);glyA(5);recA(1);sodA(3,3);tpi(3)
GCA_018764005.1.fasta	cdifficile	-	MIXED	90	adk(1);atpA(1);dxr(2);glyA(1);recA(1);sodA(1,1);tpi(1)
GCA_018764365.1.fasta	cdifficile	-	MIXED	90	adk(1);atpA(1);dxr(2);glyA(1);recA(1);sodA(1,1);tpi(1)
GCA_018765325.1.fasta	cdifficile	-	MIXED	90	adk(1);atpA(1);dxr(6);glyA(1);recA(8);sodA(5,5);tpi(1)
GCA_018765385.1.fasta	cdifficile	-	MIXED	90	adk(1);atpA(1);dxr(2);glyA(1);recA(1);sodA(1,1);tpi(1)
GCA_018765525.1.fasta	cdifficile	-	MIXED	90	adk(1);atpA(1);dxr(2);glyA(1);recA(5);sodA(3,3);tpi(1)
GCA_018765985.1.fasta	cdifficile	-	MIXED	90	adk(1);atpA(1);dxr(1);glyA(10);recA(1);sodA(3,3);tpi(5)
GCA_018766285.1.fasta	cdifficile	-	MIXED	90	adk(1);atpA(1);dxr(7);glyA(5);recA(1);sodA(3,3);tpi(3)
GCA_018766385.1.fasta	cdifficile	-	MIXED	90	adk(1);atpA(1);dxr(2);glyA(1);recA(1);sodA(1,1,1);tpi(1)
GCA_018766565.1.fasta	cdifficile	-	MIXED	90	adk(1);atpA(1);dxr(6);glyA(1);recA(8);sodA(5,5);tpi(1)
GCA_018766605.1.fasta	cdifficile	-	MIXED	90	adk(1);atpA(1);dxr(2);glyA(1);recA(1);sodA(1,1);tpi(1)
GCA_018767325.1.fasta	cdifficile	-	MIXED	90	adk(1);atpA(1);dxr(2);glyA(1);recA(1);sodA(1,1);tpi(1)
GCA_018776005.1.fasta	cdifficile	1	PERFECT	100	adk(1);atpA(1);dxr(1);glyA(10);recA(1);sodA(3);tpi(5)
GCA_018776035.1.fasta	cdifficile	1	PERFECT	100	adk(1);atpA(1);dxr(1);glyA(10);recA(1);sodA(3);tpi(5)
GCA_018776445.1.fasta	cdifficile	1	PERFECT	100	adk(1);atpA(1);dxr(1);glyA(10);recA(1);sodA(3);tpi(5)
GCA_018776545.1.fasta	cdifficile	11	PERFECT	100	adk(5);atpA(8);dxr(5);glyA(11);recA(9);sodA(11);tpi(8)
GCA_018777265.1.fasta	cdifficile	3	PERFECT	100	adk(1);atpA(1);dxr(2);glyA(1);recA(1);sodA(1);tpi(1)
GCA_018777525.1.fasta	cdifficile	-	MIXED	90	adk(1);atpA(1);dxr(2);glyA(1);recA(1);sodA(7,7);tpi(1)
GCA_018781105.1.fasta	cdifficile	11	PERFECT	100	adk(5);atpA(8);dxr(5);glyA(11);recA(9);sodA(11);tpi(8)
GCA_018784345.1.fasta	cdifficile	-	MIXED	90	adk(1);atpA(1);dxr(7,7);glyA(5);recA(1);sodA(3,3);tpi(3)
GCA_018784525.1.fasta	cdifficile	1	PERFECT	100	adk(1);atpA(1);dxr(1);glyA(10);recA(1);sodA(3);tpi(5)
GCA_018787285.1.fasta	cdifficile	11	PERFECT	100	adk(5);atpA(8);dxr(5);glyA(11);recA(9);sodA(11);tpi(8)
GCA_018788555.1.fasta	cdifficile	54	PERFECT	100	adk(1);atpA(4);dxr(7);glyA(1);recA(1);sodA(3);tpi(3)
GCA_018836895.1.fasta	cdifficile	-	MIXED	90	adk(1);atpA(1);dxr(6);glyA(1);recA(8);sodA(5,5);tpi(1)
GCA_018844895.1.fasta	cdifficile	-	MIXED	90	adk(1);atpA(1);dxr(2);glyA(1);recA(1);sodA(1,1);tpi(1)
GCA_018844915.1.fasta	cdifficile	-	MIXED	90	adk(1);atpA(1);dxr(2);glyA(1);recA(1);sodA(1,1);tpi(1)
GCA_018844955.1.fasta	cdifficile	-	MIXED	90	adk(1);atpA(1);dxr(2);glyA(1);recA(1);sodA(1,1);tpi(1)
GCA_018845195.1.fasta	cdifficile	-	MIXED	90	adk(1);atpA(1);dxr(2);glyA(1);recA(1);sodA(1,1);tpi(1)
GCA_018845375.1.fasta	cdifficile	-	MIXED	90	adk(1);atpA(1);dxr(2);glyA(1);recA(1);sodA(1,1);tpi(1)
GCA_018845415.1.fasta	cdifficile	-	MIXED	90	adk(1);atpA(1);dxr(2);glyA(1);recA(1);sodA(1,1);tpi(1)
GCA_018845515.1.fasta	cdifficile	-	MIXED	90	adk(1);atpA(1);dxr(2);glyA(1);recA(1);sodA(1,1);tpi(1)
GCA_018845655.1.fasta	cdifficile	-	MIXED	90	adk(1);atpA(1);dxr(2);glyA(1);recA(1);sodA(1,1);tpi(1)
GCA_018845695.1.fasta	cdifficile	-	MIXED	90	adk(1);atpA(1);dxr(1);glyA(10);recA(1);sodA(3,3);tpi(5)
GCA_018845715.1.fasta	cdifficile	3	PERFECT	100	adk(1);atpA(1);dxr(2);glyA(1);recA(1);sodA(1);tpi(1)
GCA_018845755.1.fasta	cdifficile	3	PERFECT	100	adk(1);atpA(1);dxr(2);glyA(1);recA(1);sodA(1);tpi(1)
GCA_018845835.1.fasta	cdifficile	11	PERFECT	100	adk(5);atpA(8);dxr(5);glyA(11);recA(9);sodA(11);tpi(8)
GCA_018845875.1.fasta	cdifficile	-	MIXED	90	adk(1);atpA(1);dxr(1);glyA(10);recA(1);sodA(3,3);tpi(5)
GCA_018846455.1.fasta	cdifficile	-	MIXED	90	adk(1);atpA(1);dxr(2);glyA(1);recA(1);sodA(1,1);tpi(1)
GCA_018846475.1.fasta	cdifficile	-	MIXED	90	adk(1);atpA(1);dxr(2);glyA(1);recA(1);sodA(1,1);tpi(1)
GCA_018846655.1.fasta	cdifficile	-	MIXED	90	adk(1);atpA(1);dxr(2);glyA(1);recA(1);sodA(1,1);tpi(1)
GCA_018846715.1.fasta	cdifficile	-	MIXED	90	adk(1);atpA(1);dxr(1);glyA(10);recA(1);sodA(3,3);tpi(5)
GCA_018846755.1.fasta	cdifficile	-	MIXED	90	adk(1);atpA(1);dxr(2);glyA(1);recA(1);sodA(1,1);tpi(1)
GCA_018846975.1.fasta	cdifficile	1	PERFECT	100	adk(1);atpA(1);dxr(1);glyA(10);recA(1);sodA(3);tpi(5)
GCA_018848875.1.fasta	cdifficile	1	PERFECT	100	adk(1);atpA(1);dxr(1);glyA(10);recA(1);sodA(3);tpi(5)
GCA_018849255.1.fasta	cdifficile	-	MIXED	90	adk(1);atpA(1);dxr(2);glyA(1);recA(1);sodA(1,1);tpi(1)
GCA_018849295.1.fasta	cdifficile	3	PERFECT	100	adk(1);atpA(1);dxr(2);glyA(1);recA(1);sodA(1);tpi(1)
GCA_018849375.1.fasta	cdifficile	-	MIXED	90	adk(1);atpA(1);dxr(2);glyA(1);recA(1);sodA(1,1);tpi(1)
GCA_018849415.1.fasta	cdifficile	-	MIXED	90	adk(1);atpA(1);dxr(2);glyA(1);recA(1);sodA(1,1);tpi(1)
GCA_018849555.1.fasta	cdifficile	-	MIXED	90	adk(1);atpA(1);dxr(2);glyA(1);recA(1);sodA(1,1);tpi(1)
GCA_018849595.1.fasta	cdifficile	-	MIXED	90	adk(1);atpA(1);dxr(1);glyA(10);recA(1);sodA(3,3);tpi(5)
GCA_018849675.1.fasta	cdifficile	3	PERFECT	100	adk(1);atpA(1);dxr(2);glyA(1);recA(1);sodA(1);tpi(1)
GCA_018849795.1.fasta	cdifficile	-	MIXED	90	adk(1);atpA(1);dxr(2);glyA(1);recA(1);sodA(1,1);tpi(1)
GCA_018849835.1.fasta	cdifficile	-	MIXED	90	adk(1);atpA(1);dxr(2);glyA(1);recA(1);sodA(1,1);tpi(1)
GCA_018850095.1.fasta	cdifficile	-	MIXED	90	adk(1);atpA(1);dxr(6);glyA(1);recA(8);sodA(5,5);tpi(1)
GCA_018851005.1.fasta	cdifficile	-	MIXED	90	adk(1);atpA(1);dxr(1);glyA(10);recA(1);sodA(3,3);tpi(5)
GCA_018851165.1.fasta	cdifficile	3	PERFECT	100	adk(1);atpA(1);dxr(2);glyA(1);recA(1);sodA(1);tpi(1)
GCA_018851415.1.fasta	cdifficile	-	MIXED	90	adk(1);atpA(1);dxr(1);glyA(10);recA(1);sodA(3,3);tpi(5)
GCA_018851575.1.fasta	cdifficile	-	MIXED	90	adk(1);atpA(1);dxr(6,6);glyA(1);recA(8);sodA(5,5);tpi(1)
GCA_018851695.1.fasta	cdifficile	-	MIXED	90	adk(1);atpA(1);dxr(6,6);glyA(1);recA(8);sodA(5,5);tpi(1)
GCA_018852025.1.fasta	cdifficile	-	MIXED	90	adk(1);atpA(1);dxr(6,6);glyA(1);recA(8);sodA(5,5);tpi(1)
GCA_018852185.1.fasta	cdifficile	-	MIXED	90	adk(1);atpA(1);dxr(6);glyA(1);recA(8);sodA(5,5);tpi(1)
GCA_018852685.1.fasta	cdifficile	-	MIXED	90	adk(1);atpA(1);dxr(6);glyA(1);recA(8);sodA(5,5);tpi(1)
GCA_018854515.1.fasta	cdifficile	-	MIXED	90	adk(1);atpA(1);dxr(6,6);glyA(1);recA(8);sodA(5,5);tpi(1)
GCA_018856365.1.fasta	cdifficile	11	PERFECT	100	adk(5);atpA(8);dxr(5);glyA(11);recA(9);sodA(11);tpi(8)
GCA_018856805.1.fasta	cdifficile	15	PERFECT	100	adk(1);atpA(1);dxr(6);glyA(1);recA(8);sodA(5);tpi(1)
GCA_018856945.1.fasta	cdifficile	-	MIXED	90	adk(1);atpA(1);dxr(6,6);glyA(1);recA(8);sodA(5,5);tpi(1)
GCA_018857795.1.fasta	cdifficile	-	MIXED	90	adk(1);atpA(1);dxr(6);glyA(1);recA(8);sodA(5,5);tpi(1)
GCA_018858145.1.fasta	cdifficile	-	MIXED	90	adk(1);atpA(1);dxr(6,6);glyA(1);recA(8);sodA(5,5);tpi(1)
GCA_018858165.1.fasta	cdifficile	-	MIXED	90	adk(1);atpA(1);dxr(6,6);glyA(1);recA(8);sodA(5,5);tpi(1)
GCA_018858265.1.fasta	cdifficile	-	MISSING	77	adk(1);atpA(1);dxr(6);glyA(1);recA(8);sodA(-);tpi(1)
GCA_018858425.1.fasta	cdifficile	-	MIXED	90	adk(1);atpA(1);dxr(6,6);glyA(1);recA(8);sodA(5,5);tpi(1)
GCA_018859205.1.fasta	cdifficile	-	MIXED	90	adk(1);atpA(1);dxr(6);glyA(1);recA(8);sodA(5,5);tpi(1)
GCA_018859325.1.fasta	cdifficile	-	MIXED	77	adk(1);atpA(1);dxr(6,6);glyA(1);recA(8);sodA(-);tpi(1)
GCA_018859995.1.fasta	cdifficile	-	MIXED	90	adk(1);atpA(71);dxr(1);glyA(10);recA(1);sodA(3,3);tpi(5)
GCA_018860065.1.fasta	cdifficile	-	MIXED	90	adk(1);atpA(1);dxr(7);glyA(5);recA(1);sodA(3,3);tpi(3)
GCA_018863985.1.fasta	cdifficile	-	MIXED	90	adk(1);atpA(1);dxr(7);glyA(5);recA(1);sodA(3,3);tpi(3)
GCA_018864085.1.fasta	cdifficile	-	MIXED	90	adk(1);atpA(1);dxr(1);glyA(10);recA(1);sodA(3,3);tpi(5)
GCA_018864285.1.fasta	cdifficile	-	MIXED	90	adk(1);atpA(1);dxr(7);glyA(5);recA(1);sodA(3,3);tpi(3)
GCA_018864425.1.fasta	cdifficile	-	MIXED	90	adk(1);atpA(1);dxr(7);glyA(5);recA(1);sodA(3,3);tpi(3)
GCA_018877215.1.fasta	cdifficile	-	MIXED	90	adk(1);atpA(1);dxr(7);glyA(5);recA(1);sodA(3,3);tpi(3)
GCA_018877335.1.fasta	cdifficile	-	MIXED	90	adk(1);atpA(1);dxr(7,7);glyA(5);recA(1);sodA(3,3);tpi(3)
GCA_018877355.1.fasta	cdifficile	-	MIXED	90	adk(1);atpA(1);dxr(2);glyA(1);recA(1);sodA(1,1);tpi(1)
GCA_018877515.1.fasta	cdifficile	-	MIXED	90	adk(1);atpA(1);dxr(1);glyA(10);recA(1);sodA(3,3);tpi(5)
GCA_018877615.1.fasta	cdifficile	-	MIXED	90	adk(1);atpA(1);dxr(7);glyA(5);recA(1);sodA(3,3);tpi(3)
GCA_018877635.1.fasta	cdifficile	-	MIXED	90	adk(1);atpA(1);dxr(7,7);glyA(5);recA(1);sodA(3,3);tpi(3)
GCA_018877695.1.fasta	cdifficile	-	MIXED	90	adk(1);atpA(1);dxr(2);glyA(1);recA(1);sodA(1,1);tpi(1)
GCA_018877715.1.fasta	cdifficile	-	MIXED	90	adk(1);atpA(1);dxr(7);glyA(5);recA(1);sodA(3,3);tpi(3)
GCA_018877755.1.fasta	cdifficile	-	MIXED	90	adk(1);atpA(1);dxr(7,7);glyA(5);recA(1);sodA(3,3);tpi(3)
GCA_018877975.1.fasta	cdifficile	-	MIXED	90	adk(1);atpA(71);dxr(1);glyA(10);recA(1);sodA(3,3);tpi(5)
GCA_018878155.1.fasta	cdifficile	-	MIXED	90	adk(1);atpA(1);dxr(2);glyA(1);recA(1);sodA(1,1);tpi(1)
GCA_018878175.1.fasta	cdifficile	-	MIXED	90	adk(1);atpA(1);dxr(7);glyA(5);recA(1);sodA(3,3);tpi(3)
GCA_018878255.1.fasta	cdifficile	-	MIXED	90	adk(1);atpA(71);dxr(1);glyA(10);recA(1);sodA(3,3);tpi(5)
GCA_018878315.1.fasta	cdifficile	-	MIXED	90	adk(1);atpA(1);dxr(1);glyA(10);recA(1);sodA(3,3);tpi(5)
GCA_018878335.1.fasta	cdifficile	-	MIXED	90	adk(1);atpA(1);dxr(7);glyA(5);recA(1);sodA(3,3);tpi(3)
GCA_018878375.1.fasta	cdifficile	-	MIXED	90	adk(1);atpA(1);dxr(7);glyA(5);recA(1);sodA(3,3);tpi(3)
GCA_018878735.1.fasta	cdifficile	-	MIXED	90	adk(1);atpA(1);dxr(7);glyA(5);recA(1);sodA(3,3,3);tpi(3)
GCA_018878975.1.fasta	cdifficile	-	MIXED	90	adk(1);atpA(1);dxr(7);glyA(5);recA(1);sodA(3,3);tpi(3)
GCA_018879075.1.fasta	cdifficile	-	MIXED	90	adk(1);atpA(1);dxr(7);glyA(5,5);recA(1);sodA(3,3);tpi(3)
GCA_018879175.1.fasta	cdifficile	-	MIXED	90	adk(1);atpA(71);dxr(1);glyA(10);recA(1);sodA(3,3);tpi(5)
GCA_018879475.1.fasta	cdifficile	-	MIXED	90	adk(1);atpA(5);dxr(7);glyA(1);recA(1);sodA(13,13);tpi(1)
GCA_018879495.1.fasta	cdifficile	-	MIXED	90	adk(1);atpA(1);dxr(7);glyA(5);recA(1);sodA(3,3);tpi(3)
GCA_018879575.1.fasta	cdifficile	11	PERFECT	100	adk(5);atpA(8);dxr(5);glyA(11);recA(9);sodA(11);tpi(8)
GCA_018879695.1.fasta	cdifficile	-	MIXED	90	adk(1);atpA(1);dxr(7,7);glyA(5);recA(1);sodA(3,3);tpi(3)
GCA_018879755.1.fasta	cdifficile	-	MIXED	90	adk(1);atpA(1);dxr(7,7);glyA(5);recA(1);sodA(3,3);tpi(3)
GCA_018879875.1.fasta	cdifficile	63	PERFECT	100	adk(1);atpA(1);dxr(7);glyA(5);recA(1);sodA(3);tpi(3)
GCA_018879915.1.fasta	cdifficile	-	MIXED	90	adk(1);atpA(71);dxr(1);glyA(10);recA(1);sodA(3,3);tpi(5)
GCA_018879975.1.fasta	cdifficile	-	MIXED	90	adk(1);atpA(1);dxr(7,7);glyA(5);recA(1);sodA(3,3);tpi(3)
GCA_018879995.1.fasta	cdifficile	-	MIXED	90	adk(1);atpA(71);dxr(1);glyA(10);recA(1);sodA(3,3);tpi(5)
GCA_018880075.1.fasta	cdifficile	-	MIXED	90	adk(1);atpA(71);dxr(1);glyA(10);recA(1);sodA(3,3);tpi(5)
GCA_018880285.1.fasta	cdifficile	-	MIXED	90	adk(1);atpA(1);dxr(1);glyA(10);recA(1);sodA(3,3);tpi(5)
GCA_018880505.1.fasta	cdifficile	-	MIXED	90	adk(1);atpA(1);dxr(7);glyA(5);recA(1);sodA(3,3);tpi(3)
GCA_018880565.1.fasta	cdifficile	-	MIXED	90	adk(1);atpA(1);dxr(7);glyA(5);recA(1);sodA(3,3);tpi(3)
GCA_018880685.1.fasta	cdifficile	-	MIXED	90	adk(1);atpA(1);dxr(7);glyA(5);recA(1);sodA(3,3,3);tpi(3)
GCA_018880705.1.fasta	cdifficile	-	MIXED	90	adk(1);atpA(1);dxr(7);glyA(5);recA(1);sodA(3,3);tpi(3)
GCA_018881005.1.fasta	cdifficile	-	MIXED	90	adk(1);atpA(1);dxr(2);glyA(1);recA(1);sodA(1,1);tpi(1)
GCA_018888795.1.fasta	cdifficile	37	PERFECT	100	adk(3);atpA(7);dxr(3);glyA(8);recA(6);sodA(9);tpi(11)
GCA_018888855.1.fasta	cdifficile	37	PERFECT	100	adk(3);atpA(7);dxr(3);glyA(8);recA(6);sodA(9);tpi(11)
GCA_018888955.1.fasta	cdifficile	-	MIXED	90	adk(3);atpA(7);dxr(3);glyA(8);recA(6);sodA(9);tpi(11,11)
GCA_018889125.1.fasta	cdifficile	-	MIXED	90	adk(3);atpA(7);dxr(3);glyA(8);recA(6);sodA(9);tpi(11,11)
GCA_018891015.1.fasta	cdifficile	-	MIXED	90	adk(3);atpA(7);dxr(3);glyA(8);recA(6);sodA(9);tpi(11,11)
GCA_018891075.1.fasta	cdifficile	-	MIXED	90	adk(3);atpA(7);dxr(3);glyA(8);recA(6);sodA(9);tpi(11,11)
GCA_018891105.1.fasta	cdifficile	-	MIXED	90	adk(3);atpA(7);dxr(3);glyA(8);recA(6);sodA(9,9);tpi(11,11)
GCA_018891175.1.fasta	cdifficile	37	PERFECT	100	adk(3);atpA(7);dxr(3);glyA(8);recA(6);sodA(9);tpi(11)
GCA_018891205.1.fasta	cdifficile	-	MIXED	90	adk(3);atpA(7);dxr(3);glyA(8);recA(6);sodA(9);tpi(11,11)
GCA_018891335.1.fasta	cdifficile	-	MIXED	90	adk(3);atpA(7);dxr(3);glyA(8);recA(6);sodA(9,9);tpi(11,11)
GCA_018891395.1.fasta	cdifficile	-	MIXED	90	adk(3);atpA(7);dxr(3);glyA(8);recA(6);sodA(9);tpi(11,11)
GCA_018891495.1.fasta	cdifficile	37	PERFECT	100	adk(3);atpA(7);dxr(3);glyA(8);recA(6);sodA(9);tpi(11)
GCA_018891875.1.fasta	cdifficile	-	MIXED	90	adk(1);atpA(4);dxr(7);glyA(1);recA(1);sodA(3,3);tpi(3)
GCA_018892175.1.fasta	cdifficile	37	PERFECT	100	adk(3);atpA(7);dxr(3);glyA(8);recA(6);sodA(9);tpi(11)
GCA_018893195.1.fasta	cdifficile	-	MIXED	90	adk(1);atpA(1);dxr(2);glyA(1);recA(1);sodA(1,1);tpi(1)
GCA_018893355.1.fasta	cdifficile	3	PERFECT	100	adk(1);atpA(1);dxr(2);glyA(1);recA(1);sodA(1);tpi(1)
GCA_018893375.1.fasta	cdifficile	35	PERFECT	100	adk(2);atpA(5);dxr(8);glyA(1);recA(1);sodA(3);tpi(6)
GCA_018893495.1.fasta	cdifficile	54	PERFECT	100	adk(1);atpA(4);dxr(7);glyA(1);recA(1);sodA(3);tpi(3)
GCA_018893735.1.fasta	cdifficile	3	PERFECT	100	adk(1);atpA(1);dxr(2);glyA(1);recA(1);sodA(1);tpi(1)
GCA_018903525.1.fasta	cdifficile	11	PERFECT	100	adk(5);atpA(8);dxr(5);glyA(11);recA(9);sodA(11);tpi(8)
GCA_018905495.1.fasta	cdifficile	-	MIXED	90	adk(1);atpA(1);dxr(2);glyA(1);recA(1);sodA(1,1);tpi(1)
GCA_018907645.1.fasta	cdifficile	11	PERFECT	100	adk(5);atpA(8);dxr(5);glyA(11);recA(9);sodA(11);tpi(8)
GCA_018907875.1.fasta	cdifficile	11	PERFECT	100	adk(5);atpA(8);dxr(5);glyA(11);recA(9);sodA(11);tpi(8)
GCA_018917035.1.fasta	cbotulinum	-	BAD	68	aroE(~27);mdh(20?);aceK(47);oppB(~57);rpoB(20);recA(~23);hsp(~23)
GCA_018924585.1.fasta	cdifficile	-	MIXED	90	adk(2);atpA(5);dxr(8);glyA(1);recA(1);sodA(3,3);tpi(6)
GCA_018925375.1.fasta	cdifficile	35	PERFECT	100	adk(2);atpA(5);dxr(8);glyA(1);recA(1);sodA(3);tpi(6)
GCA_018925515.1.fasta	cdifficile	35	PERFECT	100	adk(2);atpA(5);dxr(8);glyA(1);recA(1);sodA(3);tpi(6)
GCA_018928995.1.fasta	cdifficile	-	MIXED	90	adk(1);atpA(1);dxr(1);glyA(10);recA(1);sodA(3,3);tpi(5)
GCA_018929015.1.fasta	cdifficile	-	MIXED	90	adk(1);atpA(1);dxr(1);glyA(10);recA(1);sodA(3,3);tpi(5)
GCA_018929035.1.fasta	cdifficile	-	MIXED	90	adk(1);atpA(1);dxr(1);glyA(10);recA(1);sodA(3,3);tpi(5)
GCA_018929735.1.fasta	cdifficile	-	MIXED	90	adk(1);atpA(1);dxr(1);glyA(10);recA(1);sodA(3,3);tpi(5)
GCA_018929795.1.fasta	cdifficile	-	MIXED	90	adk(1);atpA(1);dxr(1);glyA(10);recA(1);sodA(3,3);tpi(5)
GCA_018930045.1.fasta	cdifficile	-	MIXED	90	adk(1);atpA(1);dxr(6);glyA(1);recA(8);sodA(5,5);tpi(1)
GCA_018930075.1.fasta	cdifficile	-	MIXED	90	adk(1);atpA(1);dxr(6);glyA(1);recA(4);sodA(3,3);tpi(4)
GCA_018931995.1.fasta	cdifficile	37	PERFECT	100	adk(3);atpA(7);dxr(3);glyA(8);recA(6);sodA(9);tpi(11)
GCA_018940695.1.fasta	cdifficile	-	MIXED	90	adk(3);atpA(7);dxr(3);glyA(8);recA(6);sodA(9,9);tpi(11,11)
GCA_018941035.1.fasta	cdifficile	37	PERFECT	100	adk(3);atpA(7);dxr(3);glyA(8);recA(6);sodA(9);tpi(11)
GCA_018941475.1.fasta	cdifficile	37	PERFECT	100	adk(3);atpA(7);dxr(3);glyA(8);recA(6);sodA(9);tpi(11)
GCA_018941595.1.fasta	cdifficile	-	MIXED	90	adk(3);atpA(7);dxr(3);glyA(8);recA(6);sodA(9);tpi(11,11)
GCA_018941775.1.fasta	cdifficile	-	MIXED	90	adk(3);atpA(7);dxr(3);glyA(8);recA(6);sodA(9);tpi(11,11)
GCA_018942475.1.fasta	cdifficile	37	PERFECT	100	adk(3);atpA(7);dxr(3);glyA(8);recA(6);sodA(9);tpi(11)
GCA_018943375.1.fasta	cdifficile	37	PERFECT	100	adk(3);atpA(7);dxr(3);glyA(8);recA(6);sodA(9);tpi(11)
GCA_018946075.1.fasta	cdifficile	-	MIXED	90	adk(1);atpA(1);dxr(2);glyA(1);recA(1);sodA(1,1);tpi(1)
GCA_018948935.1.fasta	cdifficile	11	PERFECT	100	adk(5);atpA(8);dxr(5);glyA(11);recA(9);sodA(11);tpi(8)
GCA_018949495.1.fasta	cdifficile	11	PERFECT	100	adk(5);atpA(8);dxr(5);glyA(11);recA(9);sodA(11);tpi(8)
GCA_018951255.1.fasta	cdifficile	-	MIXED	90	adk(1);atpA(1);dxr(1);glyA(10);recA(1);sodA(3,3);tpi(5)
GCA_018952255.1.fasta	cdifficile	-	MIXED	90	adk(1);atpA(1);dxr(1);glyA(10);recA(1);sodA(3,3);tpi(5)
GCA_018952275.1.fasta	cdifficile	1	PERFECT	100	adk(1);atpA(1);dxr(1);glyA(10);recA(1);sodA(3);tpi(5)
GCA_018952315.1.fasta	cdifficile	1	PERFECT	100	adk(1);atpA(1);dxr(1);glyA(10);recA(1);sodA(3);tpi(5)
GCA_018952355.1.fasta	cdifficile	-	MIXED	90	adk(1);atpA(1);dxr(1);glyA(10);recA(1);sodA(3,3);tpi(5)
GCA_018952395.1.fasta	cdifficile	-	MIXED	90	adk(1);atpA(1);dxr(1);glyA(10);recA(1);sodA(3,3);tpi(5)
GCA_018952455.1.fasta	cdifficile	-	MIXED	90	adk(1);atpA(1);dxr(1);glyA(10);recA(1);sodA(3,3);tpi(5)
GCA_018952595.1.fasta	cdifficile	-	MIXED	90	adk(1);atpA(1);dxr(1);glyA(10);recA(1);sodA(3,3);tpi(5)
GCA_018956675.1.fasta	cdifficile	37	PERFECT	100	adk(3);atpA(7);dxr(3);glyA(8);recA(6);sodA(9);tpi(11)
GCA_018957215.1.fasta	cdifficile	37	PERFECT	100	adk(3);atpA(7);dxr(3);glyA(8);recA(6);sodA(9);tpi(11)
GCA_018957235.1.fasta	cdifficile	37	PERFECT	100	adk(3);atpA(7);dxr(3);glyA(8);recA(6);sodA(9);tpi(11)
GCA_018957315.1.fasta	cdifficile	37	PERFECT	100	adk(3);atpA(7);dxr(3);glyA(8);recA(6);sodA(9);tpi(11)
GCA_018957375.1.fasta	cdifficile	37	PERFECT	100	adk(3);atpA(7);dxr(3);glyA(8);recA(6);sodA(9);tpi(11)
GCA_018957775.1.fasta	cdifficile	37	PERFECT	100	adk(3);atpA(7);dxr(3);glyA(8);recA(6);sodA(9);tpi(11)
GCA_018959595.1.fasta	cdifficile	37	PERFECT	100	adk(3);atpA(7);dxr(3);glyA(8);recA(6);sodA(9);tpi(11)
GCA_018960195.1.fasta	cdifficile	15	PERFECT	100	adk(1);atpA(1);dxr(6);glyA(1);recA(8);sodA(5);tpi(1)
GCA_018961255.1.fasta	cdifficile	37	PERFECT	100	adk(3);atpA(7);dxr(3);glyA(8);recA(6);sodA(9);tpi(11)
GCA_018961295.1.fasta	cdifficile	-	MIXED	90	adk(3);atpA(7);dxr(3);glyA(8);recA(6);sodA(9);tpi(11,11)
GCA_018961345.1.fasta	cdifficile	-	MIXED	90	adk(3);atpA(7);dxr(3);glyA(8);recA(6);sodA(9);tpi(11,11)
GCA_018961455.1.fasta	cdifficile	37	PERFECT	100	adk(3);atpA(7);dxr(3);glyA(8);recA(6);sodA(9);tpi(11)
GCA_018961515.1.fasta	cdifficile	-	MIXED	90	adk(3);atpA(7);dxr(3);glyA(8);recA(6);sodA(9);tpi(11,11)
GCA_018961835.1.fasta	cdifficile	37	PERFECT	100	adk(3);atpA(7);dxr(3);glyA(8);recA(6);sodA(9);tpi(11)
GCA_018962055.1.fasta	cdifficile	37	PERFECT	100	adk(3);atpA(7);dxr(3);glyA(8);recA(6);sodA(9);tpi(11)
GCA_018962275.1.fasta	cdifficile	37	PERFECT	100	adk(3);atpA(7);dxr(3);glyA(8);recA(6);sodA(9);tpi(11)
GCA_018962635.1.fasta	cdifficile	39	PERFECT	100	adk(3);atpA(7);dxr(10);glyA(8);recA(7);sodA(2);tpi(10)
GCA_018964085.1.fasta	cdifficile	1	PERFECT	100	adk(1);atpA(1);dxr(1);glyA(10);recA(1);sodA(3);tpi(5)
GCA_018964455.1.fasta	cdifficile	15	PERFECT	100	adk(1);atpA(1);dxr(6);glyA(1);recA(8);sodA(5);tpi(1)
GCA_018964495.1.fasta	cdifficile	-	MIXED	90	adk(1);atpA(1);dxr(1);glyA(10);recA(1);sodA(3,3);tpi(5)
GCA_018965805.1.fasta	cdifficile	3	PERFECT	100	adk(1);atpA(1);dxr(2);glyA(1);recA(1);sodA(1);tpi(1)
GCA_019027585.1.fasta	efaecium	132	PERFECT	100	atpA(7);ddl(1);gdh(1);purK(1);gyd(12);pstS(1);adk(1)
GCA_019101345.1.fasta	saureus	5	PERFECT	100	arcC(1);aroE(4);glpF(1);gmk(4);pta(12);tpi(1);yqiL(10)
GCA_019101405.1.fasta	saureus	5	PERFECT	100	arcC(1);aroE(4);glpF(1);gmk(4);pta(12);tpi(1);yqiL(10)
GCA_019169805.2.fasta	cdifficile	63	PERFECT	100	adk(1);atpA(1);dxr(7);glyA(5);recA(1);sodA(3);tpi(3)
GCA_019170505.2.fasta	cdifficile	11	PERFECT	100	adk(5);atpA(8);dxr(5);glyA(11);recA(9);sodA(11);tpi(8)
GCA_019171025.2.fasta	cdifficile	11	PERFECT	100	adk(5);atpA(8);dxr(5);glyA(11);recA(9);sodA(11);tpi(8)
GCA_019171225.2.fasta	cdifficile	1	PERFECT	100	adk(1);atpA(1);dxr(1);glyA(10);recA(1);sodA(3);tpi(5)
GCA_019350975.1.fasta	efaecalis	86	PERFECT	100	gdh(6);gyd(10);pstS(11);gki(17);aroE(4);xpt(2);yqiL(1)
GCA_019351005.1.fasta	efaecalis	86	PERFECT	100	gdh(6);gyd(10);pstS(11);gki(17);aroE(4);xpt(2);yqiL(1)
GCA_019351075.1.fasta	ecoli_achtman_4	226	PERFECT	100	adk(10);fumC(27);gyrB(5);icd(8);mdh(8);purA(7);recA(2)
GCA_019352515.1.fasta	efaecalis	4	PERFECT	100	gdh(8);gyd(7);pstS(7);gki(5);aroE(4);xpt(4);yqiL(1)
GCA_019352795.1.fasta	efaecalis	1009	PERFECT	100	gdh(12);gyd(6);pstS(28);gki(29);aroE(106);xpt(1);yqiL(20)
GCA_019352805.1.fasta	efaecalis	40	PERFECT	100	gdh(3);gyd(6);pstS(23);gki(12);aroE(9);xpt(10);yqiL(7)
GCA_019368325.1.fasta	ecoli_achtman_4	10	PERFECT	100	adk(10);fumC(11);gyrB(4);icd(8);mdh(8);purA(8);recA(2)
GCA_019368345.1.fasta	ecoli_achtman_4	10	PERFECT	100	adk(10);fumC(11);gyrB(4);icd(8);mdh(8);purA(8);recA(2)
GCA_019368395.1.fasta	ecoli_achtman_4	10	PERFECT	100	adk(10);fumC(11);gyrB(4);icd(8);mdh(8);purA(8);recA(2)
GCA_019368585.1.fasta	ecoli_achtman_4	10	PERFECT	100	adk(10);fumC(11);gyrB(4);icd(8);mdh(8);purA(8);recA(2)
GCA_019427665.1.fasta	cdifficile	11	PERFECT	100	adk(5);atpA(8);dxr(5);glyA(11);recA(9);sodA(11);tpi(8)
GCA_019431165.1.fasta	ecoli_achtman_4	38	PERFECT	100	adk(4);fumC(26);gyrB(2);icd(25);mdh(5);purA(5);recA(19)
GCA_019566415.1.fasta	saureus	1	PERFECT	100	arcC(1);aroE(1);glpF(1);gmk(1);pta(1);tpi(1);yqiL(1)
GCA_019657165.1.fasta	kaerogenes	4	PERFECT	100	dnaA(3);fusA(3);gyrB(1);leuS(4);pryG(3);rplB(1);rpoB(2)
GCA_019730415.1.fasta	saureus	5985	PERFECT	100	arcC(1);aroE(4);glpF(1);gmk(4);pta(731);tpi(1);yqiL(10)
GCA_019761795.1.fasta	cdifficile	54	PERFECT	100	adk(1);atpA(4);dxr(7);glyA(1);recA(1);sodA(3);tpi(3)
GCA_019762835.1.fasta	cdifficile	11	PERFECT	100	adk(5);atpA(8);dxr(5);glyA(11);recA(9);sodA(11);tpi(8)
GCA_019763575.1.fasta	cdifficile	63	PERFECT	100	adk(1);atpA(1);dxr(7);glyA(5);recA(1);sodA(3);tpi(3)
GCA_019765395.1.fasta	cdifficile	11	PERFECT	100	adk(5);atpA(8);dxr(5);glyA(11);recA(9);sodA(11);tpi(8)
GCA_019767835.1.fasta	cdifficile	53	PERFECT	100	adk(1);atpA(2);dxr(2);glyA(1);recA(1);sodA(5);tpi(1)
GCA_019770555.1.fasta	cdifficile	63	PERFECT	100	adk(1);atpA(1);dxr(7);glyA(5);recA(1);sodA(3);tpi(3)
GCA_019771115.1.fasta	cdifficile	3	PERFECT	100	adk(1);atpA(1);dxr(2);glyA(1);recA(1);sodA(1);tpi(1)
GCA_019771615.1.fasta	cdifficile	1	PERFECT	100	adk(1);atpA(1);dxr(1);glyA(10);recA(1);sodA(3);tpi(5)
GCA_019771715.1.fasta	cdifficile	42	PERFECT	100	adk(1);atpA(1);dxr(2);glyA(1);recA(1);sodA(7);tpi(1)
GCA_019836435.1.fasta	cbotulinum	1	PERFECT	100	aroE(13);mdh(6);aceK(13);oppB(10);rpoB(9);recA(8);hsp(9)
GCA_019836465.1.fasta	cbotulinum	7	PERFECT	100	aroE(4);mdh(2);aceK(2);oppB(4);rpoB(2);recA(5);hsp(5)
GCA_019836485.1.fasta	cbotulinum	1	PERFECT	100	aroE(13);mdh(6);aceK(13);oppB(10);rpoB(9);recA(8);hsp(9)
GCA_019836495.1.fasta	cbotulinum	34	PERFECT	100	aroE(16);mdh(12);aceK(20);oppB(8);rpoB(10);recA(12);hsp(9)
GCA_019836515.1.fasta	cbotulinum	4	PERFECT	100	aroE(9);mdh(10);aceK(6);oppB(9);rpoB(8);recA(7);hsp(8)
GCA_019836545.1.fasta	cbotulinum	4	PERFECT	100	aroE(9);mdh(10);aceK(6);oppB(9);rpoB(8);recA(7);hsp(8)
GCA_019836565.1.fasta	cbotulinum	4	PERFECT	100	aroE(9);mdh(10);aceK(6);oppB(9);rpoB(8);recA(7);hsp(8)
GCA_019836605.1.fasta	cbotulinum	4	PERFECT	100	aroE(9);mdh(10);aceK(6);oppB(9);rpoB(8);recA(7);hsp(8)
GCA_019836625.1.fasta	cbotulinum	88	PERFECT	100	aroE(34);mdh(11);aceK(20);oppB(8);rpoB(10);recA(10);hsp(9)
GCA_019836645.1.fasta	cbotulinum	58	PERFECT	100	aroE(13);mdh(8);aceK(15);oppB(9);rpoB(8);recA(7);hsp(8)
GCA_019836685.1.fasta	cbotulinum	-	NOVEL	90	aroE(9);mdh(8);aceK(11);oppB(5);rpoB(8);recA(6);hsp(8)
GCA_019836705.1.fasta	cbotulinum	186	PERFECT	100	aroE(14);mdh(18);aceK(24);oppB(13);rpoB(10);recA(7);hsp(8)
GCA_019836865.1.fasta	cbotulinum	1	PERFECT	100	aroE(13);mdh(6);aceK(13);oppB(10);rpoB(9);recA(8);hsp(9)
GCA_019837645.1.fasta	cbotulinum	1	PERFECT	100	aroE(13);mdh(6);aceK(13);oppB(10);rpoB(9);recA(8);hsp(9)
GCA_019837685.1.fasta	cbotulinum	4	PERFECT	100	aroE(9);mdh(10);aceK(6);oppB(9);rpoB(8);recA(7);hsp(8)
GCA_019837745.1.fasta	cbotulinum	10	PERFECT	100	aroE(11);mdh(5);aceK(11);oppB(5);rpoB(8);recA(6);hsp(8)
GCA_019837765.1.fasta	cbotulinum	1	PERFECT	100	aroE(13);mdh(6);aceK(13);oppB(10);rpoB(9);recA(8);hsp(9)
GCA_019837775.1.fasta	cbotulinum	34	PERFECT	100	aroE(16);mdh(12);aceK(20);oppB(8);rpoB(10);recA(12);hsp(9)
GCA_019837805.1.fasta	cbotulinum	4	PERFECT	100	aroE(9);mdh(10);aceK(6);oppB(9);rpoB(8);recA(7);hsp(8)
GCA_019837865.1.fasta	cbotulinum	-	NOVEL	90	aroE(9);mdh(8);aceK(11);oppB(5);rpoB(8);recA(6);hsp(8)
GCA_019837895.1.fasta	cbotulinum	14	PERFECT	100	aroE(5);mdh(2);aceK(2);oppB(4);rpoB(2);recA(5);hsp(5)
GCA_019838005.1.fasta	cbotulinum	4	PERFECT	100	aroE(9);mdh(10);aceK(6);oppB(9);rpoB(8);recA(7);hsp(8)
GCA_019838025.1.fasta	cbotulinum	18	PERFECT	100	aroE(4);mdh(2);aceK(2);oppB(4);rpoB(2);recA(5);hsp(4)
GCA_019838045.1.fasta	cbotulinum	4	PERFECT	100	aroE(9);mdh(10);aceK(6);oppB(9);rpoB(8);recA(7);hsp(8)
GCA_019838085.1.fasta	cbotulinum	18	PERFECT	100	aroE(4);mdh(2);aceK(2);oppB(4);rpoB(2);recA(5);hsp(4)
GCA_019838095.1.fasta	cbotulinum	10	PERFECT	100	aroE(11);mdh(5);aceK(11);oppB(5);rpoB(8);recA(6);hsp(8)
GCA_019838125.1.fasta	cbotulinum	18	PERFECT	100	aroE(4);mdh(2);aceK(2);oppB(4);rpoB(2);recA(5);hsp(4)
GCA_019838165.1.fasta	cbotulinum	18	PERFECT	100	aroE(4);mdh(2);aceK(2);oppB(4);rpoB(2);recA(5);hsp(4)
GCA_019838225.1.fasta	cbotulinum	1	PERFECT	100	aroE(13);mdh(6);aceK(13);oppB(10);rpoB(9);recA(8);hsp(9)
GCA_019838245.1.fasta	cbotulinum	1	PERFECT	100	aroE(13);mdh(6);aceK(13);oppB(10);rpoB(9);recA(8);hsp(9)
GCA_019838265.1.fasta	cbotulinum	197	PERFECT	100	aroE(13);mdh(6);aceK(7);oppB(10);rpoB(9);recA(9);hsp(9)
GCA_019838285.1.fasta	cbotulinum	197	PERFECT	100	aroE(13);mdh(6);aceK(7);oppB(10);rpoB(9);recA(9);hsp(9)
GCA_019838295.1.fasta	cbotulinum	1	PERFECT	100	aroE(13);mdh(6);aceK(13);oppB(10);rpoB(9);recA(8);hsp(9)
GCA_019838425.1.fasta	cbotulinum	1	PERFECT	100	aroE(13);mdh(6);aceK(13);oppB(10);rpoB(9);recA(8);hsp(9)
GCA_019838485.1.fasta	cbotulinum	88	PERFECT	100	aroE(34);mdh(11);aceK(20);oppB(8);rpoB(10);recA(10);hsp(9)
GCA_019838495.1.fasta	cbotulinum	88	PERFECT	100	aroE(34);mdh(11);aceK(20);oppB(8);rpoB(10);recA(10);hsp(9)
GCA_019838545.1.fasta	cbotulinum	1	PERFECT	100	aroE(13);mdh(6);aceK(13);oppB(10);rpoB(9);recA(8);hsp(9)
GCA_019838565.1.fasta	cbotulinum	1	PERFECT	100	aroE(13);mdh(6);aceK(13);oppB(10);rpoB(9);recA(8);hsp(9)
GCA_019838585.1.fasta	cbotulinum	34	PERFECT	100	aroE(16);mdh(12);aceK(20);oppB(8);rpoB(10);recA(12);hsp(9)
GCA_019838605.1.fasta	cbotulinum	19	PERFECT	100	aroE(13);mdh(10);aceK(12);oppB(10);rpoB(9);recA(8);hsp(7)
GCA_019838625.1.fasta	cbotulinum	1	PERFECT	100	aroE(13);mdh(6);aceK(13);oppB(10);rpoB(9);recA(8);hsp(9)
GCA_019838645.1.fasta	cbotulinum	4	PERFECT	100	aroE(9);mdh(10);aceK(6);oppB(9);rpoB(8);recA(7);hsp(8)
GCA_019838665.1.fasta	cbotulinum	4	PERFECT	100	aroE(9);mdh(10);aceK(6);oppB(9);rpoB(8);recA(7);hsp(8)
GCA_019838685.1.fasta	cbotulinum	4	PERFECT	100	aroE(9);mdh(10);aceK(6);oppB(9);rpoB(8);recA(7);hsp(8)
GCA_019838705.1.fasta	cbotulinum	34	PERFECT	100	aroE(16);mdh(12);aceK(20);oppB(8);rpoB(10);recA(12);hsp(9)
GCA_019838765.1.fasta	cbotulinum	51	PERFECT	100	aroE(13);mdh(8);aceK(15);oppB(19);rpoB(8);recA(7);hsp(8)
GCA_019838805.1.fasta	cbotulinum	1	PERFECT	100	aroE(13);mdh(6);aceK(13);oppB(10);rpoB(9);recA(8);hsp(9)
GCA_019838825.1.fasta	cbotulinum	1	PERFECT	100	aroE(13);mdh(6);aceK(13);oppB(10);rpoB(9);recA(8);hsp(9)
GCA_019838845.1.fasta	cbotulinum	51	PERFECT	100	aroE(13);mdh(8);aceK(15);oppB(19);rpoB(8);recA(7);hsp(8)
GCA_019838905.1.fasta	cbotulinum	59	PERFECT	100	aroE(13);mdh(5);aceK(14);oppB(8);rpoB(8);recA(7);hsp(8)
GCA_019838985.1.fasta	cbotulinum	1	PERFECT	100	aroE(13);mdh(6);aceK(13);oppB(10);rpoB(9);recA(8);hsp(9)
GCA_019839025.1.fasta	cbotulinum	1	PERFECT	100	aroE(13);mdh(6);aceK(13);oppB(10);rpoB(9);recA(8);hsp(9)
GCA_019839065.1.fasta	cbotulinum	1	PERFECT	100	aroE(13);mdh(6);aceK(13);oppB(10);rpoB(9);recA(8);hsp(9)
GCA_019839085.1.fasta	cbotulinum	1	PERFECT	100	aroE(13);mdh(6);aceK(13);oppB(10);rpoB(9);recA(8);hsp(9)
GCA_019839095.1.fasta	cbotulinum	1	PERFECT	100	aroE(13);mdh(6);aceK(13);oppB(10);rpoB(9);recA(8);hsp(9)
GCA_019839125.1.fasta	cbotulinum	1	PERFECT	100	aroE(13);mdh(6);aceK(13);oppB(10);rpoB(9);recA(8);hsp(9)
GCA_019839135.1.fasta	cbotulinum	1	PERFECT	100	aroE(13);mdh(6);aceK(13);oppB(10);rpoB(9);recA(8);hsp(9)
GCA_019839185.1.fasta	cbotulinum	1	PERFECT	100	aroE(13);mdh(6);aceK(13);oppB(10);rpoB(9);recA(8);hsp(9)
GCA_019839195.1.fasta	cbotulinum	1	PERFECT	100	aroE(13);mdh(6);aceK(13);oppB(10);rpoB(9);recA(8);hsp(9)
GCA_019892855.1.fasta	cdifficile	-	MIXED	90	adk(1);atpA(1);dxr(6);glyA(1);recA(8);sodA(5,5);tpi(1)
GCA_019893195.1.fasta	cdifficile	-	MIXED	90	adk(1);atpA(1);dxr(1);glyA(10);recA(1);sodA(3,3);tpi(5)
GCA_019957805.1.fasta	ecoli_achtman_4	515	PERFECT	100	adk(57);fumC(11);gyrB(1);icd(109);mdh(7);purA(8);recA(2)
GCA_019958035.1.fasta	ecoli_achtman_4	515	PERFECT	100	adk(57);fumC(11);gyrB(1);icd(109);mdh(7);purA(8);recA(2)
GCA_019958145.1.fasta	ecoli_achtman_4	515	PERFECT	100	adk(57);fumC(11);gyrB(1);icd(109);mdh(7);purA(8);recA(2)
GCA_019958175.1.fasta	ecoli_achtman_4	515	PERFECT	100	adk(57);fumC(11);gyrB(1);icd(109);mdh(7);purA(8);recA(2)
GCA_019958195.1.fasta	ecoli_achtman_4	515	PERFECT	100	adk(57);fumC(11);gyrB(1);icd(109);mdh(7);purA(8);recA(2)
GCA_020012435.1.fasta	cbotulinum	4	PERFECT	100	aroE(9);mdh(10);aceK(6);oppB(9);rpoB(8);recA(7);hsp(8)
GCA_020012475.1.fasta	cbotulinum	4	PERFECT	100	aroE(9);mdh(10);aceK(6);oppB(9);rpoB(8);recA(7);hsp(8)
GCA_020017375.1.fasta	cbotulinum	4	PERFECT	100	aroE(9);mdh(10);aceK(6);oppB(9);rpoB(8);recA(7);hsp(8)
GCA_020017395.1.fasta	cbotulinum	10	PERFECT	100	aroE(11);mdh(5);aceK(11);oppB(5);rpoB(8);recA(6);hsp(8)
GCA_020017415.1.fasta	cbotulinum	1	PERFECT	100	aroE(13);mdh(6);aceK(13);oppB(10);rpoB(9);recA(8);hsp(9)
GCA_020017455.1.fasta	cbotulinum	-	BAD	69	aroE(~17);mdh(42?);aceK(47);oppB(~27);rpoB(20);recA(13?);hsp(14)
GCA_020019055.1.fasta	cbotulinum	4	PERFECT	100	aroE(9);mdh(10);aceK(6);oppB(9);rpoB(8);recA(7);hsp(8)
GCA_020163015.1.fasta	efaecium	896	PERFECT	100	atpA(15);ddl(2);gdh(1);purK(44);gyd(1);pstS(20);adk(1)
GCA_020180825.1.fasta	efaecalis	32	PERFECT	100	gdh(8);gyd(7);pstS(9);gki(5);aroE(4);xpt(4);yqiL(1)
GCA_020180875.1.fasta	efaecalis	32	PERFECT	100	gdh(8);gyd(7);pstS(9);gki(5);aroE(4);xpt(4);yqiL(1)
GCA_020180935.1.fasta	efaecalis	32	PERFECT	100	gdh(8);gyd(7);pstS(9);gki(5);aroE(4);xpt(4);yqiL(1)
GCA_020295145.1.fasta	cdifficile	1	PERFECT	100	adk(1);atpA(1);dxr(1);glyA(10);recA(1);sodA(3);tpi(5)
GCA_020472625.1.fasta	cdifficile	-	MIXED	90	adk(1);atpA(1);dxr(6,6);glyA(1);recA(8);sodA(5,5);tpi(1)
GCA_020616875.1.fasta	efaecalis	1510	PERFECT	100	gdh(131);gyd(7);pstS(7);gki(5);aroE(4);xpt(14);yqiL(1)
GCA_020616935.1.fasta	efaecalis	27	PERFECT	100	gdh(3);gyd(2);pstS(7);gki(10);aroE(10);xpt(2);yqiL(7)
GCA_020712275.1.fasta	campylobacter	854	PERFECT	100	aspA(33);glnA(38);gltA(30);glyA(82);pgm(104);tkt(43);uncA(17)
GCA_020717785.1.fasta	vibrio	273	PERFECT	100	gyrB(164);pyrH(123);recA(61);atpA(113)
GCA_020747265.1.fasta	efaecium	18	PERFECT	100	atpA(7);ddl(1);gdh(1);purK(1);gyd(5);pstS(1);adk(1)
GCA_020791195.1.fasta	efaecium	80	PERFECT	100	atpA(9);ddl(1);gdh(1);purK(1);gyd(12);pstS(1);adk(1)
GCA_020819655.1.fasta	cbotulinum	-	NOVEL	90	aroE(13);mdh(5);aceK(17);oppB(5);rpoB(9);recA(7);hsp(6)
GCA_020819805.1.fasta	cbotulinum	86	PERFECT	100	aroE(13);mdh(5);aceK(11);oppB(9);rpoB(8);recA(6);hsp(8)
GCA_020819825.1.fasta	cbotulinum	-	OK	86	aroE(12);mdh(~8);aceK(11);oppB(9);rpoB(8);recA(6);hsp(6)
GCA_020926495.1.fasta	efaecium	80	PERFECT	100	atpA(9);ddl(1);gdh(1);purK(1);gyd(12);pstS(1);adk(1)
GCA_020928315.1.fasta	efaecium	736	PERFECT	100	atpA(1);ddl(3);gdh(1);purK(44);gyd(1);pstS(1);adk(1)
GCA_020928475.1.fasta	efaecium	736	PERFECT	100	atpA(1);ddl(3);gdh(1);purK(44);gyd(1);pstS(1);adk(1)
GCA_020929295.1.fasta	efaecium	17	PERFECT	100	atpA(1);ddl(1);gdh(1);purK(1);gyd(1);pstS(1);adk(1)
GCA_021039575.1.fasta	cdifficile	-	MIXED	90	adk(1);atpA(1);dxr(6);glyA(1);recA(8);sodA(5,5);tpi(1)
GCA_021092735.1.fasta	efaecium	17	PERFECT	100	atpA(1);ddl(1);gdh(1);purK(1);gyd(1);pstS(1);adk(1)
GCA_021110265.1.fasta	cdifficile	3	PERFECT	100	adk(1);atpA(1);dxr(2);glyA(1);recA(1);sodA(1);tpi(1)
GCA_021111435.1.fasta	cdifficile	37	PERFECT	100	adk(3);atpA(7);dxr(3);glyA(8);recA(6);sodA(9);tpi(11)
GCA_021111465.1.fasta	cdifficile	35	PERFECT	100	adk(2);atpA(5);dxr(8);glyA(1);recA(1);sodA(3);tpi(6)
GCA_021113435.1.fasta	cdifficile	35	PERFECT	100	adk(2);atpA(5);dxr(8);glyA(1);recA(1);sodA(3);tpi(6)
GCA_021113535.1.fasta	cdifficile	48	PERFECT	100	adk(1);atpA(1);dxr(2);glyA(1);recA(1);sodA(5);tpi(1)
GCA_021114445.1.fasta	cdifficile	48	PERFECT	100	adk(1);atpA(1);dxr(2);glyA(1);recA(1);sodA(5);tpi(1)
GCA_021114855.1.fasta	cdifficile	39	PERFECT	100	adk(3);atpA(7);dxr(10);glyA(8);recA(7);sodA(2);tpi(10)
GCA_021120635.1.fasta	saureus	398	PERFECT	100	arcC(3);aroE(35);glpF(19);gmk(2);pta(20);tpi(26);yqiL(39)
GCA_021120665.1.fasta	saureus	398	PERFECT	100	arcC(3);aroE(35);glpF(19);gmk(2);pta(20);tpi(26);yqiL(39)
GCA_021120725.1.fasta	saureus	398	PERFECT	100	arcC(3);aroE(35);glpF(19);gmk(2);pta(20);tpi(26);yqiL(39)
GCA_021120775.1.fasta	saureus	398	PERFECT	100	arcC(3);aroE(35);glpF(19);gmk(2);pta(20);tpi(26);yqiL(39)
GCA_021122865.1.fasta	efaecalis	409	PERFECT	100	gdh(1);gyd(7);pstS(69);gki(1);aroE(1);xpt(10);yqiL(1)
GCA_021123115.1.fasta	efaecalis	241	PERFECT	100	gdh(12);gyd(7);pstS(3);gki(17);aroE(6);xpt(18);yqiL(5)
GCA_021123925.1.fasta	saureus	398	PERFECT	100	arcC(3);aroE(35);glpF(19);gmk(2);pta(20);tpi(26);yqiL(39)
GCA_021123945.1.fasta	saureus	398	PERFECT	100	arcC(3);aroE(35);glpF(19);gmk(2);pta(20);tpi(26);yqiL(39)
GCA_021124235.1.fasta	efaecalis	1008	PERFECT	100	gdh(15);gyd(10);pstS(37);gki(54);aroE(3);xpt(15);yqiL(11)
GCA_021311095.1.fasta	efaecium	761	PERFECT	100	atpA(70);ddl(1);gdh(1);purK(1);gyd(12);pstS(1);adk(1)
GCA_021311125.1.fasta	efaecium	761	PERFECT	100	atpA(70);ddl(1);gdh(1);purK(1);gyd(12);pstS(1);adk(1)
GCA_021311135.1.fasta	efaecium	761	PERFECT	100	atpA(70);ddl(1);gdh(1);purK(1);gyd(12);pstS(1);adk(1)
GCA_021311175.1.fasta	efaecium	761	PERFECT	100	atpA(70);ddl(1);gdh(1);purK(1);gyd(12);pstS(1);adk(1)
GCA_021311275.1.fasta	efaecium	761	PERFECT	100	atpA(70);ddl(1);gdh(1);purK(1);gyd(12);pstS(1);adk(1)
GCA_021311315.1.fasta	efaecium	761	PERFECT	100	atpA(70);ddl(1);gdh(1);purK(1);gyd(12);pstS(1);adk(1)
GCA_021311335.1.fasta	efaecium	761	PERFECT	100	atpA(70);ddl(1);gdh(1);purK(1);gyd(12);pstS(1);adk(1)
GCA_021311495.1.fasta	efaecium	761	PERFECT	100	atpA(70);ddl(1);gdh(1);purK(1);gyd(12);pstS(1);adk(1)
GCA_021332395.1.fasta	efaecium	323	PERFECT	100	atpA(5);ddl(1);gdh(1);purK(1);gyd(1);pstS(1);adk(1)
GCA_021335435.1.fasta	efaecium	787	PERFECT	100	atpA(9);ddl(1);gdh(1);purK(1);gyd(12);pstS(7);adk(1)
GCA_021336415.1.fasta	cdifficile	15	PERFECT	100	adk(1);atpA(1);dxr(6);glyA(1);recA(8);sodA(5);tpi(1)
GCA_021363795.1.fasta	cdifficile	-	OK	83	adk(1);atpA(1);dxr(7);glyA(163?);recA(1);sodA(3);tpi(3)
GCA_021363815.1.fasta	cdifficile	63	PERFECT	100	adk(1);atpA(1);dxr(7);glyA(5);recA(1);sodA(3);tpi(3)
GCA_021364155.1.fasta	cdifficile	63	PERFECT	100	adk(1);atpA(1);dxr(7);glyA(5);recA(1);sodA(3);tpi(3)
GCA_021364695.1.fasta	cdifficile	63	PERFECT	100	adk(1);atpA(1);dxr(7);glyA(5);recA(1);sodA(3);tpi(3)
GCA_021390315.1.fasta	efaecalis	8	PERFECT	100	gdh(10);gyd(1);pstS(11);gki(6);aroE(5);xpt(5);yqiL(4)
GCA_021395965.1.fasta	campylobacter	2737	PERFECT	100	aspA(53);glnA(38);gltA(30);glyA(82);pgm(104);tkt(44);uncA(36)
GCA_021420065.1.fasta	efaecium	117	PERFECT	100	atpA(9);ddl(1);gdh(1);purK(1);gyd(1);pstS(1);adk(1)
GCA_021471745.1.fasta	efaecium	117	PERFECT	100	atpA(9);ddl(1);gdh(1);purK(1);gyd(1);pstS(1);adk(1)
GCA_021471945.1.fasta	efaecium	117	PERFECT	100	atpA(9);ddl(1);gdh(1);purK(1);gyd(1);pstS(1);adk(1)
GCA_021472465.1.fasta	ecoli_achtman_4	191	PERFECT	100	adk(6);fumC(29);gyrB(5);icd(18);mdh(11);purA(8);recA(41)
GCA_021472545.1.fasta	ecoli_achtman_4	191	PERFECT	100	adk(6);fumC(29);gyrB(5);icd(18);mdh(11);purA(8);recA(41)
GCA_021472705.1.fasta	ecoli_achtman_4	191	PERFECT	100	adk(6);fumC(29);gyrB(5);icd(18);mdh(11);purA(8);recA(41)
GCA_021751705.1.fasta	cdifficile	11	PERFECT	100	adk(5);atpA(8);dxr(5);glyA(11);recA(9);sodA(11);tpi(8)
GCA_022095525.1.fasta	salmonella	430	PERFECT	100	aroC(145);dnaN(26);hemD(30);hisD(144);purE(21);sucA(145);thrA(28)
GCA_022276725.1.fasta	cdifficile	15	PERFECT	100	adk(1);atpA(1);dxr(6);glyA(1);recA(8);sodA(5);tpi(1)
GCA_022276825.1.fasta	cdifficile	27	PERFECT	100	adk(1);atpA(1);dxr(6);glyA(1);recA(1);sodA(3);tpi(4)
GCA_022281965.1.fasta	cdifficile	1	PERFECT	100	adk(1);atpA(1);dxr(1);glyA(10);recA(1);sodA(3);tpi(5)
GCA_022458775.1.fasta	cdifficile	1	PERFECT	100	adk(1);atpA(1);dxr(1);glyA(10);recA(1);sodA(3);tpi(5)
GCA_022502025.1.fasta	ecoli_achtman_4	1178	PERFECT	100	adk(10);fumC(27);gyrB(5);icd(8);mdh(12);purA(1);recA(2)
GCA_022502725.1.fasta	ecoli_achtman_4	1178	PERFECT	100	adk(10);fumC(27);gyrB(5);icd(8);mdh(12);purA(1);recA(2)
GCA_022503565.1.fasta	ecoli_achtman_4	1178	PERFECT	100	adk(10);fumC(27);gyrB(5);icd(8);mdh(12);purA(1);recA(2)
GCA_022504245.1.fasta	ecoli_achtman_4	1178	PERFECT	100	adk(10);fumC(27);gyrB(5);icd(8);mdh(12);purA(1);recA(2)
GCA_022504265.1.fasta	ecoli_achtman_4	1178	PERFECT	100	adk(10);fumC(27);gyrB(5);icd(8);mdh(12);purA(1);recA(2)
GCA_022505345.1.fasta	ecoli_achtman_4	1178	PERFECT	100	adk(10);fumC(27);gyrB(5);icd(8);mdh(12);purA(1);recA(2)
GCA_022505385.1.fasta	ecoli_achtman_4	1178	PERFECT	100	adk(10);fumC(27);gyrB(5);icd(8);mdh(12);purA(1);recA(2)
GCA_022505865.1.fasta	ecoli_achtman_4	1178	PERFECT	100	adk(10);fumC(27);gyrB(5);icd(8);mdh(12);purA(1);recA(2)
GCA_022506545.1.fasta	ecoli_achtman_4	1178	PERFECT	100	adk(10);fumC(27);gyrB(5);icd(8);mdh(12);purA(1);recA(2)
GCA_022548665.1.fasta	cdifficile	-	MIXED	90	adk(1);atpA(1);dxr(1);glyA(10);recA(1);sodA(3,3);tpi(5)
GCA_022548695.1.fasta	cdifficile	-	MIXED	90	adk(1);atpA(1);dxr(1);glyA(10);recA(1);sodA(3,3);tpi(5)
GCA_022548935.1.fasta	cdifficile	63	PERFECT	100	adk(1);atpA(1);dxr(7);glyA(5);recA(1);sodA(3);tpi(3)
GCA_022761805.1.fasta	cdifficile	63	PERFECT	100	adk(1);atpA(1);dxr(7);glyA(5);recA(1);sodA(3);tpi(3)
GCA_022762325.1.fasta	cdifficile	63	PERFECT	100	adk(1);atpA(1);dxr(7);glyA(5);recA(1);sodA(3);tpi(3)
GCA_022762445.1.fasta	cdifficile	11	PERFECT	100	adk(5);atpA(8);dxr(5);glyA(11);recA(9);sodA(11);tpi(8)
GCA_022803495.1.fasta	cdifficile	3	PERFECT	100	adk(1);atpA(1);dxr(2);glyA(1);recA(1);sodA(1);tpi(1)
GCA_022804375.1.fasta	cdifficile	3	PERFECT	100	adk(1);atpA(1);dxr(2);glyA(1);recA(1);sodA(1);tpi(1)
GCA_022805285.1.fasta	cdifficile	8	PERFECT	100	adk(1);atpA(1);dxr(2);glyA(6);recA(1);sodA(5);tpi(1)
GCA_022805435.1.fasta	cdifficile	37	PERFECT	100	adk(3);atpA(7);dxr(3);glyA(8);recA(6);sodA(9);tpi(11)
GCA_022805655.1.fasta	cdifficile	37	PERFECT	100	adk(3);atpA(7);dxr(3);glyA(8);recA(6);sodA(9);tpi(11)
GCA_022806115.1.fasta	cdifficile	54	PERFECT	100	adk(1);atpA(4);dxr(7);glyA(1);recA(1);sodA(3);tpi(3)
GCA_022806275.1.fasta	cdifficile	35	PERFECT	100	adk(2);atpA(5);dxr(8);glyA(1);recA(1);sodA(3);tpi(6)
GCA_022833145.1.fasta	cbotulinum	18	PERFECT	100	aroE(4);mdh(2);aceK(2);oppB(4);rpoB(2);recA(5);hsp(4)
GCA_022896975.1.fasta	cdifficile	11	PERFECT	100	adk(5);atpA(8);dxr(5);glyA(11);recA(9);sodA(11);tpi(8)
GCA_022898055.1.fasta	cdifficile	1	PERFECT	100	adk(1);atpA(1);dxr(1);glyA(10);recA(1);sodA(3);tpi(5)
GCA_022898095.1.fasta	cdifficile	-	MIXED	90	adk(1);atpA(1);dxr(1);glyA(10);recA(1);sodA(3,3);tpi(5)
GCA_022898495.1.fasta	cdifficile	-	MIXED	90	adk(1);atpA(1);dxr(1);glyA(10);recA(1);sodA(3,3);tpi(5)
GCA_022898615.1.fasta	cdifficile	-	MIXED	90	adk(1);atpA(1);dxr(1);glyA(10);recA(1);sodA(3,3);tpi(5)
GCA_022899365.1.fasta	cdifficile	11	PERFECT	100	adk(5);atpA(8);dxr(5);glyA(11);recA(9);sodA(11);tpi(8)
GCA_022899815.1.fasta	cdifficile	-	MIXED	90	adk(1);atpA(1);dxr(1);glyA(10);recA(1);sodA(3,3);tpi(5)
GCA_022936445.1.fasta	cbotulinum	153	PERFECT	100	aroE(13);mdh(47);aceK(7);oppB(13);rpoB(10);recA(15);hsp(9)
GCA_023097385.1.fasta	ecoli_achtman_4	2161	PERFECT	100	adk(6);fumC(4);gyrB(5);icd(18);mdh(9);purA(8);recA(2)
GCA_023097395.1.fasta	ecoli_achtman_4	2161	PERFECT	100	adk(6);fumC(4);gyrB(5);icd(18);mdh(9);purA(8);recA(2)
GCA_023097425.1.fasta	ecoli_achtman_4	2161	PERFECT	100	adk(6);fumC(4);gyrB(5);icd(18);mdh(9);purA(8);recA(2)
GCA_023097495.1.fasta	ecoli_achtman_4	162	PERFECT	100	adk(9);fumC(65);gyrB(5);icd(1);mdh(9);purA(13);recA(6)
GCA_023097525.1.fasta	ecoli_achtman_4	162	PERFECT	100	adk(9);fumC(65);gyrB(5);icd(1);mdh(9);purA(13);recA(6)
GCA_023097565.1.fasta	ecoli_achtman_4	2161	PERFECT	100	adk(6);fumC(4);gyrB(5);icd(18);mdh(9);purA(8);recA(2)
GCA_023097695.1.fasta	ecoli_achtman_4	2161	PERFECT	100	adk(6);fumC(4);gyrB(5);icd(18);mdh(9);purA(8);recA(2)
GCA_023097725.1.fasta	ecoli_achtman_4	162	PERFECT	100	adk(9);fumC(65);gyrB(5);icd(1);mdh(9);purA(13);recA(6)
GCA_023097745.1.fasta	ecoli_achtman_4	162	PERFECT	100	adk(9);fumC(65);gyrB(5);icd(1);mdh(9);purA(13);recA(6)
GCA_023097765.1.fasta	ecoli_achtman_4	2161	PERFECT	100	adk(6);fumC(4);gyrB(5);icd(18);mdh(9);purA(8);recA(2)
GCA_023097785.1.fasta	ecoli_achtman_4	162	PERFECT	100	adk(9);fumC(65);gyrB(5);icd(1);mdh(9);purA(13);recA(6)
GCA_023099865.2.fasta	ecoli_achtman_4	88	PERFECT	100	adk(6);fumC(4);gyrB(12);icd(1);mdh(20);purA(12);recA(7)
GCA_023100045.2.fasta	ecoli_achtman_4	209	PERFECT	100	adk(10);fumC(11);gyrB(4);icd(8);mdh(8);purA(8);recA(6)
GCA_023112335.1.fasta	saureus	398	PERFECT	100	arcC(3);aroE(35);glpF(19);gmk(2);pta(20);tpi(26);yqiL(39)
GCA_023299225.1.fasta	efaecalis	593	PERFECT	100	gdh(14);gyd(2);pstS(17);gki(1);aroE(3);xpt(3);yqiL(17)
GCA_023299485.1.fasta	efaecalis	1008	PERFECT	100	gdh(15);gyd(10);pstS(37);gki(54);aroE(3);xpt(15);yqiL(11)
GCA_023299505.1.fasta	efaecalis	16	PERFECT	100	gdh(5);gyd(1);pstS(1);gki(3);aroE(7);xpt(7);yqiL(6)
GCA_023299625.1.fasta	efaecalis	86	PERFECT	100	gdh(6);gyd(10);pstS(11);gki(17);aroE(4);xpt(2);yqiL(1)
GCA_023299805.1.fasta	efaecium	1846	PERFECT	100	atpA(5);ddl(4);gdh(1);purK(6);gyd(2);pstS(1);adk(8)
GCA_023341995.1.fasta	cbotulinum	-	NOVEL	90	aroE(32);mdh(20);aceK(39);oppB(31);rpoB(12);recA(13);hsp(23)
GCA_023375265.1.fasta	efaecalis	19	PERFECT	100	gdh(1);gyd(2);pstS(12);gki(8);aroE(1);xpt(6);yqiL(1)
GCA_023375525.1.fasta	efaecalis	16	PERFECT	100	gdh(5);gyd(1);pstS(1);gki(3);aroE(7);xpt(7);yqiL(6)
GCA_023467215.1.fasta	ecoli_achtman_4	1178	PERFECT	100	adk(10);fumC(27);gyrB(5);icd(8);mdh(12);purA(1);recA(2)
GCA_023582565.1.fasta	efaecium	17	PERFECT	100	atpA(1);ddl(1);gdh(1);purK(1);gyd(1);pstS(1);adk(1)
GCA_023582745.1.fasta	efaecium	262	PERFECT	100	atpA(7);ddl(1);gdh(1);purK(1);gyd(5);pstS(7);adk(1)
GCA_023583365.1.fasta	efaecium	-	OK	83	atpA(70);ddl(1);gdh(1);purK(1);gyd(12);pstS(252?);adk(1)
GCA_023583785.1.fasta	efaecalis	28	PERFECT	100	gdh(4);gyd(4);pstS(8);gki(3);aroE(8);xpt(1);yqiL(3)
GCA_023591065.1.fasta	efaecium	80	PERFECT	100	atpA(9);ddl(1);gdh(1);purK(1);gyd(12);pstS(1);adk(1)
GCA_023601145.1.fasta	efaecium	262	PERFECT	100	atpA(7);ddl(1);gdh(1);purK(1);gyd(5);pstS(7);adk(1)
GCA_023601465.1.fasta	efaecium	17	PERFECT	100	atpA(1);ddl(1);gdh(1);purK(1);gyd(1);pstS(1);adk(1)
GCA_023603505.1.fasta	efaecium	1693	PERFECT	100	atpA(9);ddl(1);gdh(1);purK(1);gyd(5);pstS(7);adk(1)
GCA_023604425.1.fasta	proteus	136	PERFECT	100	atpD(43);dnaJ(69);mdh(48);pyrC(71);recA(35);rpoD(42)
GCA_023604545.1.fasta	proteus	302	PERFECT	100	atpD(43);dnaJ(98);mdh(6);pyrC(52);recA(33);rpoD(30)
GCA_023604555.1.fasta	proteus	136	PERFECT	100	atpD(43);dnaJ(69);mdh(48);pyrC(71);recA(35);rpoD(42)
GCA_023604645.1.fasta	proteus	302	PERFECT	100	atpD(43);dnaJ(98);mdh(6);pyrC(52);recA(33);rpoD(30)
GCA_023604655.1.fasta	proteus	302	PERFECT	100	atpD(43);dnaJ(98);mdh(6);pyrC(52);recA(33);rpoD(30)
GCA_023604825.1.fasta	proteus	307	PERFECT	100	atpD(43);dnaJ(92);mdh(10);pyrC(94);recA(19);rpoD(34)
GCA_023631545.1.fasta	campylobacter	5345	PERFECT	100	aspA(53);glnA(38);gltA(30);glyA(82);pgm(104);tkt(43);uncA(36)
GCA_023632685.1.fasta	campylobacter	1450	PERFECT	100	aspA(53);glnA(39);gltA(44);glyA(82);pgm(104);tkt(35);uncA(36)
GCA_023632765.1.fasta	campylobacter	828	PERFECT	100	aspA(33);glnA(39);gltA(30);glyA(82);pgm(104);tkt(43);uncA(17)
GCA_023633425.1.fasta	campylobacter	1058	PERFECT	100	aspA(33);glnA(39);gltA(30);glyA(82);pgm(104);tkt(35);uncA(17)
GCA_023633665.1.fasta	campylobacter	5947	PERFECT	100	aspA(33);glnA(38);gltA(30);glyA(82);pgm(104);tkt(47);uncA(36)
GCA_023650735.1.fasta	efaecalis	256	PERFECT	100	gdh(4);gyd(6);pstS(7);gki(29);aroE(8);xpt(1);yqiL(20)
GCA_023653335.1.fasta	saureus	7635	PERFECT	100	arcC(2);aroE(3);glpF(936);gmk(1);pta(4);tpi(4);yqiL(30)
GCA_023702145.1.fasta	efaecalis	256	PERFECT	100	gdh(4);gyd(6);pstS(7);gki(29);aroE(8);xpt(1);yqiL(20)
GCA_023744765.1.fasta	saureus	-	OK	83	arcC(1228?);aroE(35);glpF(19);gmk(2);pta(20);tpi(26);yqiL(39)
GCA_023776335.1.fasta	efaecium	2910	PERFECT	100	atpA(7);ddl(1);gdh(1);purK(18);gyd(12);pstS(1);adk(3)
GCA_023833875.2.fasta	cdifficile	42	PERFECT	100	adk(1);atpA(1);dxr(2);glyA(1);recA(1);sodA(7);tpi(1)
GCA_023854305.1.fasta	saureus	9	PERFECT	100	arcC(3);aroE(3);glpF(1);gmk(1);pta(1);tpi(1);yqiL(10)
GCA_024128885.1.fasta	ecoli_achtman_4	349	PERFECT	100	adk(34);fumC(36);gyrB(39);icd(87);mdh(67);purA(16);recA(4)
GCA_024128905.1.fasta	ecoli_achtman_4	48	PERFECT	100	adk(6);fumC(11);gyrB(4);icd(8);mdh(8);purA(8);recA(2)
GCA_024128935.1.fasta	ecoli_achtman_4	10562	PERFECT	100	adk(383);fumC(23);gyrB(109);icd(8);mdh(8);purA(435);recA(2)
GCA_024128955.1.fasta	ecoli_achtman_4	641	PERFECT	100	adk(9);fumC(6);gyrB(33);icd(131);mdh(24);purA(8);recA(7)
GCA_024128975.1.fasta	ecoli_achtman_4	2179	PERFECT	100	adk(9);fumC(65);gyrB(5);icd(18);mdh(11);purA(8);recA(6)
GCA_024128995.1.fasta	ecoli_achtman_4	4434	PERFECT	100	adk(6);fumC(19);gyrB(32);icd(135);mdh(11);purA(8);recA(6)
GCA_024148225.1.fasta	cdifficile	15	PERFECT	100	adk(1);atpA(1);dxr(6);glyA(1);recA(8);sodA(5);tpi(1)
GCA_024202785.2.fasta	cdifficile	63	PERFECT	100	adk(1);atpA(1);dxr(7);glyA(5);recA(1);sodA(3);tpi(3)
GCA_024208915.1.fasta	cdifficile	-	MIXED	90	adk(1);atpA(1);dxr(1);glyA(10);recA(1);sodA(3,3);tpi(5)
GCA_024318075.1.fasta	efaecium	117	PERFECT	100	atpA(9);ddl(1);gdh(1);purK(1);gyd(1);pstS(1);adk(1)
GCA_024502225.1.fasta	cdifficile	1	PERFECT	100	adk(1);atpA(1);dxr(1);glyA(10);recA(1);sodA(3);tpi(5)
GCA_024509695.1.fasta	ecoli_achtman_4	1178	PERFECT	100	adk(10);fumC(27);gyrB(5);icd(8);mdh(12);purA(1);recA(2)
GCA_024579755.1.fasta	efaecalis	476	PERFECT	100	gdh(17);gyd(2);pstS(1);gki(3);aroE(14);xpt(14);yqiL(1)
GCA_024579795.1.fasta	efaecalis	100	PERFECT	100	gdh(34);gyd(2);pstS(17);gki(37);aroE(29);xpt(23);yqiL(6)
GCA_024584665.1.fasta	cbotulinum	6	PERFECT	100	aroE(9);mdh(10);aceK(6);oppB(9);rpoB(6);recA(7);hsp(7)
GCA_024588235.1.fasta	saureus	398	PERFECT	100	arcC(3);aroE(35);glpF(19);gmk(2);pta(20);tpi(26);yqiL(39)
GCA_024588255.1.fasta	saureus	398	PERFECT	100	arcC(3);aroE(35);glpF(19);gmk(2);pta(20);tpi(26);yqiL(39)
GCA_024588265.1.fasta	saureus	398	PERFECT	100	arcC(3);aroE(35);glpF(19);gmk(2);pta(20);tpi(26);yqiL(39)
GCA_024588295.1.fasta	saureus	398	PERFECT	100	arcC(3);aroE(35);glpF(19);gmk(2);pta(20);tpi(26);yqiL(39)
GCA_024588305.1.fasta	saureus	398	PERFECT	100	arcC(3);aroE(35);glpF(19);gmk(2);pta(20);tpi(26);yqiL(39)
GCA_024588355.1.fasta	saureus	398	PERFECT	100	arcC(3);aroE(35);glpF(19);gmk(2);pta(20);tpi(26);yqiL(39)
GCA_024588385.1.fasta	saureus	398	PERFECT	100	arcC(3);aroE(35);glpF(19);gmk(2);pta(20);tpi(26);yqiL(39)
GCA_024588435.1.fasta	saureus	398	PERFECT	100	arcC(3);aroE(35);glpF(19);gmk(2);pta(20);tpi(26);yqiL(39)
GCA_024588475.1.fasta	saureus	398	PERFECT	100	arcC(3);aroE(35);glpF(19);gmk(2);pta(20);tpi(26);yqiL(39)
GCA_024588495.1.fasta	saureus	398	PERFECT	100	arcC(3);aroE(35);glpF(19);gmk(2);pta(20);tpi(26);yqiL(39)
GCA_024588595.1.fasta	saureus	398	PERFECT	100	arcC(3);aroE(35);glpF(19);gmk(2);pta(20);tpi(26);yqiL(39)
GCA_024588615.1.fasta	saureus	398	PERFECT	100	arcC(3);aroE(35);glpF(19);gmk(2);pta(20);tpi(26);yqiL(39)
GCA_024588675.1.fasta	saureus	398	PERFECT	100	arcC(3);aroE(35);glpF(19);gmk(2);pta(20);tpi(26);yqiL(39)
GCA_024588715.1.fasta	saureus	398	PERFECT	100	arcC(3);aroE(35);glpF(19);gmk(2);pta(20);tpi(26);yqiL(39)
GCA_024588735.1.fasta	saureus	398	PERFECT	100	arcC(3);aroE(35);glpF(19);gmk(2);pta(20);tpi(26);yqiL(39)
GCA_024588795.1.fasta	saureus	398	PERFECT	100	arcC(3);aroE(35);glpF(19);gmk(2);pta(20);tpi(26);yqiL(39)
GCA_024588825.1.fasta	saureus	398	PERFECT	100	arcC(3);aroE(35);glpF(19);gmk(2);pta(20);tpi(26);yqiL(39)
GCA_024588875.1.fasta	saureus	398	PERFECT	100	arcC(3);aroE(35);glpF(19);gmk(2);pta(20);tpi(26);yqiL(39)
GCA_024588915.1.fasta	saureus	398	PERFECT	100	arcC(3);aroE(35);glpF(19);gmk(2);pta(20);tpi(26);yqiL(39)
GCA_024588945.1.fasta	saureus	398	PERFECT	100	arcC(3);aroE(35);glpF(19);gmk(2);pta(20);tpi(26);yqiL(39)
GCA_024588995.1.fasta	saureus	398	PERFECT	100	arcC(3);aroE(35);glpF(19);gmk(2);pta(20);tpi(26);yqiL(39)
GCA_024589015.1.fasta	saureus	398	PERFECT	100	arcC(3);aroE(35);glpF(19);gmk(2);pta(20);tpi(26);yqiL(39)
GCA_024589995.1.fasta	-	-	NONE	0	
GCA_024591865.1.fasta	-	-	NONE	0	
GCA_024591875.1.fasta	-	-	NONE	0	
GCA_024608245.1.fasta	cbotulinum	34	PERFECT	100	aroE(16);mdh(12);aceK(20);oppB(8);rpoB(10);recA(12);hsp(9)
GCA_024608325.1.fasta	cbotulinum	51	PERFECT	100	aroE(13);mdh(8);aceK(15);oppB(19);rpoB(8);recA(7);hsp(8)
GCA_024608345.1.fasta	cbotulinum	19	PERFECT	100	aroE(13);mdh(10);aceK(12);oppB(10);rpoB(9);recA(8);hsp(7)
GCA_024608365.1.fasta	cbotulinum	11	PERFECT	100	aroE(8);mdh(6);aceK(13);oppB(10);rpoB(9);recA(8);hsp(7)
GCA_024608405.1.fasta	cbotulinum	1	PERFECT	100	aroE(13);mdh(6);aceK(13);oppB(10);rpoB(9);recA(8);hsp(9)
GCA_024608425.1.fasta	cbotulinum	1	PERFECT	100	aroE(13);mdh(6);aceK(13);oppB(10);rpoB(9);recA(8);hsp(9)
GCA_024608445.1.fasta	cbotulinum	59	PERFECT	100	aroE(13);mdh(5);aceK(14);oppB(8);rpoB(8);recA(7);hsp(8)
GCA_024624245.2.fasta	salmonella	155	PERFECT	100	aroC(10);dnaN(60);hemD(58);hisD(66);purE(6);sucA(65);thrA(16)
GCA_024812155.1.fasta	efaecium	117	PERFECT	100	atpA(9);ddl(1);gdh(1);purK(1);gyd(1);pstS(1);adk(1)
GCA_024813895.1.fasta	cbotulinum	6	PERFECT	100	aroE(9);mdh(10);aceK(6);oppB(9);rpoB(6);recA(7);hsp(7)
GCA_024879325.1.fasta	salmonella	155	PERFECT	100	aroC(10);dnaN(60);hemD(58);hisD(66);purE(6);sucA(65);thrA(16)
GCA_024972275.1.fasta	cdifficile	37	PERFECT	100	adk(3);atpA(7);dxr(3);glyA(8);recA(6);sodA(9);tpi(11)
GCA_025000065.1.fasta	cbotulinum	51	PERFECT	100	aroE(13);mdh(8);aceK(15);oppB(19);rpoB(8);recA(7);hsp(8)
GCA_025006225.1.fasta	cbotulinum	16	PERFECT	100	aroE(13);mdh(7);aceK(4);oppB(8);rpoB(9);recA(7);hsp(8)
GCA_025006245.1.fasta	cbotulinum	16	PERFECT	100	aroE(13);mdh(7);aceK(4);oppB(8);rpoB(9);recA(7);hsp(8)
GCA_025006325.1.fasta	cbotulinum	16	PERFECT	100	aroE(13);mdh(7);aceK(4);oppB(8);rpoB(9);recA(7);hsp(8)
GCA_025006365.1.fasta	cbotulinum	16	PERFECT	100	aroE(13);mdh(7);aceK(4);oppB(8);rpoB(9);recA(7);hsp(8)
GCA_025006385.1.fasta	cbotulinum	16	PERFECT	100	aroE(13);mdh(7);aceK(4);oppB(8);rpoB(9);recA(7);hsp(8)
GCA_025006445.1.fasta	cbotulinum	16	PERFECT	100	aroE(13);mdh(7);aceK(4);oppB(8);rpoB(9);recA(7);hsp(8)
GCA_025006465.1.fasta	cbotulinum	16	PERFECT	100	aroE(13);mdh(7);aceK(4);oppB(8);rpoB(9);recA(7);hsp(8)
GCA_025006485.1.fasta	cbotulinum	16	PERFECT	100	aroE(13);mdh(7);aceK(4);oppB(8);rpoB(9);recA(7);hsp(8)
GCA_025006525.1.fasta	cbotulinum	16	PERFECT	100	aroE(13);mdh(7);aceK(4);oppB(8);rpoB(9);recA(7);hsp(8)
GCA_025006565.1.fasta	cbotulinum	16	PERFECT	100	aroE(13);mdh(7);aceK(4);oppB(8);rpoB(9);recA(7);hsp(8)
GCA_025006585.1.fasta	cbotulinum	16	PERFECT	100	aroE(13);mdh(7);aceK(4);oppB(8);rpoB(9);recA(7);hsp(8)
GCA_025006605.1.fasta	cbotulinum	16	PERFECT	100	aroE(13);mdh(7);aceK(4);oppB(8);rpoB(9);recA(7);hsp(8)
GCA_025006625.1.fasta	cbotulinum	16	PERFECT	100	aroE(13);mdh(7);aceK(4);oppB(8);rpoB(9);recA(7);hsp(8)
GCA_025006645.1.fasta	cbotulinum	16	PERFECT	100	aroE(13);mdh(7);aceK(4);oppB(8);rpoB(9);recA(7);hsp(8)
GCA_025006665.1.fasta	cbotulinum	16	PERFECT	100	aroE(13);mdh(7);aceK(4);oppB(8);rpoB(9);recA(7);hsp(8)
GCA_025006685.1.fasta	cbotulinum	16	PERFECT	100	aroE(13);mdh(7);aceK(4);oppB(8);rpoB(9);recA(7);hsp(8)
GCA_025006705.1.fasta	cbotulinum	16	PERFECT	100	aroE(13);mdh(7);aceK(4);oppB(8);rpoB(9);recA(7);hsp(8)
GCA_025006725.1.fasta	cbotulinum	16	PERFECT	100	aroE(13);mdh(7);aceK(4);oppB(8);rpoB(9);recA(7);hsp(8)
GCA_025006745.1.fasta	cbotulinum	16	PERFECT	100	aroE(13);mdh(7);aceK(4);oppB(8);rpoB(9);recA(7);hsp(8)
GCA_025006765.1.fasta	cbotulinum	16	PERFECT	100	aroE(13);mdh(7);aceK(4);oppB(8);rpoB(9);recA(7);hsp(8)
GCA_025006785.1.fasta	cbotulinum	16	PERFECT	100	aroE(13);mdh(7);aceK(4);oppB(8);rpoB(9);recA(7);hsp(8)
GCA_025006795.1.fasta	cbotulinum	16	PERFECT	100	aroE(13);mdh(7);aceK(4);oppB(8);rpoB(9);recA(7);hsp(8)
GCA_025006825.1.fasta	cbotulinum	16	PERFECT	100	aroE(13);mdh(7);aceK(4);oppB(8);rpoB(9);recA(7);hsp(8)
GCA_025006845.1.fasta	cbotulinum	16	PERFECT	100	aroE(13);mdh(7);aceK(4);oppB(8);rpoB(9);recA(7);hsp(8)
GCA_025006865.1.fasta	cbotulinum	-	NOVEL	90	aroE(13);mdh(5);aceK(17);oppB(8);rpoB(9);recA(7);hsp(6)
GCA_025006885.1.fasta	cbotulinum	16	PERFECT	100	aroE(13);mdh(7);aceK(4);oppB(8);rpoB(9);recA(7);hsp(8)
GCA_025006905.1.fasta	cbotulinum	-	NOVEL	90	aroE(13);mdh(5);aceK(17);oppB(8);rpoB(9);recA(7);hsp(6)
GCA_025006925.1.fasta	cbotulinum	16	PERFECT	100	aroE(13);mdh(7);aceK(4);oppB(8);rpoB(9);recA(7);hsp(8)
GCA_025006945.1.fasta	cbotulinum	16	PERFECT	100	aroE(13);mdh(7);aceK(4);oppB(8);rpoB(9);recA(7);hsp(8)
GCA_025006965.1.fasta	cbotulinum	16	PERFECT	100	aroE(13);mdh(7);aceK(4);oppB(8);rpoB(9);recA(7);hsp(8)
GCA_025006985.1.fasta	cbotulinum	16	PERFECT	100	aroE(13);mdh(7);aceK(4);oppB(8);rpoB(9);recA(7);hsp(8)
GCA_025007005.1.fasta	cbotulinum	16	PERFECT	100	aroE(13);mdh(7);aceK(4);oppB(8);rpoB(9);recA(7);hsp(8)
GCA_025007025.1.fasta	cbotulinum	-	NOVEL	90	aroE(13);mdh(5);aceK(17);oppB(5);rpoB(9);recA(7);hsp(6)
GCA_025007045.1.fasta	cbotulinum	16	PERFECT	100	aroE(13);mdh(7);aceK(4);oppB(8);rpoB(9);recA(7);hsp(8)
GCA_025007065.1.fasta	cbotulinum	16	PERFECT	100	aroE(13);mdh(7);aceK(4);oppB(8);rpoB(9);recA(7);hsp(8)
GCA_025007085.1.fasta	cbotulinum	16	PERFECT	100	aroE(13);mdh(7);aceK(4);oppB(8);rpoB(9);recA(7);hsp(8)
GCA_025007105.1.fasta	cbotulinum	16	PERFECT	100	aroE(13);mdh(7);aceK(4);oppB(8);rpoB(9);recA(7);hsp(8)
GCA_025007745.1.fasta	cbotulinum	16	PERFECT	100	aroE(13);mdh(7);aceK(4);oppB(8);rpoB(9);recA(7);hsp(8)
GCA_025007785.1.fasta	cbotulinum	16	PERFECT	100	aroE(13);mdh(7);aceK(4);oppB(8);rpoB(9);recA(7);hsp(8)
GCA_025030455.2.fasta	cbotulinum	96	PERFECT	100	aroE(36);mdh(33);aceK(45);oppB(36);rpoB(26);recA(26);hsp(24)
GCA_025135955.1.fasta	cdifficile	15	PERFECT	100	adk(1);atpA(1);dxr(6);glyA(1);recA(8);sodA(5);tpi(1)
GCA_025171555.1.fasta	campylobacter	902	PERFECT	100	aspA(33);glnA(39);gltA(30);glyA(79);pgm(104);tkt(43);uncA(17)
GCA_025379645.1.fasta	proteus	135	PERFECT	100	atpD(43);dnaJ(68);mdh(6);pyrC(43);recA(24);rpoD(29)
GCA_025397745.1.fasta	cdifficile	37	PERFECT	100	adk(3);atpA(7);dxr(3);glyA(8);recA(6);sodA(9);tpi(11)
GCA_025477575.1.fasta	efaecium	80	PERFECT	100	atpA(9);ddl(1);gdh(1);purK(1);gyd(12);pstS(1);adk(1)
GCA_025477655.1.fasta	efaecium	761	PERFECT	100	atpA(70);ddl(1);gdh(1);purK(1);gyd(12);pstS(1);adk(1)
GCA_025477735.1.fasta	efaecium	1886	PERFECT	100	atpA(9);ddl(1);gdh(1);purK(1);gyd(1);pstS(6);adk(1)
GCA_025477945.1.fasta	efaecium	80	PERFECT	100	atpA(9);ddl(1);gdh(1);purK(1);gyd(12);pstS(1);adk(1)
GCA_025478095.1.fasta	efaecium	80	PERFECT	100	atpA(9);ddl(1);gdh(1);purK(1);gyd(12);pstS(1);adk(1)
GCA_025478555.1.fasta	efaecium	761	PERFECT	100	atpA(70);ddl(1);gdh(1);purK(1);gyd(12);pstS(1);adk(1)
GCA_025479745.1.fasta	efaecium	117	PERFECT	100	atpA(9);ddl(1);gdh(1);purK(1);gyd(1);pstS(1);adk(1)
GCA_025482015.1.fasta	efaecalis	480	PERFECT	100	gdh(1);gyd(1);pstS(22);gki(22);aroE(7);xpt(17);yqiL(6)
GCA_025482495.1.fasta	efaecalis	116	PERFECT	100	gdh(17);gyd(2);pstS(22);gki(1);aroE(14);xpt(14);yqiL(1)
GCA_025482715.1.fasta	efaecalis	1109	PERFECT	100	gdh(3);gyd(1);pstS(11);gki(22);aroE(9);xpt(14);yqiL(7)
GCA_025482725.1.fasta	efaecalis	314	PERFECT	100	gdh(9);gyd(6);pstS(4);gki(49);aroE(11);xpt(15);yqiL(61)
GCA_025532595.1.fasta	cdifficile	2	PERFECT	100	adk(1);atpA(1);dxr(2);glyA(1);recA(5);sodA(3);tpi(1)
GCA_025533375.1.fasta	cdifficile	48	PERFECT	100	adk(1);atpA(1);dxr(2);glyA(1);recA(1);sodA(5);tpi(1)
GCA_025614805.1.fasta	cdifficile	3	PERFECT	100	adk(1);atpA(1);dxr(2);glyA(1);recA(1);sodA(1);tpi(1)
GCA_025660555.1.fasta	proteus	331	PERFECT	100	atpD(42);dnaJ(69);mdh(97);pyrC(79);recA(19);rpoD(39)
GCA_025860585.1.fasta	cdifficile	11	PERFECT	100	adk(5);atpA(8);dxr(5);glyA(11);recA(9);sodA(11);tpi(8)
GCA_025860665.1.fasta	cdifficile	-	MIXED	90	adk(1);atpA(4);dxr(7);glyA(1);recA(1);sodA(3,3);tpi(3)
GCA_025860985.1.fasta	cdifficile	11	PERFECT	100	adk(5);atpA(8);dxr(5);glyA(11);recA(9);sodA(11);tpi(8)
GCA_025861085.1.fasta	cdifficile	-	MIXED	90	adk(1);atpA(1);dxr(1);glyA(10);recA(1);sodA(3,3);tpi(5)
GCA_025861645.1.fasta	cdifficile	11	PERFECT	100	adk(5);atpA(8);dxr(5);glyA(11);recA(9);sodA(11);tpi(8)
GCA_025863475.1.fasta	cdifficile	11	PERFECT	100	adk(5);atpA(8);dxr(5);glyA(11);recA(9);sodA(11);tpi(8)
GCA_025872645.1.fasta	cdifficile	1	PERFECT	100	adk(1);atpA(1);dxr(1);glyA(10);recA(1);sodA(3);tpi(5)
GCA_025874085.1.fasta	cdifficile	-	MIXED	90	adk(1);atpA(1);dxr(1);glyA(10);recA(1);sodA(3,3);tpi(5)
GCA_025874225.1.fasta	cdifficile	11	PERFECT	100	adk(5);atpA(8);dxr(5);glyA(11);recA(9);sodA(11);tpi(8)
GCA_025874325.1.fasta	cdifficile	11	PERFECT	100	adk(5);atpA(8);dxr(5);glyA(11);recA(9);sodA(11);tpi(8)
GCA_025905875.1.fasta	cdifficile	11	PERFECT	100	adk(5);atpA(8);dxr(5);glyA(11);recA(9);sodA(11);tpi(8)
GCA_025909955.1.fasta	ecoli_achtman_4	101	PERFECT	100	adk(43);fumC(41);gyrB(15);icd(18);mdh(11);purA(7);recA(6)
GCA_025953925.1.fasta	efaecium	80	PERFECT	100	atpA(9);ddl(1);gdh(1);purK(1);gyd(12);pstS(1);adk(1)
GCA_025953965.1.fasta	efaecium	80	PERFECT	100	atpA(9);ddl(1);gdh(1);purK(1);gyd(12);pstS(1);adk(1)
GCA_025960185.1.fasta	efaecium	80	PERFECT	100	atpA(9);ddl(1);gdh(1);purK(1);gyd(12);pstS(1);adk(1)
GCA_025973165.1.fasta	efaecium	1421	PERFECT	100	atpA(1);ddl(1);gdh(1);purK(1);gyd(1);pstS(0);adk(1)
GCA_025983725.1.fasta	efaecium	1421	PERFECT	100	atpA(1);ddl(1);gdh(1);purK(1);gyd(1);pstS(0);adk(1)
GCA_025998395.1.fasta	efaecium	117	PERFECT	100	atpA(9);ddl(1);gdh(1);purK(1);gyd(1);pstS(1);adk(1)
GCA_026012595.1.fasta	efaecium	117	PERFECT	100	atpA(9);ddl(1);gdh(1);purK(1);gyd(1);pstS(1);adk(1)
GCA_026130265.1.fasta	cbotulinum	183	PERFECT	100	aroE(22);mdh(4);aceK(3);oppB(3);rpoB(4);recA(17);hsp(16)
GCA_026130295.1.fasta	cbotulinum	-	MISSING	77	aroE(22);mdh(4);aceK(3);oppB(-);rpoB(4);recA(17);hsp(16)
GCA_026130345.1.fasta	cbotulinum	-	OK	82	aroE(~31);mdh(31);aceK(47);oppB(15);rpoB(12);recA(~13);hsp(14)
GCA_026130365.1.fasta	cbotulinum	-	MIXED	90	aroE(26);mdh(22,22);aceK(34);oppB(26);rpoB(19);recA(18);hsp(14)
GCA_026130425.1.fasta	cbotulinum	83	PERFECT	100	aroE(22);mdh(4);aceK(29);oppB(20);rpoB(4);recA(2);hsp(16)
GCA_026130485.1.fasta	cbotulinum	-	MISSING	73	aroE(~2);mdh(4);aceK(3);oppB(-);rpoB(4);recA(2);hsp(16)
GCA_026130495.1.fasta	cbotulinum	-	OK	71	aroE(~17);mdh(42?);aceK(35);oppB(~30);rpoB(12);recA(~19);hsp(14)
GCA_026201915.1.fasta	efaecalis	256	PERFECT	100	gdh(4);gyd(6);pstS(7);gki(29);aroE(8);xpt(1);yqiL(20)
GCA_026201965.1.fasta	efaecalis	256	PERFECT	100	gdh(4);gyd(6);pstS(7);gki(29);aroE(8);xpt(1);yqiL(20)
GCA_026202035.1.fasta	efaecalis	256	PERFECT	100	gdh(4);gyd(6);pstS(7);gki(29);aroE(8);xpt(1);yqiL(20)
GCA_026202075.1.fasta	efaecalis	256	PERFECT	100	gdh(4);gyd(6);pstS(7);gki(29);aroE(8);xpt(1);yqiL(20)
GCA_026202155.1.fasta	efaecalis	256	PERFECT	100	gdh(4);gyd(6);pstS(7);gki(29);aroE(8);xpt(1);yqiL(20)
GCA_026202175.1.fasta	efaecalis	256	PERFECT	100	gdh(4);gyd(6);pstS(7);gki(29);aroE(8);xpt(1);yqiL(20)
GCA_026202275.1.fasta	efaecalis	256	PERFECT	100	gdh(4);gyd(6);pstS(7);gki(29);aroE(8);xpt(1);yqiL(20)
GCA_026203115.1.fasta	efaecalis	256	PERFECT	100	gdh(4);gyd(6);pstS(7);gki(29);aroE(8);xpt(1);yqiL(20)
GCA_026203185.1.fasta	efaecalis	256	PERFECT	100	gdh(4);gyd(6);pstS(7);gki(29);aroE(8);xpt(1);yqiL(20)
GCA_026308695.1.fasta	efaecium	363	PERFECT	100	atpA(15);ddl(1);gdh(1);purK(39);gyd(1);pstS(1);adk(1)
GCA_026344315.1.fasta	cdifficile	3	PERFECT	100	adk(1);atpA(1);dxr(2);glyA(1);recA(1);sodA(1);tpi(1)
GCA_026362555.1.fasta	cdifficile	11	PERFECT	100	adk(5);atpA(8);dxr(5);glyA(11);recA(9);sodA(11);tpi(8)
GCA_026363815.1.fasta	cdifficile	-	MIXED	90	adk(1);atpA(4);dxr(7);glyA(1);recA(1);sodA(3,3);tpi(3)
GCA_026368035.1.fasta	cdifficile	54	PERFECT	100	adk(1);atpA(4);dxr(7);glyA(1);recA(1);sodA(3);tpi(3)
GCA_026512135.1.fasta	saureus	9	PERFECT	100	arcC(3);aroE(3);glpF(1);gmk(1);pta(1);tpi(1);yqiL(10)
GCA_026526775.1.fasta	saureus	9	PERFECT	100	arcC(3);aroE(3);glpF(1);gmk(1);pta(1);tpi(1);yqiL(10)
GCA_026546985.1.fasta	saureus	398	PERFECT	100	arcC(3);aroE(35);glpF(19);gmk(2);pta(20);tpi(26);yqiL(39)
GCA_026547035.1.fasta	saureus	398	PERFECT	100	arcC(3);aroE(35);glpF(19);gmk(2);pta(20);tpi(26);yqiL(39)
GCA_026547075.1.fasta	saureus	398	PERFECT	100	arcC(3);aroE(35);glpF(19);gmk(2);pta(20);tpi(26);yqiL(39)
GCA_026547095.1.fasta	saureus	398	PERFECT	100	arcC(3);aroE(35);glpF(19);gmk(2);pta(20);tpi(26);yqiL(39)
GCA_026547145.1.fasta	saureus	398	PERFECT	100	arcC(3);aroE(35);glpF(19);gmk(2);pta(20);tpi(26);yqiL(39)
GCA_026547185.1.fasta	saureus	398	PERFECT	100	arcC(3);aroE(35);glpF(19);gmk(2);pta(20);tpi(26);yqiL(39)
GCA_026595455.1.fasta	saureus	225	PERFECT	100	arcC(1);aroE(4);glpF(1);gmk(4);pta(12);tpi(25);yqiL(10)
GCA_026617455.1.fasta	efaecalis	6	PERFECT	100	gdh(12);gyd(7);pstS(3);gki(7);aroE(6);xpt(1);yqiL(5)
GCA_026619725.1.fasta	ecoli_achtman_4	46	PERFECT	100	adk(8);fumC(7);gyrB(1);icd(8);mdh(8);purA(8);recA(6)
GCA_026693475.1.fasta	cdifficile	-	MIXED	90	adk(2);atpA(5);dxr(8);glyA(1);recA(1);sodA(3,3);tpi(6)
GCA_026770745.1.fasta	saureus	1	PERFECT	100	arcC(1);aroE(1);glpF(1);gmk(1);pta(1);tpi(1);yqiL(1)
GCA_026770755.1.fasta	saureus	1	PERFECT	100	arcC(1);aroE(1);glpF(1);gmk(1);pta(1);tpi(1);yqiL(1)
GCA_026770765.1.fasta	efaecium	1380	PERFECT	100	atpA(9);ddl(1);gdh(1);purK(1);gyd(12);pstS(27);adk(1)
GCA_026775065.1.fasta	ecoli_achtman_4	1196	PERFECT	100	adk(6);fumC(6);gyrB(33);icd(26);mdh(11);purA(8);recA(2)
GCA_026942205.1.fasta	efaecium	1350	PERFECT	100	atpA(9);ddl(95);gdh(1);purK(1);gyd(12);pstS(1);adk(1)
GCA_027019725.1.fasta	saureus	25	PERFECT	100	arcC(4);aroE(1);glpF(4);gmk(1);pta(5);tpi(5);yqiL(4)
GCA_027090165.1.fasta	cdifficile	1	PERFECT	100	adk(1);atpA(1);dxr(1);glyA(10);recA(1);sodA(3);tpi(5)
GCA_027090225.1.fasta	cdifficile	-	MIXED	90	adk(1);atpA(1);dxr(1);glyA(10);recA(1);sodA(3,3);tpi(5)
GCA_027090245.1.fasta	cdifficile	1	PERFECT	100	adk(1);atpA(1);dxr(1);glyA(10);recA(1);sodA(3);tpi(5)
GCA_027090445.1.fasta	cdifficile	1	PERFECT	100	adk(1);atpA(1);dxr(1);glyA(10);recA(1);sodA(3);tpi(5)
GCA_027092595.1.fasta	cdifficile	-	MIXED	90	adk(1);atpA(1);dxr(1);glyA(10);recA(1);sodA(3,3);tpi(5)
GCA_027093915.1.fasta	cdifficile	-	MIXED	90	adk(1);atpA(1);dxr(1);glyA(10);recA(1);sodA(3,3);tpi(5)
GCA_027096335.1.fasta	cdifficile	-	MIXED	90	adk(1);atpA(1);dxr(1);glyA(10);recA(1);sodA(3,3);tpi(5)
GCA_027475195.1.fasta	saureus	5	PERFECT	100	arcC(1);aroE(4);glpF(1);gmk(4);pta(12);tpi(1);yqiL(10)
GCA_027628645.1.fasta	saureus	398	PERFECT	100	arcC(3);aroE(35);glpF(19);gmk(2);pta(20);tpi(26);yqiL(39)
GCA_027634525.1.fasta	saureus	398	PERFECT	100	arcC(3);aroE(35);glpF(19);gmk(2);pta(20);tpi(26);yqiL(39)
GCA_027644045.1.fasta	saureus	398	PERFECT	100	arcC(3);aroE(35);glpF(19);gmk(2);pta(20);tpi(26);yqiL(39)
GCA_027654625.1.fasta	saureus	398	PERFECT	100	arcC(3);aroE(35);glpF(19);gmk(2);pta(20);tpi(26);yqiL(39)
GCA_027727175.1.fasta	cdifficile	-	MIXED	90	adk(1);atpA(1);dxr(2);glyA(1);recA(1);sodA(1,1);tpi(1)
GCA_027727215.1.fasta	cdifficile	3	PERFECT	100	adk(1);atpA(1);dxr(2);glyA(1);recA(1);sodA(1);tpi(1)
GCA_027727235.1.fasta	cdifficile	-	MIXED	90	adk(1);atpA(1);dxr(1);glyA(10);recA(1);sodA(3,3);tpi(5)
GCA_027727255.1.fasta	cdifficile	-	MIXED	90	adk(1);atpA(1);dxr(1);glyA(10);recA(1);sodA(3,3);tpi(5)
GCA_027727355.1.fasta	cdifficile	-	MIXED	90	adk(1);atpA(1);dxr(1);glyA(10);recA(1);sodA(3,3);tpi(5)
GCA_027729085.1.fasta	cdifficile	-	MIXED	90	adk(3);atpA(7);dxr(3);glyA(8);recA(6);sodA(9);tpi(11,11)
GCA_027729105.1.fasta	cdifficile	-	MIXED	90	adk(1);atpA(1);dxr(2);glyA(1);recA(1);sodA(1,1);tpi(1)
GCA_027729345.1.fasta	cdifficile	-	MIXED	90	adk(1);atpA(1);dxr(7);glyA(5);recA(1);sodA(3,3);tpi(3)
GCA_027729385.1.fasta	cdifficile	-	MIXED	90	adk(1);atpA(1);dxr(2);glyA(1);recA(1);sodA(1,1);tpi(1)
GCA_027729525.1.fasta	cdifficile	-	MIXED	90	adk(1);atpA(1);dxr(7);glyA(5);recA(1);sodA(3,3);tpi(3)
GCA_027730325.1.fasta	cdifficile	-	MIXED	90	adk(1);atpA(1);dxr(1);glyA(10);recA(1);sodA(3,3);tpi(5)
GCA_027730405.1.fasta	cdifficile	-	MIXED	90	adk(1);atpA(1);dxr(1);glyA(10);recA(1);sodA(3,3);tpi(5)
GCA_027730705.1.fasta	cdifficile	1	PERFECT	100	adk(1);atpA(1);dxr(1);glyA(10);recA(1);sodA(3);tpi(5)
GCA_027730845.1.fasta	cdifficile	-	MIXED	90	adk(1);atpA(1);dxr(1);glyA(10);recA(1);sodA(3,3);tpi(5)
GCA_027730965.1.fasta	cdifficile	-	MIXED	90	adk(1);atpA(1);dxr(6);glyA(1);recA(8);sodA(5,5);tpi(1)
GCA_027730985.1.fasta	cdifficile	37	PERFECT	100	adk(3);atpA(7);dxr(3);glyA(8);recA(6);sodA(9);tpi(11)
GCA_027731005.1.fasta	cdifficile	37	PERFECT	100	adk(3);atpA(7);dxr(3);glyA(8);recA(6);sodA(9);tpi(11)
GCA_027735325.1.fasta	saureus	398	PERFECT	100	arcC(3);aroE(35);glpF(19);gmk(2);pta(20);tpi(26);yqiL(39)
GCA_027738165.1.fasta	cdifficile	-	MIXED	90	adk(1);atpA(1);dxr(1);glyA(10);recA(1);sodA(3,3);tpi(5)
GCA_027738335.1.fasta	cdifficile	37	PERFECT	100	adk(3);atpA(7);dxr(3);glyA(8);recA(6);sodA(9);tpi(11)
GCA_027739585.1.fasta	cdifficile	-	MIXED	90	adk(1);atpA(1);dxr(1);glyA(10);recA(1);sodA(3,3);tpi(5)
GCA_027739925.1.fasta	cdifficile	-	MIXED	90	adk(1);atpA(1);dxr(1);glyA(10);recA(1);sodA(3,3);tpi(5)
GCA_027739965.1.fasta	cdifficile	-	MIXED	90	adk(1);atpA(1);dxr(1);glyA(10);recA(1);sodA(3,3);tpi(5)
GCA_027740025.1.fasta	cdifficile	-	MIXED	90	adk(5);atpA(8,8);dxr(5);glyA(11);recA(9);sodA(11);tpi(8)
GCA_027742025.1.fasta	saureus	398	PERFECT	100	arcC(3);aroE(35);glpF(19);gmk(2);pta(20);tpi(26);yqiL(39)
GCA_027742885.1.fasta	saureus	398	PERFECT	100	arcC(3);aroE(35);glpF(19);gmk(2);pta(20);tpi(26);yqiL(39)
GCA_027752805.1.fasta	cdifficile	-	MIXED	90	adk(1);atpA(1);dxr(1);glyA(10);recA(1);sodA(3,3);tpi(5)
GCA_027752825.1.fasta	cdifficile	-	MIXED	90	adk(1);atpA(1);dxr(1);glyA(10);recA(1);sodA(3,3);tpi(5)
GCA_027752985.1.fasta	cdifficile	-	MIXED	90	adk(1);atpA(1);dxr(1);glyA(10);recA(1);sodA(3,3);tpi(5)
GCA_027753025.1.fasta	cdifficile	-	MIXED	90	adk(1);atpA(1);dxr(2);glyA(1);recA(1);sodA(1,1);tpi(1)
GCA_027753045.1.fasta	cdifficile	-	MIXED	90	adk(1);atpA(1);dxr(2);glyA(1);recA(1);sodA(1,1);tpi(1)
GCA_027753085.1.fasta	cdifficile	-	MIXED	90	adk(1);atpA(1);dxr(2);glyA(1);recA(1);sodA(1,1);tpi(1)
GCA_027753105.1.fasta	cdifficile	-	MIXED	90	adk(1);atpA(1);dxr(2);glyA(1);recA(1);sodA(1,1);tpi(1)
GCA_027753125.1.fasta	cdifficile	-	MIXED	90	adk(1);atpA(1);dxr(2);glyA(1);recA(1);sodA(1,1);tpi(1)
GCA_027753145.1.fasta	cdifficile	-	MIXED	90	adk(1);atpA(2);dxr(2);glyA(1);recA(1);sodA(5,5);tpi(3)
GCA_027753165.1.fasta	cdifficile	-	MIXED	90	adk(1);atpA(1);dxr(2);glyA(1);recA(1);sodA(1,1);tpi(1)
GCA_027790995.1.fasta	efaecium	1421	PERFECT	100	atpA(1);ddl(1);gdh(1);purK(1);gyd(1);pstS(0);adk(1)
GCA_027812455.1.fasta	saureus	398	PERFECT	100	arcC(3);aroE(35);glpF(19);gmk(2);pta(20);tpi(26);yqiL(39)
GCA_027848495.1.fasta	efaecium	1886	PERFECT	100	atpA(9);ddl(1);gdh(1);purK(1);gyd(1);pstS(6);adk(1)
GCA_027848535.1.fasta	efaecium	18	PERFECT	100	atpA(7);ddl(1);gdh(1);purK(1);gyd(5);pstS(1);adk(1)
GCA_027872325.1.fasta	saureus	398	PERFECT	100	arcC(3);aroE(35);glpF(19);gmk(2);pta(20);tpi(26);yqiL(39)
GCA_027943665.1.fasta	cbotulinum	133	PERFECT	100	aroE(4);mdh(38);aceK(2);oppB(46);rpoB(2);recA(5);hsp(4)
GCA_027998125.1.fasta	saureus	5	PERFECT	100	arcC(1);aroE(4);glpF(1);gmk(4);pta(12);tpi(1);yqiL(10)
GCA_028003025.1.fasta	saureus	9	PERFECT	100	arcC(3);aroE(3);glpF(1);gmk(1);pta(1);tpi(1);yqiL(10)
GCA_028076475.1.fasta	saureus	30	PERFECT	100	arcC(2);aroE(2);glpF(2);gmk(2);pta(6);tpi(3);yqiL(2)
GCA_028106865.1.fasta	cbotulinum	4	PERFECT	100	aroE(9);mdh(10);aceK(6);oppB(9);rpoB(8);recA(7);hsp(8)
GCA_028110285.1.fasta	cbotulinum	15	PERFECT	100	aroE(13);mdh(8);aceK(11);oppB(5);rpoB(8);recA(6);hsp(8)
GCA_028110395.1.fasta	cbotulinum	18	PERFECT	100	aroE(4);mdh(2);aceK(2);oppB(4);rpoB(2);recA(5);hsp(4)
GCA_028110425.1.fasta	cbotulinum	-	MIXED	90	aroE(4);mdh(2,2);aceK(2);oppB(4);rpoB(2);recA(5);hsp(4)
GCA_028110445.1.fasta	cbotulinum	-	MIXED	90	aroE(4);mdh(2,2);aceK(2);oppB(4);rpoB(2);recA(5);hsp(4)
GCA_028110455.1.fasta	cbotulinum	-	MIXED	90	aroE(4);mdh(2,2);aceK(2);oppB(4);rpoB(2);recA(5);hsp(4)
GCA_028110485.1.fasta	cbotulinum	-	MIXED	90	aroE(4);mdh(2,2);aceK(2);oppB(4);rpoB(2);recA(5);hsp(4)
GCA_028110565.1.fasta	cbotulinum	18	PERFECT	100	aroE(4);mdh(2);aceK(2);oppB(4);rpoB(2);recA(5);hsp(4)
GCA_028110585.1.fasta	cbotulinum	-	MIXED	90	aroE(4);mdh(2,2);aceK(2);oppB(4);rpoB(2);recA(5);hsp(4)
GCA_028110625.1.fasta	cbotulinum	18	PERFECT	100	aroE(4);mdh(2);aceK(2);oppB(4);rpoB(2);recA(5);hsp(4)
GCA_028111375.1.fasta	cbotulinum	-	MIXED	90	aroE(4);mdh(2,2);aceK(2);oppB(4);rpoB(2);recA(5);hsp(4)
GCA_028111405.1.fasta	cbotulinum	-	MIXED	90	aroE(4);mdh(2,2);aceK(2);oppB(4);rpoB(2);recA(5);hsp(4)
GCA_028111445.1.fasta	cbotulinum	-	MIXED	90	aroE(4);mdh(2,2);aceK(2);oppB(4);rpoB(2);recA(5);hsp(4)
GCA_028111465.1.fasta	cbotulinum	-	MIXED	90	aroE(4);mdh(2,2);aceK(2);oppB(4);rpoB(2);recA(5);hsp(4)
GCA_028111495.1.fasta	cbotulinum	-	MIXED	90	aroE(4);mdh(2,2);aceK(2);oppB(4);rpoB(2);recA(5);hsp(4)
GCA_028112305.1.fasta	cbotulinum	-	MIXED	90	aroE(4);mdh(2,2);aceK(2);oppB(4);rpoB(2);recA(5);hsp(4)
GCA_028112345.1.fasta	cbotulinum	-	MIXED	90	aroE(4);mdh(2,2);aceK(2);oppB(4);rpoB(2);recA(5);hsp(4)
GCA_028112415.1.fasta	cbotulinum	-	MIXED	90	aroE(4);mdh(2,2);aceK(2);oppB(4);rpoB(2);recA(5);hsp(4)
GCA_028112425.1.fasta	cbotulinum	-	MIXED	90	aroE(4);mdh(2,2);aceK(2);oppB(4);rpoB(2);recA(5);hsp(4)
GCA_028112435.1.fasta	cbotulinum	-	MIXED	90	aroE(4);mdh(2,2);aceK(2);oppB(4);rpoB(2);recA(5);hsp(4)
GCA_028112485.1.fasta	cbotulinum	-	MIXED	90	aroE(4);mdh(2,2);aceK(2);oppB(4);rpoB(2);recA(5);hsp(4)
GCA_028112505.1.fasta	cbotulinum	-	MIXED	90	aroE(4);mdh(2,2);aceK(2);oppB(4);rpoB(2);recA(5);hsp(4)
GCA_028112555.1.fasta	cbotulinum	-	MIXED	90	aroE(4);mdh(2,2);aceK(2);oppB(4);rpoB(2);recA(5);hsp(4)
GCA_028112595.1.fasta	cbotulinum	18	PERFECT	100	aroE(4);mdh(2);aceK(2);oppB(4);rpoB(2);recA(5);hsp(4)
GCA_028112615.1.fasta	cbotulinum	10	PERFECT	100	aroE(11);mdh(5);aceK(11);oppB(5);rpoB(8);recA(6);hsp(8)
GCA_028113065.1.fasta	cbotulinum	-	MIXED	90	aroE(4);mdh(2,2);aceK(2);oppB(4);rpoB(2);recA(5);hsp(4)
GCA_028163305.1.fasta	cbotulinum	16	PERFECT	100	aroE(13);mdh(7);aceK(4);oppB(8);rpoB(9);recA(7);hsp(8)
GCA_028163345.1.fasta	cbotulinum	-	NOVEL	90	aroE(13);mdh(5);aceK(17);oppB(5);rpoB(9);recA(7);hsp(6)
GCA_028163365.1.fasta	cbotulinum	16	PERFECT	100	aroE(13);mdh(7);aceK(4);oppB(8);rpoB(9);recA(7);hsp(8)
GCA_028178805.1.fasta	cdifficile	3	PERFECT	100	adk(1);atpA(1);dxr(2);glyA(1);recA(1);sodA(1);tpi(1)
GCA_028179345.1.fasta	cdifficile	37	PERFECT	100	adk(3);atpA(7);dxr(3);glyA(8);recA(6);sodA(9);tpi(11)
GCA_028179385.1.fasta	cdifficile	3	PERFECT	100	adk(1);atpA(1);dxr(2);glyA(1);recA(1);sodA(1);tpi(1)
GCA_028179485.1.fasta	cdifficile	37	PERFECT	100	adk(3);atpA(7);dxr(3);glyA(8);recA(6);sodA(9);tpi(11)
GCA_028191485.1.fasta	saureus	573	PERFECT	100	arcC(1);aroE(1);glpF(1);gmk(1);pta(12);tpi(1);yqiL(1)
GCA_028204055.1.fasta	efaecium	80	PERFECT	100	atpA(9);ddl(1);gdh(1);purK(1);gyd(12);pstS(1);adk(1)
GCA_028204075.1.fasta	efaecium	80	PERFECT	100	atpA(9);ddl(1);gdh(1);purK(1);gyd(12);pstS(1);adk(1)
GCA_028231375.1.fasta	cdifficile	35	PERFECT	100	adk(2);atpA(5);dxr(8);glyA(1);recA(1);sodA(3);tpi(6)
GCA_028234635.1.fasta	cdifficile	3	PERFECT	100	adk(1);atpA(1);dxr(2);glyA(1);recA(1);sodA(1);tpi(1)
GCA_028238275.1.fasta	cdifficile	37	PERFECT	100	adk(3);atpA(7);dxr(3);glyA(8);recA(6);sodA(9);tpi(11)
GCA_028300025.1.fasta	campylobacter	1068	PERFECT	100	aspA(33);glnA(39);gltA(30);glyA(78);pgm(104);tkt(43);uncA(17)
GCA_028335025.1.fasta	saureus	398	PERFECT	100	arcC(3);aroE(35);glpF(19);gmk(2);pta(20);tpi(26);yqiL(39)
GCA_028335045.1.fasta	saureus	398	PERFECT	100	arcC(3);aroE(35);glpF(19);gmk(2);pta(20);tpi(26);yqiL(39)
GCA_028416655.1.fasta	cbotulinum	14	PERFECT	100	aroE(5);mdh(2);aceK(2);oppB(4);rpoB(2);recA(5);hsp(5)
GCA_028416675.1.fasta	cbotulinum	14	PERFECT	100	aroE(5);mdh(2);aceK(2);oppB(4);rpoB(2);recA(5);hsp(5)
GCA_028416695.1.fasta	cbotulinum	14	PERFECT	100	aroE(5);mdh(2);aceK(2);oppB(4);rpoB(2);recA(5);hsp(5)
GCA_028452215.1.fasta	saureus	398	PERFECT	100	arcC(3);aroE(35);glpF(19);gmk(2);pta(20);tpi(26);yqiL(39)
GCA_028532705.1.fasta	efaecalis	-	OK	86	gdh(17);gyd(2);pstS(22);gki(1);aroE(~14);xpt(14);yqiL(1)
GCA_028576135.1.fasta	cbotulinum	32	PERFECT	100	aroE(13);mdh(8);aceK(18);oppB(9);rpoB(11);recA(10);hsp(11)
GCA_028576155.1.fasta	cbotulinum	32	PERFECT	100	aroE(13);mdh(8);aceK(18);oppB(9);rpoB(11);recA(10);hsp(11)
GCA_028576175.1.fasta	cbotulinum	32	PERFECT	100	aroE(13);mdh(8);aceK(18);oppB(9);rpoB(11);recA(10);hsp(11)
GCA_028576195.1.fasta	cbotulinum	32	PERFECT	100	aroE(13);mdh(8);aceK(18);oppB(9);rpoB(11);recA(10);hsp(11)
GCA_028576215.1.fasta	cbotulinum	32	PERFECT	100	aroE(13);mdh(8);aceK(18);oppB(9);rpoB(11);recA(10);hsp(11)
GCA_028576255.1.fasta	cbotulinum	-	OK	86	aroE(31);mdh(13);aceK(39);oppB(14);rpoB(12);recA(~14);hsp(29)
GCA_028576275.1.fasta	cbotulinum	32	PERFECT	100	aroE(13);mdh(8);aceK(18);oppB(9);rpoB(11);recA(10);hsp(11)
GCA_028576295.1.fasta	cbotulinum	31	PERFECT	100	aroE(13);mdh(5);aceK(17);oppB(9);rpoB(9);recA(6);hsp(10)
GCA_028576315.1.fasta	cbotulinum	-	OK	86	aroE(31);mdh(20);aceK(39);oppB(14);rpoB(12);recA(~13);hsp(29)
GCA_028576335.1.fasta	cbotulinum	32	PERFECT	100	aroE(13);mdh(8);aceK(18);oppB(9);rpoB(11);recA(10);hsp(11)
GCA_028576355.1.fasta	cbotulinum	32	PERFECT	100	aroE(13);mdh(8);aceK(18);oppB(9);rpoB(11);recA(10);hsp(11)
GCA_028576375.1.fasta	cbotulinum	31	PERFECT	100	aroE(13);mdh(5);aceK(17);oppB(9);rpoB(9);recA(6);hsp(10)
GCA_028576395.1.fasta	cbotulinum	32	PERFECT	100	aroE(13);mdh(8);aceK(18);oppB(9);rpoB(11);recA(10);hsp(11)
GCA_028576415.1.fasta	cbotulinum	31	PERFECT	100	aroE(13);mdh(5);aceK(17);oppB(9);rpoB(9);recA(6);hsp(10)
GCA_028576435.1.fasta	cbotulinum	32	PERFECT	100	aroE(13);mdh(8);aceK(18);oppB(9);rpoB(11);recA(10);hsp(11)
GCA_028576455.1.fasta	cbotulinum	32	PERFECT	100	aroE(13);mdh(8);aceK(18);oppB(9);rpoB(11);recA(10);hsp(11)
GCA_028576475.1.fasta	cbotulinum	32	PERFECT	100	aroE(13);mdh(8);aceK(18);oppB(9);rpoB(11);recA(10);hsp(11)
GCA_028576495.1.fasta	cbotulinum	32	PERFECT	100	aroE(13);mdh(8);aceK(18);oppB(9);rpoB(11);recA(10);hsp(11)
GCA_028576515.1.fasta	cbotulinum	32	PERFECT	100	aroE(13);mdh(8);aceK(18);oppB(9);rpoB(11);recA(10);hsp(11)
GCA_028576535.1.fasta	cbotulinum	31	PERFECT	100	aroE(13);mdh(5);aceK(17);oppB(9);rpoB(9);recA(6);hsp(10)
GCA_028576555.1.fasta	cbotulinum	31	PERFECT	100	aroE(13);mdh(5);aceK(17);oppB(9);rpoB(9);recA(6);hsp(10)
GCA_028576575.1.fasta	cbotulinum	32	PERFECT	100	aroE(13);mdh(8);aceK(18);oppB(9);rpoB(11);recA(10);hsp(11)
GCA_028576635.1.fasta	cbotulinum	32	PERFECT	100	aroE(13);mdh(8);aceK(18);oppB(9);rpoB(11);recA(10);hsp(11)
GCA_028576655.1.fasta	cbotulinum	32	PERFECT	100	aroE(13);mdh(8);aceK(18);oppB(9);rpoB(11);recA(10);hsp(11)
GCA_028576675.1.fasta	cbotulinum	32	PERFECT	100	aroE(13);mdh(8);aceK(18);oppB(9);rpoB(11);recA(10);hsp(11)
GCA_028576755.1.fasta	cbotulinum	31	PERFECT	100	aroE(13);mdh(5);aceK(17);oppB(9);rpoB(9);recA(6);hsp(10)
GCA_028577035.1.fasta	cbotulinum	32	PERFECT	100	aroE(13);mdh(8);aceK(18);oppB(9);rpoB(11);recA(10);hsp(11)
GCA_028577055.1.fasta	cbotulinum	31	PERFECT	100	aroE(13);mdh(5);aceK(17);oppB(9);rpoB(9);recA(6);hsp(10)
GCA_028577095.1.fasta	cbotulinum	32	PERFECT	100	aroE(13);mdh(8);aceK(18);oppB(9);rpoB(11);recA(10);hsp(11)
GCA_028577135.1.fasta	cbotulinum	32	PERFECT	100	aroE(13);mdh(8);aceK(18);oppB(9);rpoB(11);recA(10);hsp(11)
GCA_028577155.1.fasta	cbotulinum	31	PERFECT	100	aroE(13);mdh(5);aceK(17);oppB(9);rpoB(9);recA(6);hsp(10)
GCA_028577375.1.fasta	cbotulinum	31	PERFECT	100	aroE(13);mdh(5);aceK(17);oppB(9);rpoB(9);recA(6);hsp(10)
GCA_028577395.1.fasta	cbotulinum	32	PERFECT	100	aroE(13);mdh(8);aceK(18);oppB(9);rpoB(11);recA(10);hsp(11)
GCA_028577415.1.fasta	cbotulinum	32	PERFECT	100	aroE(13);mdh(8);aceK(18);oppB(9);rpoB(11);recA(10);hsp(11)
GCA_028577455.1.fasta	cbotulinum	32	PERFECT	100	aroE(13);mdh(8);aceK(18);oppB(9);rpoB(11);recA(10);hsp(11)
GCA_028577895.1.fasta	cbotulinum	32	PERFECT	100	aroE(13);mdh(8);aceK(18);oppB(9);rpoB(11);recA(10);hsp(11)
GCA_028577935.1.fasta	cbotulinum	31	PERFECT	100	aroE(13);mdh(5);aceK(17);oppB(9);rpoB(9);recA(6);hsp(10)
GCA_028582835.1.fasta	cbotulinum	32	PERFECT	100	aroE(13);mdh(8);aceK(18);oppB(9);rpoB(11);recA(10);hsp(11)
GCA_028582855.1.fasta	cbotulinum	32	PERFECT	100	aroE(13);mdh(8);aceK(18);oppB(9);rpoB(11);recA(10);hsp(11)
GCA_028582865.1.fasta	cbotulinum	32	PERFECT	100	aroE(13);mdh(8);aceK(18);oppB(9);rpoB(11);recA(10);hsp(11)
GCA_028582915.1.fasta	cbotulinum	32	PERFECT	100	aroE(13);mdh(8);aceK(18);oppB(9);rpoB(11);recA(10);hsp(11)
GCA_028596965.1.fasta	cdifficile	11	PERFECT	100	adk(5);atpA(8);dxr(5);glyA(11);recA(9);sodA(11);tpi(8)
GCA_028621735.1.fasta	efaecalis	21	PERFECT	100	gdh(1);gyd(7);pstS(9);gki(1);aroE(1);xpt(1);yqiL(1)
GCA_028621755.1.fasta	efaecalis	256	PERFECT	100	gdh(4);gyd(6);pstS(7);gki(29);aroE(8);xpt(1);yqiL(20)
GCA_028621775.1.fasta	efaecalis	239	PERFECT	100	gdh(4);gyd(7);pstS(11);gki(11);aroE(23);xpt(4);yqiL(2)
GCA_028768695.1.fasta	efaecium	203	PERFECT	100	atpA(15);ddl(1);gdh(1);purK(1);gyd(1);pstS(20);adk(1)
GCA_028923345.1.fasta	cbotulinum	-	OK	83	aroE(31);mdh(13?);aceK(47);oppB(30);rpoB(12);recA(23);hsp(14)
GCA_028924625.1.fasta	cbotulinum	-	OK	83	aroE(31);mdh(13?);aceK(47);oppB(30);rpoB(12);recA(23);hsp(14)
GCA_029085665.1.fasta	klebsiella	6289	PERFECT	100	gapA(38);infB(19);mdh(282);pgi(39);phoE(603);rpoB(63);tonB(148)
GCA_029089045.1.fasta	cdifficile	1	PERFECT	100	adk(1);atpA(1);dxr(1);glyA(10);recA(1);sodA(3);tpi(5)
GCA_029089395.1.fasta	cdifficile	1	PERFECT	100	adk(1);atpA(1);dxr(1);glyA(10);recA(1);sodA(3);tpi(5)
GCA_029094305.1.fasta	saureus	398	PERFECT	100	arcC(3);aroE(35);glpF(19);gmk(2);pta(20);tpi(26);yqiL(39)
GCA_029167685.1.fasta	saureus	398	PERFECT	100	arcC(3);aroE(35);glpF(19);gmk(2);pta(20);tpi(26);yqiL(39)
GCA_029333415.1.fasta	efaecium	817	PERFECT	100	atpA(9);ddl(1);gdh(1);purK(1);gyd(12);pstS(1);adk(3)
GCA_029334815.1.fasta	efaecium	817	PERFECT	100	atpA(9);ddl(1);gdh(1);purK(1);gyd(12);pstS(1);adk(3)
GCA_029434865.1.fasta	proteus	210	PERFECT	100	atpD(43);dnaJ(72);mdh(6);pyrC(94);recA(19);rpoD(34)
GCA_029435295.1.fasta	proteus	234	PERFECT	100	atpD(42);dnaJ(53);mdh(10);pyrC(41);recA(19);rpoD(29)
GCA_029435895.1.fasta	proteus	210	PERFECT	100	atpD(43);dnaJ(72);mdh(6);pyrC(94);recA(19);rpoD(34)
GCA_029435955.1.fasta	proteus	333	PERFECT	100	atpD(50);dnaJ(45);mdh(132);pyrC(91);recA(24);rpoD(29)
GCA_029491945.1.fasta	cdifficile	11	PERFECT	100	adk(5);atpA(8);dxr(5);glyA(11);recA(9);sodA(11);tpi(8)
GCA_029516395.1.fasta	ecoli_achtman_4	48	PERFECT	100	adk(6);fumC(11);gyrB(4);icd(8);mdh(8);purA(8);recA(2)
GCA_029636765.1.fasta	ecoli_achtman_4	48	PERFECT	100	adk(6);fumC(11);gyrB(4);icd(8);mdh(8);purA(8);recA(2)
GCA_029846555.1.fasta	providencia	66	PERFECT	100	fusA(44);gyrB(1);ileS(1);lepA(85);leuS(17)
GCA_029867025.1.fasta	klebsiella	5979	PERFECT	100	gapA(4);infB(3);mdh(1);pgi(36);phoE(9);rpoB(1);tonB(42)
GCA_029962365.1.fasta	cbotulinum	18	PERFECT	100	aroE(4);mdh(2);aceK(2);oppB(4);rpoB(2);recA(5);hsp(4)
GCA_030009635.1.fasta	cdifficile	11	PERFECT	100	adk(5);atpA(8);dxr(5);glyA(11);recA(9);sodA(11);tpi(8)
GCA_030075875.1.fasta	campylobacter	828	PERFECT	100	aspA(33);glnA(39);gltA(30);glyA(82);pgm(104);tkt(43);uncA(17)
GCA_030076225.1.fasta	campylobacter	828	PERFECT	100	aspA(33);glnA(39);gltA(30);glyA(82);pgm(104);tkt(43);uncA(17)
GCA_030194235.1.fasta	ecoli_achtman_4	1674	PERFECT	100	adk(101);fumC(88);gyrB(97);icd(108);mdh(7);purA(13);recA(2)
GCA_030194255.1.fasta	ecoli_achtman_4	1674	PERFECT	100	adk(101);fumC(88);gyrB(97);icd(108);mdh(7);purA(13);recA(2)
GCA_030194295.1.fasta	klebsiella	6262	PERFECT	100	gapA(2);infB(9);mdh(2);pgi(1);phoE(13);rpoB(1);tonB(870)
GCA_030196485.1.fasta	providencia	337	PERFECT	100	fusA(20);gyrB(68);ileS(115);lepA(92);leuS(68)
GCA_030250665.1.fasta	cdifficile	37	PERFECT	100	adk(3);atpA(7);dxr(3);glyA(8);recA(6);sodA(9);tpi(11)
GCA_030250855.1.fasta	cdifficile	37	PERFECT	100	adk(3);atpA(7);dxr(3);glyA(8);recA(6);sodA(9);tpi(11)
GCA_030251325.1.fasta	cdifficile	11	PERFECT	100	adk(5);atpA(8);dxr(5);glyA(11);recA(9);sodA(11);tpi(8)
GCA_030252105.1.fasta	cdifficile	9	PERFECT	100	adk(1);atpA(1);dxr(6);glyA(1);recA(1);sodA(6);tpi(1)
GCA_030317305.1.fasta	cdifficile	42	PERFECT	100	adk(1);atpA(1);dxr(2);glyA(1);recA(1);sodA(7);tpi(1)
GCA_030317365.1.fasta	cdifficile	11	PERFECT	100	adk(5);atpA(8);dxr(5);glyA(11);recA(9);sodA(11);tpi(8)
GCA_030339975.1.fasta	efaecium	761	PERFECT	100	atpA(70);ddl(1);gdh(1);purK(1);gyd(12);pstS(1);adk(1)
GCA_030340165.1.fasta	efaecium	80	PERFECT	100	atpA(9);ddl(1);gdh(1);purK(1);gyd(12);pstS(1);adk(1)
GCA_030340365.1.fasta	efaecium	80	PERFECT	100	atpA(9);ddl(1);gdh(1);purK(1);gyd(12);pstS(1);adk(1)
GCA_030340395.1.fasta	efaecium	80	PERFECT	100	atpA(9);ddl(1);gdh(1);purK(1);gyd(12);pstS(1);adk(1)
GCA_030340465.1.fasta	efaecalis	16	PERFECT	100	gdh(5);gyd(1);pstS(1);gki(3);aroE(7);xpt(7);yqiL(6)
GCA_030340525.1.fasta	efaecalis	21	PERFECT	100	gdh(1);gyd(7);pstS(9);gki(1);aroE(1);xpt(1);yqiL(1)
GCA_030340535.1.fasta	efaecalis	16	PERFECT	100	gdh(5);gyd(1);pstS(1);gki(3);aroE(7);xpt(7);yqiL(6)
GCA_030381285.1.fasta	cdifficile	42	PERFECT	100	adk(1);atpA(1);dxr(2);glyA(1);recA(1);sodA(7);tpi(1)
GCA_030434355.1.fasta	cperfringens	700	PERFECT	100	colA(44);groEL(17);sodA(12);plc(17);gyrB(3);sigK(13);pgk(10);nadA(15)
GCA_030487195.1.fasta	saureus	1	PERFECT	100	arcC(1);aroE(1);glpF(1);gmk(1);pta(1);tpi(1);yqiL(1)
GCA_030488135.1.fasta	saureus	1	PERFECT	100	arcC(1);aroE(1);glpF(1);gmk(1);pta(1);tpi(1);yqiL(1)
GCA_030488345.1.fasta	saureus	1	PERFECT	100	arcC(1);aroE(1);glpF(1);gmk(1);pta(1);tpi(1);yqiL(1)
GCA_030491555.1.fasta	cdifficile	26	PERFECT	100	adk(1);atpA(1);dxr(6);glyA(1);recA(4);sodA(3);tpi(4)
GCA_030491715.1.fasta	cdifficile	1	PERFECT	100	adk(1);atpA(1);dxr(1);glyA(10);recA(1);sodA(3);tpi(5)
GCA_030491735.1.fasta	cdifficile	1	PERFECT	100	adk(1);atpA(1);dxr(1);glyA(10);recA(1);sodA(3);tpi(5)
GCA_030491755.1.fasta	cdifficile	1	PERFECT	100	adk(1);atpA(1);dxr(1);glyA(10);recA(1);sodA(3);tpi(5)
GCA_030494075.1.fasta	cdifficile	63	PERFECT	100	adk(1);atpA(1);dxr(7);glyA(5);recA(1);sodA(3);tpi(3)
GCA_030496055.1.fasta	cdifficile	1	PERFECT	100	adk(1);atpA(1);dxr(1);glyA(10);recA(1);sodA(3);tpi(5)
GCA_030496135.1.fasta	cdifficile	1	PERFECT	100	adk(1);atpA(1);dxr(1);glyA(10);recA(1);sodA(3);tpi(5)
GCA_030496415.1.fasta	cdifficile	1	PERFECT	100	adk(1);atpA(1);dxr(1);glyA(10);recA(1);sodA(3);tpi(5)
GCA_030498895.1.fasta	cdifficile	1	PERFECT	100	adk(1);atpA(1);dxr(1);glyA(10);recA(1);sodA(3);tpi(5)
GCA_030551415.1.fasta	saureus	398	PERFECT	100	arcC(3);aroE(35);glpF(19);gmk(2);pta(20);tpi(26);yqiL(39)
GCA_030551515.1.fasta	saureus	433	PERFECT	100	arcC(2);aroE(2);glpF(2);gmk(2);pta(6);tpi(3);yqiL(72)
GCA_030551525.1.fasta	saureus	541	PERFECT	100	arcC(3);aroE(35);glpF(19);gmk(60);pta(20);tpi(26);yqiL(39)
GCA_030551545.1.fasta	saureus	541	PERFECT	100	arcC(3);aroE(35);glpF(19);gmk(60);pta(20);tpi(26);yqiL(39)
GCA_030551575.1.fasta	saureus	541	PERFECT	100	arcC(3);aroE(35);glpF(19);gmk(60);pta(20);tpi(26);yqiL(39)
GCA_030551595.1.fasta	saureus	541	PERFECT	100	arcC(3);aroE(35);glpF(19);gmk(60);pta(20);tpi(26);yqiL(39)
GCA_030551905.1.fasta	saureus	433	PERFECT	100	arcC(2);aroE(2);glpF(2);gmk(2);pta(6);tpi(3);yqiL(72)
GCA_030551955.1.fasta	saureus	5	PERFECT	100	arcC(1);aroE(4);glpF(1);gmk(4);pta(12);tpi(1);yqiL(10)
GCA_030551995.1.fasta	saureus	9	PERFECT	100	arcC(3);aroE(3);glpF(1);gmk(1);pta(1);tpi(1);yqiL(10)
GCA_030552015.1.fasta	saureus	9	PERFECT	100	arcC(3);aroE(3);glpF(1);gmk(1);pta(1);tpi(1);yqiL(10)
GCA_030552035.1.fasta	saureus	398	PERFECT	100	arcC(3);aroE(35);glpF(19);gmk(2);pta(20);tpi(26);yqiL(39)
GCA_030552075.1.fasta	saureus	8004	PERFECT	100	arcC(2);aroE(2);glpF(637);gmk(2);pta(6);tpi(3);yqiL(72)
GCA_030552175.1.fasta	saureus	433	PERFECT	100	arcC(2);aroE(2);glpF(2);gmk(2);pta(6);tpi(3);yqiL(72)
GCA_030552185.1.fasta	saureus	9	PERFECT	100	arcC(3);aroE(3);glpF(1);gmk(1);pta(1);tpi(1);yqiL(10)
GCA_030552225.1.fasta	saureus	5	PERFECT	100	arcC(1);aroE(4);glpF(1);gmk(4);pta(12);tpi(1);yqiL(10)
GCA_031228685.1.fasta	cbotulinum	96	PERFECT	100	aroE(36);mdh(33);aceK(45);oppB(36);rpoB(26);recA(26);hsp(24)
GCA_031247455.1.fasta	efaecalis	969	PERFECT	100	gdh(17);gyd(2);pstS(1);gki(80);aroE(14);xpt(70);yqiL(1)
GCA_031395075.1.fasta	cperfringens	-	MIXED	86	colA(61);groEL(~183);sodA(1);plc(1);gyrB(8);sigK(5);pgk(4,4);nadA(1)
GCA_031733135.1.fasta	efaecium	-	NOVEL	90	atpA(5);ddl(1);gdh(1);purK(6);gyd(1);pstS(1);adk(1)
GCA_031844905.1.fasta	efaecium	17	PERFECT	100	atpA(1);ddl(1);gdh(1);purK(1);gyd(1);pstS(1);adk(1)
GCA_031844965.1.fasta	efaecium	761	PERFECT	100	atpA(70);ddl(1);gdh(1);purK(1);gyd(12);pstS(1);adk(1)
GCA_031845225.1.fasta	efaecium	17	PERFECT	100	atpA(1);ddl(1);gdh(1);purK(1);gyd(1);pstS(1);adk(1)
GCA_031879475.1.fasta	saureus	398	PERFECT	100	arcC(3);aroE(35);glpF(19);gmk(2);pta(20);tpi(26);yqiL(39)
GCA_031883915.1.fasta	cdifficile	-	MIXED	90	adk(1);atpA(1);dxr(1);glyA(10);recA(1);sodA(3,3);tpi(5)
GCA_031883995.1.fasta	cdifficile	-	MIXED	90	adk(1);atpA(1);dxr(1);glyA(10);recA(1);sodA(3,3);tpi(5)
GCA_031884015.1.fasta	cdifficile	-	MIXED	90	adk(1);atpA(1);dxr(1);glyA(10);recA(1);sodA(3,3);tpi(5)
GCA_031884675.1.fasta	cdifficile	-	MIXED	90	adk(1);atpA(1);dxr(1);glyA(10);recA(1);sodA(3,3);tpi(5)
GCA_031884695.1.fasta	cdifficile	-	MIXED	90	adk(1);atpA(1);dxr(1);glyA(10);recA(1);sodA(3,3);tpi(5)
GCA_031884715.1.fasta	cdifficile	-	MIXED	90	adk(1);atpA(1);dxr(1);glyA(10);recA(1);sodA(3,3);tpi(5)
GCA_031885095.1.fasta	cdifficile	-	MIXED	90	adk(1);atpA(1);dxr(1);glyA(10);recA(1);sodA(3,3);tpi(5)
GCA_031885645.1.fasta	cdifficile	-	MIXED	90	adk(1);atpA(1);dxr(2);glyA(1);recA(1);sodA(7,7);tpi(1)
GCA_031885965.1.fasta	cdifficile	-	MIXED	90	adk(1);atpA(1);dxr(1);glyA(10);recA(1);sodA(3,3);tpi(5)
GCA_031886205.1.fasta	cdifficile	-	MIXED	90	adk(1);atpA(1);dxr(7);glyA(5);recA(1);sodA(3,3);tpi(3)
GCA_031887685.1.fasta	cdifficile	-	MIXED	90	adk(1);atpA(1);dxr(1);glyA(10);recA(1);sodA(3,3);tpi(5)
GCA_031887725.1.fasta	cdifficile	-	MIXED	90	adk(1);atpA(1);dxr(1);glyA(10);recA(1);sodA(3,3);tpi(5)
GCA_031920645.1.fasta	efaecalis	21	PERFECT	100	gdh(1);gyd(7);pstS(9);gki(1);aroE(1);xpt(1);yqiL(1)
GCA_031923305.1.fasta	efaecalis	1867	PERFECT	100	gdh(15);gyd(2);pstS(84);gki(125);aroE(17);xpt(15);yqiL(11)
GCA_031923405.1.fasta	efaecalis	86	PERFECT	100	gdh(6);gyd(10);pstS(11);gki(17);aroE(4);xpt(2);yqiL(1)
GCA_031923415.1.fasta	efaecalis	16	PERFECT	100	gdh(5);gyd(1);pstS(1);gki(3);aroE(7);xpt(7);yqiL(6)
GCA_031923465.1.fasta	efaecalis	16	PERFECT	100	gdh(5);gyd(1);pstS(1);gki(3);aroE(7);xpt(7);yqiL(6)
GCA_031923715.1.fasta	efaecalis	1494	PERFECT	100	gdh(17);gyd(2);pstS(1);gki(3);aroE(14);xpt(58);yqiL(1)
GCA_031932955.1.fasta	saureus	9	PERFECT	100	arcC(3);aroE(3);glpF(1);gmk(1);pta(1);tpi(1);yqiL(10)
GCA_032217505.1.fasta	campylobacter	1625	PERFECT	100	aspA(33);glnA(39);gltA(30);glyA(82);pgm(104);tkt(47);uncA(139)
GCA_032312395.1.fasta	saureus	5	PERFECT	100	arcC(1);aroE(4);glpF(1);gmk(4);pta(12);tpi(1);yqiL(10)
GCA_032313075.1.fasta	saureus	582	PERFECT	100	arcC(13);aroE(13);glpF(1);gmk(1);pta(12);tpi(10);yqiL(13)
GCA_032374885.1.fasta	saureus	398	PERFECT	100	arcC(3);aroE(35);glpF(19);gmk(2);pta(20);tpi(26);yqiL(39)
GCA_032646405.1.fasta	ecoli_achtman_4	1196	PERFECT	100	adk(6);fumC(6);gyrB(33);icd(26);mdh(11);purA(8);recA(2)
GCA_032646485.1.fasta	ecoli_achtman_4	1196	PERFECT	100	adk(6);fumC(6);gyrB(33);icd(26);mdh(11);purA(8);recA(2)
GCA_032646565.1.fasta	ecoli_achtman_4	1196	PERFECT	100	adk(6);fumC(6);gyrB(33);icd(26);mdh(11);purA(8);recA(2)
GCA_032646585.1.fasta	ecoli_achtman_4	1196	PERFECT	100	adk(6);fumC(6);gyrB(33);icd(26);mdh(11);purA(8);recA(2)
GCA_032646625.1.fasta	ecoli_achtman_4	1196	PERFECT	100	adk(6);fumC(6);gyrB(33);icd(26);mdh(11);purA(8);recA(2)
GCA_032647365.1.fasta	ecoli_achtman_4	48	PERFECT	100	adk(6);fumC(11);gyrB(4);icd(8);mdh(8);purA(8);recA(2)
GCA_032667305.1.fasta	efaecium	494	PERFECT	100	atpA(15);ddl(3);gdh(1);purK(1);gyd(1);pstS(20);adk(1)
GCA_032706765.1.fasta	campylobacter	2699	PERFECT	100	aspA(33);glnA(38);gltA(44);glyA(82);pgm(104);tkt(43);uncA(17)
GCA_032963905.1.fasta	campylobacter	-	MIXED	90	aspA(33);glnA(38);gltA(30);glyA(82,82);pgm(104,104);tkt(35);uncA(36)
GCA_032963965.1.fasta	campylobacter	-	MIXED	90	aspA(33);glnA(38);gltA(30);glyA(82);pgm(104,104);tkt(35);uncA(36)
GCA_033192795.1.fasta	cdifficile	11	PERFECT	100	adk(5);atpA(8);dxr(5);glyA(11);recA(9);sodA(11);tpi(8)
GCA_033210595.1.fasta	campylobacter	1068	PERFECT	100	aspA(33);glnA(39);gltA(30);glyA(78);pgm(104);tkt(43);uncA(17)
GCA_033210615.1.fasta	campylobacter	1068	PERFECT	100	aspA(33);glnA(39);gltA(30);glyA(78);pgm(104);tkt(43);uncA(17)
GCA_033210635.1.fasta	campylobacter	1068	PERFECT	100	aspA(33);glnA(39);gltA(30);glyA(78);pgm(104);tkt(43);uncA(17)
GCA_033210645.1.fasta	campylobacter	1068	PERFECT	100	aspA(33);glnA(39);gltA(30);glyA(78);pgm(104);tkt(43);uncA(17)
GCA_033210675.1.fasta	campylobacter	1068	PERFECT	100	aspA(33);glnA(39);gltA(30);glyA(78);pgm(104);tkt(43);uncA(17)
GCA_033210695.1.fasta	campylobacter	1068	PERFECT	100	aspA(33);glnA(39);gltA(30);glyA(78);pgm(104);tkt(43);uncA(17)
GCA_033210715.1.fasta	campylobacter	1068	PERFECT	100	aspA(33);glnA(39);gltA(30);glyA(78);pgm(104);tkt(43);uncA(17)
GCA_033210735.1.fasta	campylobacter	1068	PERFECT	100	aspA(33);glnA(39);gltA(30);glyA(78);pgm(104);tkt(43);uncA(17)
GCA_033237225.1.fasta	cdifficile	37	PERFECT	100	adk(3);atpA(7);dxr(3);glyA(8);recA(6);sodA(9);tpi(11)
GCA_033513235.1.fasta	campylobacter	-	MIXED	90	aspA(33);glnA(39);gltA(30);glyA(79,79);pgm(210,210);tkt(47);uncA(17)
GCA_033520855.1.fasta	saureus	398	PERFECT	100	arcC(3);aroE(35);glpF(19);gmk(2);pta(20);tpi(26);yqiL(39)
GCA_033538055.1.fasta	saureus	72	PERFECT	100	arcC(1);aroE(4);glpF(1);gmk(8);pta(4);tpi(4);yqiL(3)
GCA_033538075.1.fasta	saureus	8	PERFECT	100	arcC(3);aroE(3);glpF(1);gmk(1);pta(4);tpi(4);yqiL(3)
GCA_033538105.1.fasta	saureus	-	OK	86	arcC(~3);aroE(3);glpF(1);gmk(185);pta(4);tpi(4);yqiL(3)
GCA_033811895.1.fasta	efaecalis	-	OK	86	gdh(5);gyd(1);pstS(~1);gki(3);aroE(7);xpt(7);yqiL(6)
GCA_033814155.1.fasta	efaecalis	-	OK	83	gdh(5);gyd(1);pstS(1);gki(3);aroE(7);xpt(153?);yqiL(6)
GCA_034030695.1.fasta	cdifficile	11	PERFECT	100	adk(5);atpA(8);dxr(5);glyA(11);recA(9);sodA(11);tpi(8)
GCA_034030775.1.fasta	cdifficile	-	MIXED	90	adk(1);atpA(2);dxr(2);glyA(1);recA(1);sodA(5,5);tpi(3)
GCA_034030835.1.fasta	cdifficile	11	PERFECT	100	adk(5);atpA(8);dxr(5);glyA(11);recA(9);sodA(11);tpi(8)
GCA_034031015.1.fasta	cdifficile	4	PERFECT	100	adk(1);atpA(2);dxr(2);glyA(1);recA(1);sodA(5);tpi(3)
GCA_034031095.1.fasta	cdifficile	11	PERFECT	100	adk(5);atpA(8);dxr(5);glyA(11);recA(9);sodA(11);tpi(8)
GCA_034136565.1.fasta	cdifficile	26	PERFECT	100	adk(1);atpA(1);dxr(6);glyA(1);recA(4);sodA(3);tpi(4)
GCA_034155545.1.fasta	cdifficile	11	PERFECT	100	adk(5);atpA(8);dxr(5);glyA(11);recA(9);sodA(11);tpi(8)
GCA_034192765.1.fasta	cdifficile	-	MIXED	90	adk(1);atpA(1);dxr(1);glyA(10);recA(1);sodA(3,3);tpi(5)
GCA_034193345.1.fasta	cdifficile	37	PERFECT	100	adk(3);atpA(7);dxr(3);glyA(8);recA(6);sodA(9);tpi(11)
GCA_034247075.1.fasta	ssuis	-	OK	86	aroA(210);cpn60(~575);dpr(29);gki(358);mutS(34);recA(259);thrA(4)
GCA_034532035.1.fasta	ecoli_achtman_4	617	PERFECT	100	adk(10);fumC(11);gyrB(4);icd(8);mdh(8);purA(13);recA(73)
GCA_034537555.1.fasta	aeromonas	2363	PERFECT	100	gyrB(1041);groL(935);gltA(1035);metG(1078);ppsA(1192);recA(1124)
GCA_034541655.1.fasta	ecoli_achtman_4	1196	PERFECT	100	adk(6);fumC(6);gyrB(33);icd(26);mdh(11);purA(8);recA(2)
GCA_034869365.1.fasta	efaecalis	480	PERFECT	100	gdh(1);gyd(1);pstS(22);gki(22);aroE(7);xpt(17);yqiL(6)
GCA_035826855.1.fasta	ecoli_achtman_4	48	PERFECT	100	adk(6);fumC(11);gyrB(4);icd(8);mdh(8);purA(8);recA(2)
GCA_035826935.1.fasta	ecoli_achtman_4	48	PERFECT	100	adk(6);fumC(11);gyrB(4);icd(8);mdh(8);purA(8);recA(2)
GCA_036035245.1.fasta	efaecium	80	PERFECT	100	atpA(9);ddl(1);gdh(1);purK(1);gyd(12);pstS(1);adk(1)
GCA_036240415.1.fasta	campylobacter	12883	PERFECT	100	aspA(33);glnA(39);gltA(134);glyA(174);pgm(104);tkt(35);uncA(17)
GCA_036441895.1.fasta	cdifficile	3	PERFECT	100	adk(1);atpA(1);dxr(2);glyA(1);recA(1);sodA(1);tpi(1)
GCA_036441965.1.fasta	cdifficile	3	PERFECT	100	adk(1);atpA(1);dxr(2);glyA(1);recA(1);sodA(1);tpi(1)
GCA_036442115.1.fasta	cdifficile	3	PERFECT	100	adk(1);atpA(1);dxr(2);glyA(1);recA(1);sodA(1);tpi(1)
GCA_036442125.1.fasta	cdifficile	3	PERFECT	100	adk(1);atpA(1);dxr(2);glyA(1);recA(1);sodA(1);tpi(1)
GCA_036442175.1.fasta	cdifficile	3	PERFECT	100	adk(1);atpA(1);dxr(2);glyA(1);recA(1);sodA(1);tpi(1)
GCA_036442185.1.fasta	cdifficile	3	PERFECT	100	adk(1);atpA(1);dxr(2);glyA(1);recA(1);sodA(1);tpi(1)
GCA_036442205.1.fasta	cdifficile	3	PERFECT	100	adk(1);atpA(1);dxr(2);glyA(1);recA(1);sodA(1);tpi(1)
GCA_036442325.1.fasta	cdifficile	3	PERFECT	100	adk(1);atpA(1);dxr(2);glyA(1);recA(1);sodA(1);tpi(1)
GCA_036442355.1.fasta	cdifficile	3	PERFECT	100	adk(1);atpA(1);dxr(2);glyA(1);recA(1);sodA(1);tpi(1)
GCA_036442375.1.fasta	cdifficile	3	PERFECT	100	adk(1);atpA(1);dxr(2);glyA(1);recA(1);sodA(1);tpi(1)
GCA_036442385.1.fasta	cdifficile	3	PERFECT	100	adk(1);atpA(1);dxr(2);glyA(1);recA(1);sodA(1);tpi(1)
GCA_036442485.1.fasta	cdifficile	3	PERFECT	100	adk(1);atpA(1);dxr(2);glyA(1);recA(1);sodA(1);tpi(1)
GCA_036442825.1.fasta	cdifficile	3	PERFECT	100	adk(1);atpA(1);dxr(2);glyA(1);recA(1);sodA(1);tpi(1)
GCA_036442855.1.fasta	cdifficile	3	PERFECT	100	adk(1);atpA(1);dxr(2);glyA(1);recA(1);sodA(1);tpi(1)
GCA_036442885.1.fasta	cdifficile	-	OK	86	adk(1);atpA(1);dxr(2);glyA(1);recA(1);sodA(~33);tpi(1)
GCA_036443095.1.fasta	cdifficile	3	PERFECT	100	adk(1);atpA(1);dxr(2);glyA(1);recA(1);sodA(1);tpi(1)
GCA_036443155.1.fasta	cdifficile	3	PERFECT	100	adk(1);atpA(1);dxr(2);glyA(1);recA(1);sodA(1);tpi(1)
GCA_036443255.1.fasta	cdifficile	3	PERFECT	100	adk(1);atpA(1);dxr(2);glyA(1);recA(1);sodA(1);tpi(1)
GCA_036630055.1.fasta	cbotulinum	1	PERFECT	100	aroE(13);mdh(6);aceK(13);oppB(10);rpoB(9);recA(8);hsp(9)
GCA_036688735.1.fasta	cdifficile	-	OK	83	adk(1);atpA(1);dxr(1);glyA(10);recA(97?);sodA(3);tpi(5)
GCA_036688795.1.fasta	cdifficile	1	PERFECT	100	adk(1);atpA(1);dxr(1);glyA(10);recA(1);sodA(3);tpi(5)
GCA_036688865.1.fasta	cdifficile	1	PERFECT	100	adk(1);atpA(1);dxr(1);glyA(10);recA(1);sodA(3);tpi(5)
GCA_036688905.1.fasta	cdifficile	1	PERFECT	100	adk(1);atpA(1);dxr(1);glyA(10);recA(1);sodA(3);tpi(5)
GCA_036688945.1.fasta	cdifficile	1	PERFECT	100	adk(1);atpA(1);dxr(1);glyA(10);recA(1);sodA(3);tpi(5)
GCA_036688955.1.fasta	cdifficile	1	PERFECT	100	adk(1);atpA(1);dxr(1);glyA(10);recA(1);sodA(3);tpi(5)
GCA_036688975.1.fasta	cdifficile	1	PERFECT	100	adk(1);atpA(1);dxr(1);glyA(10);recA(1);sodA(3);tpi(5)
GCA_036689055.1.fasta	cdifficile	1	PERFECT	100	adk(1);atpA(1);dxr(1);glyA(10);recA(1);sodA(3);tpi(5)
GCA_036689075.1.fasta	cdifficile	37	PERFECT	100	adk(3);atpA(7);dxr(3);glyA(8);recA(6);sodA(9);tpi(11)
GCA_036689095.1.fasta	cdifficile	1	PERFECT	100	adk(1);atpA(1);dxr(1);glyA(10);recA(1);sodA(3);tpi(5)
GCA_036697815.1.fasta	cdifficile	1	PERFECT	100	adk(1);atpA(1);dxr(1);glyA(10);recA(1);sodA(3);tpi(5)
GCA_036697995.1.fasta	cdifficile	1	PERFECT	100	adk(1);atpA(1);dxr(1);glyA(10);recA(1);sodA(3);tpi(5)
GCA_036698015.1.fasta	cdifficile	1	PERFECT	100	adk(1);atpA(1);dxr(1);glyA(10);recA(1);sodA(3);tpi(5)
GCA_036698025.1.fasta	cdifficile	1	PERFECT	100	adk(1);atpA(1);dxr(1);glyA(10);recA(1);sodA(3);tpi(5)
GCA_036698075.1.fasta	cdifficile	1	PERFECT	100	adk(1);atpA(1);dxr(1);glyA(10);recA(1);sodA(3);tpi(5)
GCA_036698095.1.fasta	cdifficile	1	PERFECT	100	adk(1);atpA(1);dxr(1);glyA(10);recA(1);sodA(3);tpi(5)
GCA_036698145.1.fasta	cdifficile	1	PERFECT	100	adk(1);atpA(1);dxr(1);glyA(10);recA(1);sodA(3);tpi(5)
GCA_036698345.1.fasta	cdifficile	1	PERFECT	100	adk(1);atpA(1);dxr(1);glyA(10);recA(1);sodA(3);tpi(5)
GCA_036698365.1.fasta	cdifficile	1	PERFECT	100	adk(1);atpA(1);dxr(1);glyA(10);recA(1);sodA(3);tpi(5)
GCA_036698395.1.fasta	cdifficile	1	PERFECT	100	adk(1);atpA(1);dxr(1);glyA(10);recA(1);sodA(3);tpi(5)
GCA_036698415.1.fasta	cdifficile	1	PERFECT	100	adk(1);atpA(1);dxr(1);glyA(10);recA(1);sodA(3);tpi(5)
GCA_036698535.1.fasta	cdifficile	1	PERFECT	100	adk(1);atpA(1);dxr(1);glyA(10);recA(1);sodA(3);tpi(5)
GCA_036698565.1.fasta	cdifficile	1	PERFECT	100	adk(1);atpA(1);dxr(1);glyA(10);recA(1);sodA(3);tpi(5)
GCA_036698575.1.fasta	cdifficile	1	PERFECT	100	adk(1);atpA(1);dxr(1);glyA(10);recA(1);sodA(3);tpi(5)
GCA_036698615.1.fasta	cdifficile	1	PERFECT	100	adk(1);atpA(1);dxr(1);glyA(10);recA(1);sodA(3);tpi(5)
GCA_036698635.1.fasta	cdifficile	1	PERFECT	100	adk(1);atpA(1);dxr(1);glyA(10);recA(1);sodA(3);tpi(5)
GCA_036698645.1.fasta	cdifficile	1	PERFECT	100	adk(1);atpA(1);dxr(1);glyA(10);recA(1);sodA(3);tpi(5)
GCA_036698685.1.fasta	cdifficile	1	PERFECT	100	adk(1);atpA(1);dxr(1);glyA(10);recA(1);sodA(3);tpi(5)
GCA_036698715.1.fasta	cdifficile	1	PERFECT	100	adk(1);atpA(1);dxr(1);glyA(10);recA(1);sodA(3);tpi(5)
GCA_036698735.1.fasta	cdifficile	1	PERFECT	100	adk(1);atpA(1);dxr(1);glyA(10);recA(1);sodA(3);tpi(5)
GCA_036698745.1.fasta	cdifficile	1	PERFECT	100	adk(1);atpA(1);dxr(1);glyA(10);recA(1);sodA(3);tpi(5)
GCA_036698775.1.fasta	cdifficile	1	PERFECT	100	adk(1);atpA(1);dxr(1);glyA(10);recA(1);sodA(3);tpi(5)
GCA_036698815.1.fasta	cdifficile	1	PERFECT	100	adk(1);atpA(1);dxr(1);glyA(10);recA(1);sodA(3);tpi(5)
GCA_036698855.1.fasta	cdifficile	1	PERFECT	100	adk(1);atpA(1);dxr(1);glyA(10);recA(1);sodA(3);tpi(5)
GCA_036698875.1.fasta	cdifficile	1	PERFECT	100	adk(1);atpA(1);dxr(1);glyA(10);recA(1);sodA(3);tpi(5)
GCA_036698915.1.fasta	cdifficile	1	PERFECT	100	adk(1);atpA(1);dxr(1);glyA(10);recA(1);sodA(3);tpi(5)
GCA_036698955.1.fasta	cdifficile	1	PERFECT	100	adk(1);atpA(1);dxr(1);glyA(10);recA(1);sodA(3);tpi(5)
GCA_036698975.1.fasta	cdifficile	1	PERFECT	100	adk(1);atpA(1);dxr(1);glyA(10);recA(1);sodA(3);tpi(5)
GCA_036698995.1.fasta	cdifficile	1	PERFECT	100	adk(1);atpA(1);dxr(1);glyA(10);recA(1);sodA(3);tpi(5)
GCA_036699015.1.fasta	cdifficile	1	PERFECT	100	adk(1);atpA(1);dxr(1);glyA(10);recA(1);sodA(3);tpi(5)
GCA_036699035.1.fasta	cdifficile	1	PERFECT	100	adk(1);atpA(1);dxr(1);glyA(10);recA(1);sodA(3);tpi(5)
GCA_036699075.1.fasta	cdifficile	1	PERFECT	100	adk(1);atpA(1);dxr(1);glyA(10);recA(1);sodA(3);tpi(5)
GCA_036699095.1.fasta	cdifficile	1	PERFECT	100	adk(1);atpA(1);dxr(1);glyA(10);recA(1);sodA(3);tpi(5)
GCA_036699135.1.fasta	cdifficile	1	PERFECT	100	adk(1);atpA(1);dxr(1);glyA(10);recA(1);sodA(3);tpi(5)
GCA_036699175.1.fasta	cdifficile	1	PERFECT	100	adk(1);atpA(1);dxr(1);glyA(10);recA(1);sodA(3);tpi(5)
GCA_036699195.1.fasta	cdifficile	1	PERFECT	100	adk(1);atpA(1);dxr(1);glyA(10);recA(1);sodA(3);tpi(5)
GCA_036699235.1.fasta	cdifficile	37	PERFECT	100	adk(3);atpA(7);dxr(3);glyA(8);recA(6);sodA(9);tpi(11)
GCA_036699255.1.fasta	cdifficile	1	PERFECT	100	adk(1);atpA(1);dxr(1);glyA(10);recA(1);sodA(3);tpi(5)
GCA_036699275.1.fasta	cdifficile	1	PERFECT	100	adk(1);atpA(1);dxr(1);glyA(10);recA(1);sodA(3);tpi(5)
GCA_036699295.1.fasta	cdifficile	1	PERFECT	100	adk(1);atpA(1);dxr(1);glyA(10);recA(1);sodA(3);tpi(5)
GCA_036699315.1.fasta	cdifficile	1	PERFECT	100	adk(1);atpA(1);dxr(1);glyA(10);recA(1);sodA(3);tpi(5)
GCA_036699355.1.fasta	cdifficile	1	PERFECT	100	adk(1);atpA(1);dxr(1);glyA(10);recA(1);sodA(3);tpi(5)
GCA_036699375.1.fasta	cdifficile	1	PERFECT	100	adk(1);atpA(1);dxr(1);glyA(10);recA(1);sodA(3);tpi(5)
GCA_036765175.1.fasta	cdifficile	1	PERFECT	100	adk(1);atpA(1);dxr(1);glyA(10);recA(1);sodA(3);tpi(5)
GCA_036772935.1.fasta	efaecalis	-	OK	86	gdh(4);gyd(~6);pstS(7);gki(29);aroE(8);xpt(1);yqiL(20)
GCA_036774845.1.fasta	efaecalis	32	PERFECT	100	gdh(8);gyd(7);pstS(9);gki(5);aroE(4);xpt(4);yqiL(1)
GCA_037119305.1.fasta	saureus	5	PERFECT	100	arcC(1);aroE(4);glpF(1);gmk(4);pta(12);tpi(1);yqiL(10)
GCA_037477975.1.fasta	cfreundii	79	PERFECT	100	aspC(43);clpX(22);fadD(50);mdh(41);arcA(29);dnaG(38);lysP(42)
GCA_037477985.1.fasta	ecoli_achtman_4	206	PERFECT	100	adk(6);fumC(7);gyrB(5);icd(1);mdh(8);purA(18);recA(2)
GCA_037477995.1.fasta	ecoli_achtman_4	206	PERFECT	100	adk(6);fumC(7);gyrB(5);icd(1);mdh(8);purA(18);recA(2)
GCA_037482205.1.fasta	efaecalis	173	PERFECT	100	gdh(5);gyd(1);pstS(30);gki(5);aroE(27);xpt(20);yqiL(3)
GCA_037890705.1.fasta	ecoli_achtman_4	206	PERFECT	100	adk(6);fumC(7);gyrB(5);icd(1);mdh(8);purA(18);recA(2)
GCA_038024215.1.fasta	saureus	105	PERFECT	100	arcC(1);aroE(4);glpF(1);gmk(4);pta(12);tpi(1);yqiL(28)
GCA_038281785.1.fasta	efaecium	117	PERFECT	100	atpA(9);ddl(1);gdh(1);purK(1);gyd(1);pstS(1);adk(1)
GCA_038282055.1.fasta	efaecium	117	PERFECT	100	atpA(9);ddl(1);gdh(1);purK(1);gyd(1);pstS(1);adk(1)
GCA_038290515.1.fasta	efaecium	752	PERFECT	100	atpA(1);ddl(3);gdh(1);purK(66);gyd(1);pstS(1);adk(1)
GCA_038435285.1.fasta	ecoli_achtman_4	48	PERFECT	100	adk(6);fumC(11);gyrB(4);icd(8);mdh(8);purA(8);recA(2)
GCA_038435325.1.fasta	ecoli_achtman_4	48	PERFECT	100	adk(6);fumC(11);gyrB(4);icd(8);mdh(8);purA(8);recA(2)
GCA_038436245.1.fasta	efaecalis	403	PERFECT	100	gdh(11);gyd(5);pstS(4);gki(16);aroE(11);xpt(13);yqiL(10)
GCA_038436255.1.fasta	efaecalis	403	PERFECT	100	gdh(11);gyd(5);pstS(4);gki(16);aroE(11);xpt(13);yqiL(10)
GCA_038437035.1.fasta	efaecalis	403	PERFECT	100	gdh(11);gyd(5);pstS(4);gki(16);aroE(11);xpt(13);yqiL(10)
GCA_038437075.1.fasta	efaecalis	403	PERFECT	100	gdh(11);gyd(5);pstS(4);gki(16);aroE(11);xpt(13);yqiL(10)
GCA_038437115.1.fasta	efaecalis	403	PERFECT	100	gdh(11);gyd(5);pstS(4);gki(16);aroE(11);xpt(13);yqiL(10)
GCA_038754635.1.fasta	cdifficile	11	PERFECT	100	adk(5);atpA(8);dxr(5);glyA(11);recA(9);sodA(11);tpi(8)
GCA_038755755.1.fasta	cdifficile	11	PERFECT	100	adk(5);atpA(8);dxr(5);glyA(11);recA(9);sodA(11);tpi(8)
GCA_038899055.1.fasta	efaecium	117	PERFECT	100	atpA(9);ddl(1);gdh(1);purK(1);gyd(1);pstS(1);adk(1)
GCA_038899535.1.fasta	efaecium	80	PERFECT	100	atpA(9);ddl(1);gdh(1);purK(1);gyd(12);pstS(1);adk(1)
GCA_038899695.1.fasta	efaecalis	480	PERFECT	100	gdh(1);gyd(1);pstS(22);gki(22);aroE(7);xpt(17);yqiL(6)
GCA_039892075.1.fasta	saureus	-	NOVEL	90	arcC(3);aroE(1186);glpF(1);gmk(1);pta(1);tpi(1);yqiL(40)
GCA_040077155.1.fasta	salmonella	11	PERFECT	100	aroC(5);dnaN(2);hemD(3);hisD(7);purE(6);sucA(6);thrA(11)
GCA_040118325.1.fasta	ecoli_achtman_4	14464	PERFECT	100	adk(1769);fumC(1664);gyrB(193);icd(1804);mdh(986);purA(745);recA(866)
GCA_040203655.1.fasta	efaecalis	16	PERFECT	100	gdh(5);gyd(1);pstS(1);gki(3);aroE(7);xpt(7);yqiL(6)
GCA_040535785.1.fasta	efaecalis	1858	PERFECT	100	gdh(135);gyd(1);pstS(22);gki(22);aroE(7);xpt(17);yqiL(6)
GCA_040578695.1.fasta	cbotulinum	7	PERFECT	100	aroE(4);mdh(2);aceK(2);oppB(4);rpoB(2);recA(5);hsp(5)
GCA_040578725.1.fasta	cbotulinum	7	PERFECT	100	aroE(4);mdh(2);aceK(2);oppB(4);rpoB(2);recA(5);hsp(5)
GCA_040578745.1.fasta	cbotulinum	7	PERFECT	100	aroE(4);mdh(2);aceK(2);oppB(4);rpoB(2);recA(5);hsp(5)
GCA_040578755.1.fasta	cbotulinum	7	PERFECT	100	aroE(4);mdh(2);aceK(2);oppB(4);rpoB(2);recA(5);hsp(5)
GCA_040578775.1.fasta	cbotulinum	7	PERFECT	100	aroE(4);mdh(2);aceK(2);oppB(4);rpoB(2);recA(5);hsp(5)
GCA_040578785.1.fasta	cbotulinum	7	PERFECT	100	aroE(4);mdh(2);aceK(2);oppB(4);rpoB(2);recA(5);hsp(5)
GCA_040725795.1.fasta	cbotulinum	-	BAD	69	aroE(~17);mdh(42?);aceK(47);oppB(~15);rpoB(20);recA(13?);hsp(14)
GCA_040729355.1.fasta	cbotulinum	-	BAD	69	aroE(~17);mdh(42?);aceK(47);oppB(~15);rpoB(20);recA(13?);hsp(14)
GCA_040730395.1.fasta	cbotulinum	-	BAD	69	aroE(~17);mdh(42?);aceK(47);oppB(~15);rpoB(20);recA(13?);hsp(14)
GCA_040731495.1.fasta	cbotulinum	-	BAD	69	aroE(~17);mdh(42?);aceK(47);oppB(~15);rpoB(20);recA(13?);hsp(14)
GCA_040796165.1.fasta	cdifficile	14	PERFECT	100	adk(1);atpA(1);dxr(2);glyA(1);recA(5);sodA(5);tpi(3)
GCA_040884165.1.fasta	efaecalis	6	PERFECT	100	gdh(12);gyd(7);pstS(3);gki(7);aroE(6);xpt(1);yqiL(5)
GCA_040884185.1.fasta	efaecium	80	PERFECT	100	atpA(9);ddl(1);gdh(1);purK(1);gyd(12);pstS(1);adk(1)
GCA_040884205.1.fasta	efaecium	80	PERFECT	100	atpA(9);ddl(1);gdh(1);purK(1);gyd(12);pstS(1);adk(1)
GCA_040931015.1.fasta	cdifficile	1	PERFECT	100	adk(1);atpA(1);dxr(1);glyA(10);recA(1);sodA(3);tpi(5)
GCA_041021235.1.fasta	efaecium	80	PERFECT	100	atpA(9);ddl(1);gdh(1);purK(1);gyd(12);pstS(1);adk(1)
GCA_041091995.1.fasta	proteus	195	PERFECT	100	atpD(43);dnaJ(80);mdh(10);pyrC(40);recA(33);rpoD(42)
GCA_041092165.1.fasta	proteus	204	PERFECT	100	atpD(43);dnaJ(67);mdh(152);pyrC(127);recA(24);rpoD(20)
GCA_041092375.1.fasta	proteus	204	PERFECT	100	atpD(43);dnaJ(67);mdh(152);pyrC(127);recA(24);rpoD(20)
GCA_041092395.1.fasta	proteus	204	PERFECT	100	atpD(43);dnaJ(67);mdh(152);pyrC(127);recA(24);rpoD(20)
GCA_041094515.1.fasta	morganella	39	PERFECT	100	gapA(14);gltA(15);infB(16);mdh(18);pgi(15);pyrG(15);recA(12)
GCA_041094955.1.fasta	morganella	39	PERFECT	100	gapA(14);gltA(15);infB(16);mdh(18);pgi(15);pyrG(15);recA(12)
GCA_041225705.1.fasta	cbotulinum	-	BAD	68	aroE(~27);mdh(20?);aceK(47);oppB(~57);rpoB(20);recA(~23);hsp(~23)
GCA_041225965.1.fasta	cbotulinum	-	BAD	68	aroE(~27);mdh(20?);aceK(47);oppB(~57);rpoB(20);recA(~23);hsp(~23)
GCA_041321655.1.fasta	saureus	-	NOVEL	90	arcC(3);aroE(1186);glpF(1);gmk(1);pta(1);tpi(1);yqiL(40)
GCA_041356615.1.fasta	saureus	5	PERFECT	100	arcC(1);aroE(4);glpF(1);gmk(4);pta(12);tpi(1);yqiL(10)
GCA_041356635.1.fasta	saureus	125	PERFECT	100	arcC(1);aroE(4);glpF(1);gmk(4);pta(12);tpi(1);yqiL(54)
GCA_041356655.1.fasta	saureus	5	PERFECT	100	arcC(1);aroE(4);glpF(1);gmk(4);pta(12);tpi(1);yqiL(10)
GCA_041402955.1.fasta	cdifficile	14	PERFECT	100	adk(1);atpA(1);dxr(2);glyA(1);recA(5);sodA(5);tpi(3)
GCA_042233085.1.fasta	salmonella	32	PERFECT	100	aroC(17);dnaN(18);hemD(22);hisD(17);purE(5);sucA(21);thrA(19)
GCA_042233625.1.fasta	salmonella	32	PERFECT	100	aroC(17);dnaN(18);hemD(22);hisD(17);purE(5);sucA(21);thrA(19)
GCA_042239995.1.fasta	salmonella	32	PERFECT	100	aroC(17);dnaN(18);hemD(22);hisD(17);purE(5);sucA(21);thrA(19)
GCA_042240035.1.fasta	salmonella	32	PERFECT	100	aroC(17);dnaN(18);hemD(22);hisD(17);purE(5);sucA(21);thrA(19)
GCA_042242695.1.fasta	salmonella	32	PERFECT	100	aroC(17);dnaN(18);hemD(22);hisD(17);purE(5);sucA(21);thrA(19)
GCA_042272565.1.fasta	efaecalis	911	PERFECT	100	gdh(8);gyd(1);pstS(22);gki(22);aroE(4);xpt(17);yqiL(1)
GCA_042273445.1.fasta	efaecalis	480	PERFECT	100	gdh(1);gyd(1);pstS(22);gki(22);aroE(7);xpt(17);yqiL(6)
GCA_042275065.1.fasta	efaecalis	476	PERFECT	100	gdh(17);gyd(2);pstS(1);gki(3);aroE(14);xpt(14);yqiL(1)
GCA_042464625.1.fasta	saureus	9	PERFECT	100	arcC(3);aroE(3);glpF(1);gmk(1);pta(1);tpi(1);yqiL(10)
GCA_042610285.1.fasta	efaecium	21	PERFECT	100	atpA(9);ddl(3);gdh(1);purK(2);gyd(1);pstS(1);adk(1)
GCA_042610305.1.fasta	efaecium	21	PERFECT	100	atpA(9);ddl(3);gdh(1);purK(2);gyd(1);pstS(1);adk(1)
GCA_042699005.1.fasta	efaecium	39	PERFECT	100	atpA(6);ddl(6);gdh(4);purK(4);gyd(3);pstS(3);adk(2)
GCA_042748705.1.fasta	cdifficile	-	MIXED	90	adk(1);atpA(1);dxr(7,7);glyA(5);recA(1);sodA(3,3);tpi(3)
GCA_042753635.1.fasta	saureus	398	PERFECT	100	arcC(3);aroE(35);glpF(19);gmk(2);pta(20);tpi(26);yqiL(39)
GCA_042808845.1.fasta	salmonella	19	PERFECT	100	aroC(10);dnaN(7);hemD(12);hisD(9);purE(5);sucA(9);thrA(2)
GCA_042809725.1.fasta	saureus	5	PERFECT	100	arcC(1);aroE(4);glpF(1);gmk(4);pta(12);tpi(1);yqiL(10)
GCA_042809745.1.fasta	saureus	5	PERFECT	100	arcC(1);aroE(4);glpF(1);gmk(4);pta(12);tpi(1);yqiL(10)
GCA_042809965.1.fasta	saureus	5	PERFECT	100	arcC(1);aroE(4);glpF(1);gmk(4);pta(12);tpi(1);yqiL(10)
GCA_042810005.1.fasta	saureus	5	PERFECT	100	arcC(1);aroE(4);glpF(1);gmk(4);pta(12);tpi(1);yqiL(10)
GCA_042810225.1.fasta	saureus	398	PERFECT	100	arcC(3);aroE(35);glpF(19);gmk(2);pta(20);tpi(26);yqiL(39)
GCA_042810345.1.fasta	saureus	398	PERFECT	100	arcC(3);aroE(35);glpF(19);gmk(2);pta(20);tpi(26);yqiL(39)
GCA_042862985.1.fasta	saureus	398	PERFECT	100	arcC(3);aroE(35);glpF(19);gmk(2);pta(20);tpi(26);yqiL(39)
GCA_042917265.1.fasta	saureus	398	PERFECT	100	arcC(3);aroE(35);glpF(19);gmk(2);pta(20);tpi(26);yqiL(39)
GCA_043138645.1.fasta	sparasuis	28	PERFECT	100	aroA(10);cpn60(14);gki(4);mutS(20);recA(6);sdhA(3);thrA(6)
GCA_043196595.1.fasta	campylobacter	-	MIXED	90	aspA(33);glnA(39);gltA(30);glyA(79);pgm(104,104);tkt(47);uncA(17)
GCA_043206975.1.fasta	campylobacter	-	MIXED	90	aspA(33);glnA(39);gltA(30);glyA(79,79);pgm(104,104);tkt(47);uncA(17)
GCA_043206995.1.fasta	campylobacter	-	MIXED	90	aspA(33);glnA(38);gltA(44);glyA(82,82);pgm(104,104);tkt(43);uncA(17)
GCA_043225565.1.fasta	efaecium	80	PERFECT	100	atpA(9);ddl(1);gdh(1);purK(1);gyd(12);pstS(1);adk(1)
GCA_043351995.1.fasta	cdifficile	11	PERFECT	100	adk(5);atpA(8);dxr(5);glyA(11);recA(9);sodA(11);tpi(8)
GCA_043352045.1.fasta	cdifficile	11	PERFECT	100	adk(5);atpA(8);dxr(5);glyA(11);recA(9);sodA(11);tpi(8)
GCA_043362155.1.fasta	cdifficile	11	PERFECT	100	adk(5);atpA(8);dxr(5);glyA(11);recA(9);sodA(11);tpi(8)
GCA_043481535.1.fasta	efaecium	80	PERFECT	100	atpA(9);ddl(1);gdh(1);purK(1);gyd(12);pstS(1);adk(1)
GCA_043495855.1.fasta	cdifficile	-	MIXED	90	adk(1);atpA(1);dxr(1);glyA(10);recA(1);sodA(3,3);tpi(5)
GCA_043646515.1.fasta	efaecium	117	PERFECT	100	atpA(9);ddl(1);gdh(1);purK(1);gyd(1);pstS(1);adk(1)
GCA_043712415.1.fasta	cdifficile	11	PERFECT	100	adk(5);atpA(8);dxr(5);glyA(11);recA(9);sodA(11);tpi(8)
GCA_043713435.1.fasta	cdifficile	11	PERFECT	100	adk(5);atpA(8);dxr(5);glyA(11);recA(9);sodA(11);tpi(8)
GCA_043857165.1.fasta	cdifficile	-	MIXED	90	adk(3);atpA(7);dxr(3);glyA(8);recA(6);sodA(9);tpi(11,11)
GCA_043857525.1.fasta	cdifficile	-	MIXED	90	adk(3);atpA(7);dxr(3);glyA(8);recA(6);sodA(9);tpi(11,11)
GCA_043858185.1.fasta	efaecium	80	PERFECT	100	atpA(9);ddl(1);gdh(1);purK(1);gyd(12);pstS(1);adk(1)
GCA_043870515.1.fasta	efaecium	78	PERFECT	100	atpA(15);ddl(1);gdh(1);purK(1);gyd(1);pstS(1);adk(1)
GCA_043870525.1.fasta	efaecium	78	PERFECT	100	atpA(15);ddl(1);gdh(1);purK(1);gyd(1);pstS(1);adk(1)
GCA_043923395.1.fasta	efaecium	80	PERFECT	100	atpA(9);ddl(1);gdh(1);purK(1);gyd(12);pstS(1);adk(1)
GCA_044049255.1.fasta	sparasuis	-	MIXED	90	aroA(10,10);cpn60(14);gki(4);mutS(20);recA(6);sdhA(3);thrA(6)
GCA_044708955.1.fasta	efaecium	18	PERFECT	100	atpA(7);ddl(1);gdh(1);purK(1);gyd(5);pstS(1);adk(1)
GCA_044892305.1.fasta	efaecium	2044	PERFECT	100	atpA(3);ddl(3);gdh(1);purK(6);gyd(1);pstS(7);adk(1)
GCA_044956585.1.fasta	efaecium	80	PERFECT	100	atpA(9);ddl(1);gdh(1);purK(1);gyd(12);pstS(1);adk(1)
GCA_044961005.1.fasta	cdifficile	-	MIXED	90	adk(1);atpA(1);dxr(1);glyA(10);recA(1);sodA(3,3);tpi(5)
GCA_045048385.1.fasta	ecoli_achtman_4	48	PERFECT	100	adk(6);fumC(11);gyrB(4);icd(8);mdh(8);purA(8);recA(2)
GCA_045048465.1.fasta	ecoli_achtman_4	48	PERFECT	100	adk(6);fumC(11);gyrB(4);icd(8);mdh(8);purA(8);recA(2)
GCA_045062765.1.fasta	cbotulinum	-	OK	83	aroE(18);mdh(42?);aceK(47);oppB(34);rpoB(13);recA(14);hsp(14)
GCA_045180705.1.fasta	cdifficile	11	PERFECT	100	adk(5);atpA(8);dxr(5);glyA(11);recA(9);sodA(11);tpi(8)
GCA_045288285.1.fasta	ecoli_achtman_4	167	PERFECT	100	adk(10);fumC(11);gyrB(4);icd(8);mdh(8);purA(13);recA(2)
GCA_045682955.1.fasta	cbotulinum	86	PERFECT	100	aroE(13);mdh(5);aceK(11);oppB(9);rpoB(8);recA(6);hsp(8)
GCA_045722595.1.fasta	efaecium	2405	PERFECT	100	atpA(1);ddl(1);gdh(1);purK(95);gyd(12);pstS(1);adk(1)
GCA_045724305.1.fasta	efaecium	1421	PERFECT	100	atpA(1);ddl(1);gdh(1);purK(1);gyd(1);pstS(0);adk(1)
GCA_045726625.1.fasta	efaecium	1421	PERFECT	100	atpA(1);ddl(1);gdh(1);purK(1);gyd(1);pstS(0);adk(1)
GCA_045726985.1.fasta	efaecium	1421	PERFECT	100	atpA(1);ddl(1);gdh(1);purK(1);gyd(1);pstS(0);adk(1)
GCA_045741925.1.fasta	cdifficile	1	PERFECT	100	adk(1);atpA(1);dxr(1);glyA(10);recA(1);sodA(3);tpi(5)
GCA_045864875.1.fasta	cdifficile	6	PERFECT	100	adk(2);atpA(1);dxr(6);glyA(1);recA(1);sodA(5);tpi(1)
GCA_045867075.1.fasta	cdifficile	11	PERFECT	100	adk(5);atpA(8);dxr(5);glyA(11);recA(9);sodA(11);tpi(8)
GCA_045884505.1.fasta	cdifficile	-	MIXED	90	adk(1);atpA(1);dxr(6);glyA(1);recA(8);sodA(5,5);tpi(1)
GCA_045885715.1.fasta	cdifficile	3	PERFECT	100	adk(1);atpA(1);dxr(2);glyA(1);recA(1);sodA(1);tpi(1)
GCA_045886675.1.fasta	cdifficile	11	PERFECT	100	adk(5);atpA(8);dxr(5);glyA(11);recA(9);sodA(11);tpi(8)
GCA_045891395.1.fasta	cdifficile	3	PERFECT	100	adk(1);atpA(1);dxr(2);glyA(1);recA(1);sodA(1);tpi(1)
GCA_045894215.1.fasta	cdifficile	63	PERFECT	100	adk(1);atpA(1);dxr(7);glyA(5);recA(1);sodA(3);tpi(3)
GCA_045983635.1.fasta	cdifficile	-	MIXED	90	adk(1);atpA(1);dxr(1);glyA(10);recA(1);sodA(3,3);tpi(5)
GCA_046529215.1.fasta	proteus	-	NOVEL	90	atpD(40);dnaJ(67);mdh(152);pyrC(127);recA(24);rpoD(39)
GCA_046749505.1.fasta	cdifficile	37	PERFECT	100	adk(3);atpA(7);dxr(3);glyA(8);recA(6);sodA(9);tpi(11)
GCA_046749865.1.fasta	cdifficile	35	PERFECT	100	adk(2);atpA(5);dxr(8);glyA(1);recA(1);sodA(3);tpi(6)
GCA_046750565.1.fasta	cdifficile	37	PERFECT	100	adk(3);atpA(7);dxr(3);glyA(8);recA(6);sodA(9);tpi(11)
GCA_046752225.1.fasta	cdifficile	37	PERFECT	100	adk(3);atpA(7);dxr(3);glyA(8);recA(6);sodA(9);tpi(11)
GCA_046752585.1.fasta	cdifficile	81	PERFECT	100	adk(3);atpA(1);dxr(3);glyA(8);recA(6);sodA(9);tpi(11)
GCA_046753345.1.fasta	cdifficile	37	PERFECT	100	adk(3);atpA(7);dxr(3);glyA(8);recA(6);sodA(9);tpi(11)
GCA_046754865.1.fasta	cdifficile	3	PERFECT	100	adk(1);atpA(1);dxr(2);glyA(1);recA(1);sodA(1);tpi(1)
GCA_046754925.1.fasta	cdifficile	37	PERFECT	100	adk(3);atpA(7);dxr(3);glyA(8);recA(6);sodA(9);tpi(11)
GCA_046755085.1.fasta	cdifficile	37	PERFECT	100	adk(3);atpA(7);dxr(3);glyA(8);recA(6);sodA(9);tpi(11)
GCA_046755185.1.fasta	cdifficile	37	PERFECT	100	adk(3);atpA(7);dxr(3);glyA(8);recA(6);sodA(9);tpi(11)
GCA_046755205.1.fasta	cdifficile	37	PERFECT	100	adk(3);atpA(7);dxr(3);glyA(8);recA(6);sodA(9);tpi(11)
GCA_046755465.1.fasta	cdifficile	37	PERFECT	100	adk(3);atpA(7);dxr(3);glyA(8);recA(6);sodA(9);tpi(11)
GCA_046755745.1.fasta	cdifficile	37	PERFECT	100	adk(3);atpA(7);dxr(3);glyA(8);recA(6);sodA(9);tpi(11)
GCA_046755965.1.fasta	cdifficile	37	PERFECT	100	adk(3);atpA(7);dxr(3);glyA(8);recA(6);sodA(9);tpi(11)
GCA_046756265.1.fasta	cdifficile	3	PERFECT	100	adk(1);atpA(1);dxr(2);glyA(1);recA(1);sodA(1);tpi(1)
GCA_047091365.1.fasta	cdifficile	-	MIXED	90	adk(1);atpA(1);dxr(1);glyA(10);recA(1);sodA(3,3);tpi(5)
GCA_047235445.1.fasta	efaecium	117	PERFECT	100	atpA(9);ddl(1);gdh(1);purK(1);gyd(1);pstS(1);adk(1)
GCA_047261325.1.fasta	efaecalis	1	PERFECT	100	gdh(3);gyd(1);pstS(16);gki(1);aroE(1);xpt(1);yqiL(1)
GCA_047335615.1.fasta	klebsiella	6262	PERFECT	100	gapA(2);infB(9);mdh(2);pgi(1);phoE(13);rpoB(1);tonB(870)
GCA_047335625.1.fasta	klebsiella	6262	PERFECT	100	gapA(2);infB(9);mdh(2);pgi(1);phoE(13);rpoB(1);tonB(870)
GCA_047415185.1.fasta	cdifficile	-	MIXED	90	adk(1);atpA(1);dxr(2);glyA(1);recA(1);sodA(5,5);tpi(1)
GCA_047415865.1.fasta	cdifficile	11	PERFECT	100	adk(5);atpA(8);dxr(5);glyA(11);recA(9);sodA(11);tpi(8)
GCA_047695935.1.fasta	efaecium	78	PERFECT	100	atpA(15);ddl(1);gdh(1);purK(1);gyd(1);pstS(1);adk(1)
GCA_047696095.1.fasta	efaecium	117	PERFECT	100	atpA(9);ddl(1);gdh(1);purK(1);gyd(1);pstS(1);adk(1)
GCA_047701815.1.fasta	efaecium	117	PERFECT	100	atpA(9);ddl(1);gdh(1);purK(1);gyd(1);pstS(1);adk(1)
GCA_047704455.1.fasta	efaecium	117	PERFECT	100	atpA(9);ddl(1);gdh(1);purK(1);gyd(1);pstS(1);adk(1)
GCA_047705375.1.fasta	efaecium	80	PERFECT	100	atpA(9);ddl(1);gdh(1);purK(1);gyd(12);pstS(1);adk(1)
GCA_047709515.1.fasta	efaecium	117	PERFECT	100	atpA(9);ddl(1);gdh(1);purK(1);gyd(1);pstS(1);adk(1)
GCA_047711515.1.fasta	efaecium	1299	PERFECT	100	atpA(9);ddl(1);gdh(1);purK(97);gyd(12);pstS(1);adk(1)
GCA_047711715.1.fasta	efaecium	1299	PERFECT	100	atpA(9);ddl(1);gdh(1);purK(97);gyd(12);pstS(1);adk(1)
GCA_047712425.1.fasta	efaecium	117	PERFECT	100	atpA(9);ddl(1);gdh(1);purK(1);gyd(1);pstS(1);adk(1)
GCA_047766155.1.fasta	campylobacter	-	MIXED	90	aspA(33);glnA(39);gltA(30);glyA(78,78);pgm(104,104);tkt(43);uncA(17)
GCA_047801625.1.fasta	proteus	132	PERFECT	100	atpD(49);dnaJ(66);mdh(62);pyrC(92);recA(133);rpoD(31)
GCA_047983085.1.fasta	campylobacter	-	MIXED	90	aspA(33);glnA(39);gltA(30);glyA(78);pgm(104,104);tkt(43);uncA(17)
GCA_048065795.1.fasta	cbotulinum	193	PERFECT	100	aroE(3);mdh(3);aceK(60);oppB(61);rpoB(3);recA(3);hsp(35)
GCA_048065815.1.fasta	cbotulinum	193	PERFECT	100	aroE(3);mdh(3);aceK(60);oppB(61);rpoB(3);recA(3);hsp(35)
GCA_048065835.1.fasta	cbotulinum	193	PERFECT	100	aroE(3);mdh(3);aceK(60);oppB(61);rpoB(3);recA(3);hsp(35)
GCA_048065855.1.fasta	cbotulinum	193	PERFECT	100	aroE(3);mdh(3);aceK(60);oppB(61);rpoB(3);recA(3);hsp(35)
GCA_048065875.1.fasta	cbotulinum	193	PERFECT	100	aroE(3);mdh(3);aceK(60);oppB(61);rpoB(3);recA(3);hsp(35)
GCA_048065895.1.fasta	cbotulinum	193	PERFECT	100	aroE(3);mdh(3);aceK(60);oppB(61);rpoB(3);recA(3);hsp(35)
GCA_048065915.1.fasta	cbotulinum	193	PERFECT	100	aroE(3);mdh(3);aceK(60);oppB(61);rpoB(3);recA(3);hsp(35)
GCA_048065935.1.fasta	cbotulinum	193	PERFECT	100	aroE(3);mdh(3);aceK(60);oppB(61);rpoB(3);recA(3);hsp(35)
GCA_048066035.1.fasta	cbotulinum	193	PERFECT	100	aroE(3);mdh(3);aceK(60);oppB(61);rpoB(3);recA(3);hsp(35)
GCA_048066075.1.fasta	cbotulinum	193	PERFECT	100	aroE(3);mdh(3);aceK(60);oppB(61);rpoB(3);recA(3);hsp(35)
GCA_048684835.1.fasta	cdifficile	1	PERFECT	100	adk(1);atpA(1);dxr(1);glyA(10);recA(1);sodA(3);tpi(5)
GCA_048794565.1.fasta	efaecium	1424	PERFECT	100	atpA(9);ddl(1);gdh(1);purK(1);gyd(12);pstS(0);adk(1)
GCA_048815815.1.fasta	ecoli_achtman_4	2485	PERFECT	100	adk(6);fumC(4);gyrB(159);icd(140);mdh(112);purA(1);recA(17)
GCA_048934925.1.fasta	ecoli_achtman_4	48	PERFECT	100	adk(6);fumC(11);gyrB(4);icd(8);mdh(8);purA(8);recA(2)
GCA_048936225.1.fasta	ecoli_achtman_4	48	PERFECT	100	adk(6);fumC(11);gyrB(4);icd(8);mdh(8);purA(8);recA(2)
GCA_048982545.1.fasta	efaecalis	32	PERFECT	100	gdh(8);gyd(7);pstS(9);gki(5);aroE(4);xpt(4);yqiL(1)
GCA_048982585.1.fasta	efaecalis	32	PERFECT	100	gdh(8);gyd(7);pstS(9);gki(5);aroE(4);xpt(4);yqiL(1)
GCA_049164325.1.fasta	campylobacter	-	MIXED	90	aspA(33);glnA(39);gltA(30);glyA(79);pgm(104,104);tkt(43);uncA(17)
GCA_049167075.1.fasta	cdifficile	3	PERFECT	100	adk(1);atpA(1);dxr(2);glyA(1);recA(1);sodA(1);tpi(1)
GCA_049167495.1.fasta	cdifficile	3	PERFECT	100	adk(1);atpA(1);dxr(2);glyA(1);recA(1);sodA(1);tpi(1)
GCA_049243065.1.fasta	cdifficile	37	PERFECT	100	adk(3);atpA(7);dxr(3);glyA(8);recA(6);sodA(9);tpi(11)
GCA_049808315.1.fasta	efaecalis	376	PERFECT	100	gdh(64);gyd(1);pstS(36);gki(68);aroE(30);xpt(25);yqiL(30)
GCA_049856535.1.fasta	efaecium	80	PERFECT	100	atpA(9);ddl(1);gdh(1);purK(1);gyd(12);pstS(1);adk(1)
GCA_049856755.1.fasta	efaecium	80	PERFECT	100	atpA(9);ddl(1);gdh(1);purK(1);gyd(12);pstS(1);adk(1)
GCA_049856775.1.fasta	efaecium	761	PERFECT	100	atpA(70);ddl(1);gdh(1);purK(1);gyd(12);pstS(1);adk(1)
GCA_049899185.1.fasta	saureus	398	PERFECT	100	arcC(3);aroE(35);glpF(19);gmk(2);pta(20);tpi(26);yqiL(39)
GCA_049983885.1.fasta	cdifficile	11	PERFECT	100	adk(5);atpA(8);dxr(5);glyA(11);recA(9);sodA(11);tpi(8)
GCA_050339055.1.fasta	efaecium	80	PERFECT	100	atpA(9);ddl(1);gdh(1);purK(1);gyd(12);pstS(1);adk(1)
GCA_050351495.1.fasta	efaecalis	476	PERFECT	100	gdh(17);gyd(2);pstS(1);gki(3);aroE(14);xpt(14);yqiL(1)
GCA_050505115.1.fasta	efaecium	18	PERFECT	100	atpA(7);ddl(1);gdh(1);purK(1);gyd(5);pstS(1);adk(1)
GCA_050505125.1.fasta	efaecium	18	PERFECT	100	atpA(7);ddl(1);gdh(1);purK(1);gyd(5);pstS(1);adk(1)
GCA_050509775.1.fasta	cdifficile	-	OK	86	adk(1);atpA(1);dxr(6);glyA(1);recA(8);sodA(~58);tpi(1)
GCA_050687495.1.fasta	efaecium	911	PERFECT	100	atpA(9);ddl(1);gdh(1);purK(6);gyd(1);pstS(1);adk(1)
GCA_050784445.1.fasta	cperfringens	-	OK	86	colA(3);groEL(133);sodA(~81);plc(70);gyrB(25);sigK(18);pgk(1);nadA(13)
GCA_050877525.1.fasta	efaecium	117	PERFECT	100	atpA(9);ddl(1);gdh(1);purK(1);gyd(1);pstS(1);adk(1)
GCA_050878925.1.fasta	efaecium	80	PERFECT	100	atpA(9);ddl(1);gdh(1);purK(1);gyd(12);pstS(1);adk(1)
GCA_050932635.1.fasta	saureus	398	PERFECT	100	arcC(3);aroE(35);glpF(19);gmk(2);pta(20);tpi(26);yqiL(39)
GCA_050953905.1.fasta	cdifficile	14	PERFECT	100	adk(1);atpA(1);dxr(2);glyA(1);recA(5);sodA(5);tpi(3)
GCA_051048165.1.fasta	campylobacter	854	PERFECT	100	aspA(33);glnA(38);gltA(30);glyA(82);pgm(104);tkt(43);uncA(17)
GCA_051065795.1.fasta	cbotulinum	-	OK	82	aroE(~31);mdh(31);aceK(47);oppB(15);rpoB(12);recA(~13);hsp(14)
GCA_051077785.1.fasta	cbotulinum	-	OK	82	aroE(46);mdh(~13);aceK(47);oppB(26);rpoB(~12);recA(31);hsp(29)
GCA_051077825.1.fasta	cbotulinum	100	PERFECT	100	aroE(35);mdh(36);aceK(44);oppB(35);rpoB(10);recA(25);hsp(9)
GCA_051077845.1.fasta	cbotulinum	159	PERFECT	100	aroE(50);mdh(36);aceK(44);oppB(35);rpoB(10);recA(25);hsp(9)
GCA_051077865.1.fasta	cbotulinum	100	PERFECT	100	aroE(35);mdh(36);aceK(44);oppB(35);rpoB(10);recA(25);hsp(9)
GCA_051077885.1.fasta	cbotulinum	100	PERFECT	100	aroE(35);mdh(36);aceK(44);oppB(35);rpoB(10);recA(25);hsp(9)
GCA_051077905.1.fasta	cbotulinum	100	PERFECT	100	aroE(35);mdh(36);aceK(44);oppB(35);rpoB(10);recA(25);hsp(9)
GCA_051077925.1.fasta	cbotulinum	100	PERFECT	100	aroE(35);mdh(36);aceK(44);oppB(35);rpoB(10);recA(25);hsp(9)
GCA_051077945.1.fasta	cbotulinum	146	PERFECT	100	aroE(39);mdh(35);aceK(46);oppB(38);rpoB(27);recA(27);hsp(25)
GCA_051077965.1.fasta	cbotulinum	100	PERFECT	100	aroE(35);mdh(36);aceK(44);oppB(35);rpoB(10);recA(25);hsp(9)
GCA_051077985.1.fasta	cbotulinum	115	PERFECT	100	aroE(35);mdh(11);aceK(44);oppB(8);rpoB(25);recA(25);hsp(9)
GCA_051078005.1.fasta	cbotulinum	100	PERFECT	100	aroE(35);mdh(36);aceK(44);oppB(35);rpoB(10);recA(25);hsp(9)
GCA_051078025.1.fasta	cbotulinum	134	PERFECT	100	aroE(36);mdh(44);aceK(46);oppB(38);rpoB(27);recA(27);hsp(25)
GCA_051078045.1.fasta	cbotulinum	176	PERFECT	100	aroE(16);mdh(12);aceK(59);oppB(35);rpoB(10);recA(12);hsp(9)
GCA_051078065.1.fasta	cbotulinum	123	PERFECT	100	aroE(44);mdh(36);aceK(44);oppB(35);rpoB(10);recA(25);hsp(9)
GCA_051078085.1.fasta	cbotulinum	119	PERFECT	100	aroE(35);mdh(36);aceK(49);oppB(35);rpoB(10);recA(11);hsp(9)
GCA_051078105.1.fasta	cbotulinum	128	PERFECT	100	aroE(35);mdh(36);aceK(44);oppB(45);rpoB(10);recA(25);hsp(9)
GCA_051078125.1.fasta	cbotulinum	100	PERFECT	100	aroE(35);mdh(36);aceK(44);oppB(35);rpoB(10);recA(25);hsp(9)
GCA_051078145.1.fasta	cbotulinum	100	PERFECT	100	aroE(35);mdh(36);aceK(44);oppB(35);rpoB(10);recA(25);hsp(9)
GCA_051078165.1.fasta	cbotulinum	115	PERFECT	100	aroE(35);mdh(11);aceK(44);oppB(8);rpoB(25);recA(25);hsp(9)
GCA_051078185.1.fasta	cbotulinum	100	PERFECT	100	aroE(35);mdh(36);aceK(44);oppB(35);rpoB(10);recA(25);hsp(9)
GCA_051078205.1.fasta	cbotulinum	118	PERFECT	100	aroE(41);mdh(36);aceK(48);oppB(35);rpoB(10);recA(25);hsp(9)
GCA_051078225.1.fasta	cbotulinum	100	PERFECT	100	aroE(35);mdh(36);aceK(44);oppB(35);rpoB(10);recA(25);hsp(9)
GCA_051078265.1.fasta	cbotulinum	100	PERFECT	100	aroE(35);mdh(36);aceK(44);oppB(35);rpoB(10);recA(25);hsp(9)
GCA_051078285.1.fasta	cbotulinum	100	PERFECT	100	aroE(35);mdh(36);aceK(44);oppB(35);rpoB(10);recA(25);hsp(9)
GCA_051078305.1.fasta	cbotulinum	100	PERFECT	100	aroE(35);mdh(36);aceK(44);oppB(35);rpoB(10);recA(25);hsp(9)
GCA_051078325.1.fasta	cbotulinum	100	PERFECT	100	aroE(35);mdh(36);aceK(44);oppB(35);rpoB(10);recA(25);hsp(9)
GCA_051078345.1.fasta	cbotulinum	100	PERFECT	100	aroE(35);mdh(36);aceK(44);oppB(35);rpoB(10);recA(25);hsp(9)
GCA_051078365.1.fasta	cbotulinum	100	PERFECT	100	aroE(35);mdh(36);aceK(44);oppB(35);rpoB(10);recA(25);hsp(9)
GCA_051078385.1.fasta	cbotulinum	100	PERFECT	100	aroE(35);mdh(36);aceK(44);oppB(35);rpoB(10);recA(25);hsp(9)
GCA_051078405.1.fasta	cbotulinum	100	PERFECT	100	aroE(35);mdh(36);aceK(44);oppB(35);rpoB(10);recA(25);hsp(9)
GCA_051078425.1.fasta	cbotulinum	119	PERFECT	100	aroE(35);mdh(36);aceK(49);oppB(35);rpoB(10);recA(11);hsp(9)
GCA_051078445.1.fasta	cbotulinum	100	PERFECT	100	aroE(35);mdh(36);aceK(44);oppB(35);rpoB(10);recA(25);hsp(9)
GCA_051078465.1.fasta	cbotulinum	100	PERFECT	100	aroE(35);mdh(36);aceK(44);oppB(35);rpoB(10);recA(25);hsp(9)
GCA_051251195.1.fasta	cbotulinum	16	PERFECT	100	aroE(13);mdh(7);aceK(4);oppB(8);rpoB(9);recA(7);hsp(8)
GCA_051251205.1.fasta	cbotulinum	2	PERFECT	100	aroE(10);mdh(8);aceK(7);oppB(9);rpoB(8);recA(7);hsp(8)
GCA_051251255.1.fasta	cbotulinum	31	PERFECT	100	aroE(13);mdh(5);aceK(17);oppB(9);rpoB(9);recA(6);hsp(10)
GCA_051251295.1.fasta	cbotulinum	51	PERFECT	100	aroE(13);mdh(8);aceK(15);oppB(19);rpoB(8);recA(7);hsp(8)
GCA_051251315.1.fasta	cbotulinum	4	PERFECT	100	aroE(9);mdh(10);aceK(6);oppB(9);rpoB(8);recA(7);hsp(8)
GCA_051281165.1.fasta	efaecium	1299	PERFECT	100	atpA(9);ddl(1);gdh(1);purK(97);gyd(12);pstS(1);adk(1)
GCA_051281945.1.fasta	efaecium	1299	PERFECT	100	atpA(9);ddl(1);gdh(1);purK(97);gyd(12);pstS(1);adk(1)
GCA_051282775.1.fasta	efaecium	1299	PERFECT	100	atpA(9);ddl(1);gdh(1);purK(97);gyd(12);pstS(1);adk(1)
GCA_051283735.1.fasta	efaecium	1299	PERFECT	100	atpA(9);ddl(1);gdh(1);purK(97);gyd(12);pstS(1);adk(1)
GCA_051284415.1.fasta	efaecium	1299	PERFECT	100	atpA(9);ddl(1);gdh(1);purK(97);gyd(12);pstS(1);adk(1)
GCA_051284455.1.fasta	efaecium	1299	PERFECT	100	atpA(9);ddl(1);gdh(1);purK(97);gyd(12);pstS(1);adk(1)
GCA_051291635.1.fasta	efaecium	1299	PERFECT	100	atpA(9);ddl(1);gdh(1);purK(97);gyd(12);pstS(1);adk(1)
GCA_051292255.1.fasta	efaecium	1299	PERFECT	100	atpA(9);ddl(1);gdh(1);purK(97);gyd(12);pstS(1);adk(1)
GCA_051292275.1.fasta	efaecium	1299	PERFECT	100	atpA(9);ddl(1);gdh(1);purK(97);gyd(12);pstS(1);adk(1)
GCA_051292555.1.fasta	efaecium	1299	PERFECT	100	atpA(9);ddl(1);gdh(1);purK(97);gyd(12);pstS(1);adk(1)
GCA_051366305.1.fasta	cdifficile	11	PERFECT	100	adk(5);atpA(8);dxr(5);glyA(11);recA(9);sodA(11);tpi(8)
GCA_051366405.1.fasta	cdifficile	54	PERFECT	100	adk(1);atpA(4);dxr(7);glyA(1);recA(1);sodA(3);tpi(3)
GCA_051367165.1.fasta	cdifficile	-	MIXED	90	adk(1);atpA(4);dxr(7);glyA(1);recA(1);sodA(3,3);tpi(3)
GCA_051372085.1.fasta	efaecium	-	OK	86	atpA(5);ddl(1);gdh(~1);purK(6);gyd(1);pstS(19);adk(1)
GCA_051441225.1.fasta	cdifficile	-	MIXED	90	adk(1);atpA(1);dxr(2);glyA(1);recA(1);sodA(5,5);tpi(3)
GCA_051441405.1.fasta	cdifficile	-	MIXED	90	adk(1);atpA(1);dxr(2);glyA(1);recA(1);sodA(5,5);tpi(3)
GCA_051441425.1.fasta	cdifficile	-	MIXED	90	adk(1);atpA(1);dxr(2);glyA(1);recA(1);sodA(5,5);tpi(3)
GCA_051441505.1.fasta	cdifficile	-	MIXED	90	adk(1);atpA(1);dxr(2);glyA(1);recA(1);sodA(5,5);tpi(3)
GCA_051441605.1.fasta	cdifficile	-	MIXED	90	adk(1);atpA(1);dxr(2);glyA(1);recA(1);sodA(5,5);tpi(3)
GCA_051441775.1.fasta	cdifficile	-	MIXED	90	adk(1);atpA(1);dxr(2);glyA(1);recA(1);sodA(5,5);tpi(3)
GCA_051473805.1.fasta	cdifficile	-	MIXED	90	adk(1);atpA(1);dxr(2);glyA(1);recA(1);sodA(5,5);tpi(3)
GCA_051484245.1.fasta	efaecium	117	PERFECT	100	atpA(9);ddl(1);gdh(1);purK(1);gyd(1);pstS(1);adk(1)
GCA_051547765.1.fasta	efaecalis	1024	PERFECT	100	gdh(17);gyd(1);pstS(1);gki(3);aroE(14);xpt(17);yqiL(1)
GCA_051547785.1.fasta	efaecalis	86	PERFECT	100	gdh(6);gyd(10);pstS(11);gki(17);aroE(4);xpt(2);yqiL(1)
GCA_051547865.1.fasta	efaecalis	476	PERFECT	100	gdh(17);gyd(2);pstS(1);gki(3);aroE(14);xpt(14);yqiL(1)
GCA_051903065.1.fasta	ecoli_achtman_4	1140	PERFECT	100	adk(83);fumC(23);gyrB(164);icd(181);mdh(80);purA(1);recA(42)
GCA_051917515.1.fasta	cdifficile	26	PERFECT	100	adk(1);atpA(1);dxr(6);glyA(1);recA(4);sodA(3);tpi(4)
GCA_051917665.1.fasta	cdifficile	26	PERFECT	100	adk(1);atpA(1);dxr(6);glyA(1);recA(4);sodA(3);tpi(4)
GCA_051917685.1.fasta	cdifficile	26	PERFECT	100	adk(1);atpA(1);dxr(6);glyA(1);recA(4);sodA(3);tpi(4)
GCA_051945695.1.fasta	saureus	398	PERFECT	100	arcC(3);aroE(35);glpF(19);gmk(2);pta(20);tpi(26);yqiL(39)
GCA_052043955.1.fasta	efaecium	54	PERFECT	100	atpA(2);ddl(9);gdh(6);purK(6);gyd(1);pstS(11);adk(1)
GCA_052071735.1.fasta	ecoli_achtman_4	1011	PERFECT	100	adk(6);fumC(4);gyrB(159);icd(44);mdh(112);purA(1);recA(17)
GCA_052074265.1.fasta	ecoli_achtman_4	48	PERFECT	100	adk(6);fumC(11);gyrB(4);icd(8);mdh(8);purA(8);recA(2)
GCA_052116765.1.fasta	cbotulinum	74	PERFECT	100	aroE(29);mdh(24);aceK(37);oppB(29);rpoB(22);recA(21);hsp(21)
GCA_052116845.1.fasta	cbotulinum	74	PERFECT	100	aroE(29);mdh(24);aceK(37);oppB(29);rpoB(22);recA(21);hsp(21)
GCA_052117025.1.fasta	cbotulinum	74	PERFECT	100	aroE(29);mdh(24);aceK(37);oppB(29);rpoB(22);recA(21);hsp(21)
GCA_052154535.1.fasta	cbotulinum	2	PERFECT	100	aroE(10);mdh(8);aceK(7);oppB(9);rpoB(8);recA(7);hsp(8)
GCA_052155515.1.fasta	cbotulinum	2	PERFECT	100	aroE(10);mdh(8);aceK(7);oppB(9);rpoB(8);recA(7);hsp(8)
GCA_052155615.1.fasta	cbotulinum	2	PERFECT	100	aroE(10);mdh(8);aceK(7);oppB(9);rpoB(8);recA(7);hsp(8)
GCA_052161595.1.fasta	efaecium	817	PERFECT	100	atpA(9);ddl(1);gdh(1);purK(1);gyd(12);pstS(1);adk(3)
GCA_052163535.1.fasta	cdifficile	15	PERFECT	100	adk(1);atpA(1);dxr(6);glyA(1);recA(8);sodA(5);tpi(1)
GCA_052163545.1.fasta	cdifficile	11	PERFECT	100	adk(5);atpA(8);dxr(5);glyA(11);recA(9);sodA(11);tpi(8)
GCA_052164295.1.fasta	cdifficile	11	PERFECT	100	adk(5);atpA(8);dxr(5);glyA(11);recA(9);sodA(11);tpi(8)
GCA_052249895.1.fasta	cperfringens	-	OK	86	colA(3);groEL(133);sodA(81);plc(70);gyrB(25);sigK(18);pgk(1);nadA(~63)
GCA_052259275.1.fasta	cperfringens	-	OK	86	colA(77);groEL(41);sodA(1);plc(1);gyrB(8);sigK(~156);pgk(4);nadA(1)
GCA_052418515.1.fasta	ecoli_achtman_4	226	PERFECT	100	adk(10);fumC(27);gyrB(5);icd(8);mdh(8);purA(7);recA(2)
GCA_052418535.1.fasta	ecoli_achtman_4	226	PERFECT	100	adk(10);fumC(27);gyrB(5);icd(8);mdh(8);purA(7);recA(2)
GCA_052441975.1.fasta	cdifficile	1	PERFECT	100	adk(1);atpA(1);dxr(1);glyA(10);recA(1);sodA(3);tpi(5)
GCA_052649735.1.fasta	proteus	135	PERFECT	100	atpD(43);dnaJ(68);mdh(6);pyrC(43);recA(24);rpoD(29)
GCA_052957395.1.fasta	vibrio	-	NOVEL	90	gyrB(112);pyrH(20);recA(234);atpA(16)
GCA_052957475.1.fasta	vibrio	631	PERFECT	100	gyrB(78);pyrH(102);recA(176);atpA(16)
GCA_052957675.1.fasta	vibrio	24	PERFECT	100	gyrB(22);pyrH(20);recA(22);atpA(16)
GCA_052982975.1.fasta	cdifficile	54	PERFECT	100	adk(1);atpA(4);dxr(7);glyA(1);recA(1);sodA(3);tpi(3)
GCA_052994105.1.fasta	campylobacter	-	MIXED	90	aspA(33);glnA(39);gltA(30);glyA(79,79);pgm(104);tkt(43);uncA(17)
GCA_053095945.1.fasta	cdifficile	1	PERFECT	100	adk(1);atpA(1);dxr(1);glyA(10);recA(1);sodA(3);tpi(5)
GCA_053233145.1.fasta	cdifficile	26	PERFECT	100	adk(1);atpA(1);dxr(6);glyA(1);recA(4);sodA(3);tpi(4)
GCA_053259265.1.fasta	ecoli_achtman_4	2170	PERFECT	100	adk(6);fumC(333);gyrB(14);icd(16);mdh(24);purA(8);recA(14)
GCA_053265675.1.fasta	ecoli_achtman_4	6756	PERFECT	100	adk(136);fumC(7);gyrB(4);icd(8);mdh(561);purA(8);recA(2)
GCA_053294955.1.fasta	salmonella	198	PERFECT	100	aroC(76);dnaN(14);hemD(3);hisD(77);purE(64);sucA(64);thrA(67)
GCA_053360975.1.fasta	saureus	1	PERFECT	100	arcC(1);aroE(1);glpF(1);gmk(1);pta(1);tpi(1);yqiL(1)
GCA_053361035.1.fasta	saureus	1	PERFECT	100	arcC(1);aroE(1);glpF(1);gmk(1);pta(1);tpi(1);yqiL(1)
GCA_053361045.1.fasta	saureus	1	PERFECT	100	arcC(1);aroE(1);glpF(1);gmk(1);pta(1);tpi(1);yqiL(1)
GCA_053361075.1.fasta	saureus	9	PERFECT	100	arcC(3);aroE(3);glpF(1);gmk(1);pta(1);tpi(1);yqiL(10)
GCA_053362595.1.fasta	ecoli_achtman_4	-	OK	86	adk(~1385);fumC(4);gyrB(14);icd(1);mdh(20);purA(62);recA(7)
GCA_053362935.1.fasta	ecoli_achtman_4	1582	PERFECT	100	adk(6);fumC(4);gyrB(4);icd(1);mdh(9);purA(26);recA(2)
GCA_053571625.1.fasta	ecoli_achtman_4	1421	PERFECT	100	adk(8);fumC(7);gyrB(1);icd(8);mdh(8);purA(8);recA(2)
GCA_053571645.1.fasta	ecoli_achtman_4	1421	PERFECT	100	adk(8);fumC(7);gyrB(1);icd(8);mdh(8);purA(8);recA(2)
GCA_053657595.1.fasta	ecoli_achtman_4	167	PERFECT	100	adk(10);fumC(11);gyrB(4);icd(8);mdh(8);purA(13);recA(2)
GCA_053665575.1.fasta	cdifficile	54	PERFECT	100	adk(1);atpA(4);dxr(7);glyA(1);recA(1);sodA(3);tpi(3)
GCA_053731215.1.fasta	campylobacter_nonjejuni_3	-	MIXED	78	Cla_adk(~10);Cla_atpA(~13);Cla_glnA(5);Cla_glyA(4);Cla_pgi(60);Cla_pgm(138,138);Cla_tkt(~116)
GCA_053909425.1.fasta	cbotulinum	74	PERFECT	100	aroE(29);mdh(24);aceK(37);oppB(29);rpoB(22);recA(21);hsp(21)
GCA_053909445.1.fasta	cbotulinum	74	PERFECT	100	aroE(29);mdh(24);aceK(37);oppB(29);rpoB(22);recA(21);hsp(21)
GCA_053909525.1.fasta	cbotulinum	-	NOVEL	90	aroE(17);mdh(20);aceK(47);oppB(38);rpoB(12);recA(19);hsp(29)
GCA_053909585.1.fasta	cbotulinum	74	PERFECT	100	aroE(29);mdh(24);aceK(37);oppB(29);rpoB(22);recA(21);hsp(21)
GCA_053920085.1.fasta	cbotulinum	1	PERFECT	100	aroE(13);mdh(6);aceK(13);oppB(10);rpoB(9);recA(8);hsp(9)
GCA_053920145.1.fasta	cbotulinum	1	PERFECT	100	aroE(13);mdh(6);aceK(13);oppB(10);rpoB(9);recA(8);hsp(9)
GCA_053920165.1.fasta	cbotulinum	1	PERFECT	100	aroE(13);mdh(6);aceK(13);oppB(10);rpoB(9);recA(8);hsp(9)
GCA_053920185.1.fasta	cbotulinum	96	PERFECT	100	aroE(36);mdh(33);aceK(45);oppB(36);rpoB(26);recA(26);hsp(24)
GCA_053920205.1.fasta	cbotulinum	96	PERFECT	100	aroE(36);mdh(33);aceK(45);oppB(36);rpoB(26);recA(26);hsp(24)
GCA_053920225.1.fasta	cbotulinum	6	PERFECT	100	aroE(9);mdh(10);aceK(6);oppB(9);rpoB(6);recA(7);hsp(7)
GCA_053920245.1.fasta	cbotulinum	6	PERFECT	100	aroE(9);mdh(10);aceK(6);oppB(9);rpoB(6);recA(7);hsp(7)
GCA_053920265.1.fasta	cbotulinum	6	PERFECT	100	aroE(9);mdh(10);aceK(6);oppB(9);rpoB(6);recA(7);hsp(7)
GCA_053920285.1.fasta	cbotulinum	6	PERFECT	100	aroE(9);mdh(10);aceK(6);oppB(9);rpoB(6);recA(7);hsp(7)
GCA_053920305.1.fasta	cbotulinum	6	PERFECT	100	aroE(9);mdh(10);aceK(6);oppB(9);rpoB(6);recA(7);hsp(7)
GCA_053920325.1.fasta	cbotulinum	6	PERFECT	100	aroE(9);mdh(10);aceK(6);oppB(9);rpoB(6);recA(7);hsp(7)
GCA_053920375.1.fasta	cbotulinum	6	PERFECT	100	aroE(9);mdh(10);aceK(6);oppB(9);rpoB(6);recA(7);hsp(7)
GCA_053921045.1.fasta	cbotulinum	1	PERFECT	100	aroE(13);mdh(6);aceK(13);oppB(10);rpoB(9);recA(8);hsp(9)
GCA_053921065.1.fasta	cbotulinum	97	PERFECT	100	aroE(9);mdh(8);aceK(6);oppB(9);rpoB(8);recA(7);hsp(8)
GCA_053921085.1.fasta	cbotulinum	197	PERFECT	100	aroE(13);mdh(6);aceK(7);oppB(10);rpoB(9);recA(9);hsp(9)
GCA_053921105.1.fasta	cbotulinum	4	PERFECT	100	aroE(9);mdh(10);aceK(6);oppB(9);rpoB(8);recA(7);hsp(8)
GCA_053921125.1.fasta	cbotulinum	1	PERFECT	100	aroE(13);mdh(6);aceK(13);oppB(10);rpoB(9);recA(8);hsp(9)
GCA_053921145.1.fasta	cbotulinum	4	PERFECT	100	aroE(9);mdh(10);aceK(6);oppB(9);rpoB(8);recA(7);hsp(8)
GCA_053921165.1.fasta	cbotulinum	1	PERFECT	100	aroE(13);mdh(6);aceK(13);oppB(10);rpoB(9);recA(8);hsp(9)
GCA_053921185.1.fasta	cbotulinum	1	PERFECT	100	aroE(13);mdh(6);aceK(13);oppB(10);rpoB(9);recA(8);hsp(9)
GCA_053921205.1.fasta	cbotulinum	1	PERFECT	100	aroE(13);mdh(6);aceK(13);oppB(10);rpoB(9);recA(8);hsp(9)
GCA_053921225.1.fasta	cbotulinum	1	PERFECT	100	aroE(13);mdh(6);aceK(13);oppB(10);rpoB(9);recA(8);hsp(9)
GCA_053921245.1.fasta	cbotulinum	1	PERFECT	100	aroE(13);mdh(6);aceK(13);oppB(10);rpoB(9);recA(8);hsp(9)
GCA_053921265.1.fasta	cbotulinum	6	PERFECT	100	aroE(9);mdh(10);aceK(6);oppB(9);rpoB(6);recA(7);hsp(7)
GCA_053921285.1.fasta	cbotulinum	6	PERFECT	100	aroE(9);mdh(10);aceK(6);oppB(9);rpoB(6);recA(7);hsp(7)
GCA_053921305.1.fasta	cbotulinum	34	PERFECT	100	aroE(16);mdh(12);aceK(20);oppB(8);rpoB(10);recA(12);hsp(9)
GCA_053921325.1.fasta	cbotulinum	34	PERFECT	100	aroE(16);mdh(12);aceK(20);oppB(8);rpoB(10);recA(12);hsp(9)
GCA_053921345.1.fasta	cbotulinum	22	PERFECT	100	aroE(10);mdh(8);aceK(6);oppB(9);rpoB(8);recA(7);hsp(8)
GCA_053921365.1.fasta	cbotulinum	4	PERFECT	100	aroE(9);mdh(10);aceK(6);oppB(9);rpoB(8);recA(7);hsp(8)
GCA_053921385.1.fasta	cbotulinum	4	PERFECT	100	aroE(9);mdh(10);aceK(6);oppB(9);rpoB(8);recA(7);hsp(8)
GCA_053921405.1.fasta	cbotulinum	6	PERFECT	100	aroE(9);mdh(10);aceK(6);oppB(9);rpoB(6);recA(7);hsp(7)
GCA_053921425.1.fasta	cbotulinum	6	PERFECT	100	aroE(9);mdh(10);aceK(6);oppB(9);rpoB(6);recA(7);hsp(7)
GCA_053921445.1.fasta	cbotulinum	6	PERFECT	100	aroE(9);mdh(10);aceK(6);oppB(9);rpoB(6);recA(7);hsp(7)
GCA_053921465.1.fasta	cbotulinum	6	PERFECT	100	aroE(9);mdh(10);aceK(6);oppB(9);rpoB(6);recA(7);hsp(7)
GCA_053921485.1.fasta	cbotulinum	6	PERFECT	100	aroE(9);mdh(10);aceK(6);oppB(9);rpoB(6);recA(7);hsp(7)
GCA_053921505.1.fasta	cbotulinum	6	PERFECT	100	aroE(9);mdh(10);aceK(6);oppB(9);rpoB(6);recA(7);hsp(7)
GCA_053921525.1.fasta	cbotulinum	6	PERFECT	100	aroE(9);mdh(10);aceK(6);oppB(9);rpoB(6);recA(7);hsp(7)
GCA_053921545.1.fasta	cbotulinum	6	PERFECT	100	aroE(9);mdh(10);aceK(6);oppB(9);rpoB(6);recA(7);hsp(7)
GCA_053932905.1.fasta	cdifficile	-	MIXED	90	adk(3);atpA(7);dxr(3);glyA(8);recA(6);sodA(9);tpi(11,11)
GCA_053932945.1.fasta	cdifficile	-	MIXED	90	adk(1);atpA(1);dxr(6);glyA(1);recA(4);sodA(3,3);tpi(4)
GCA_053932965.1.fasta	cdifficile	-	MIXED	90	adk(1);atpA(1);dxr(2);glyA(1);recA(1);sodA(1,1);tpi(1)
GCA_053932985.1.fasta	cdifficile	-	MIXED	90	adk(1);atpA(1);dxr(2);glyA(1);recA(1);sodA(1,1);tpi(1)
GCA_053933005.1.fasta	cdifficile	-	MIXED	90	adk(3);atpA(7);dxr(3);glyA(8);recA(6);sodA(9);tpi(11,11)
GCA_053933605.1.fasta	cdifficile	3	PERFECT	100	adk(1);atpA(1);dxr(2);glyA(1);recA(1);sodA(1);tpi(1)
GCA_053933625.1.fasta	cdifficile	-	MIXED	90	adk(1);atpA(1);dxr(2);glyA(1);recA(1);sodA(1,1);tpi(1)
GCA_053933645.1.fasta	cdifficile	37	PERFECT	100	adk(3);atpA(7);dxr(3);glyA(8);recA(6);sodA(9);tpi(11)
GCA_053933665.1.fasta	cdifficile	-	MIXED	90	adk(1);atpA(1);dxr(2);glyA(1);recA(1);sodA(5,5);tpi(1)
GCA_053933685.1.fasta	cdifficile	37	PERFECT	100	adk(3);atpA(7);dxr(3);glyA(8);recA(6);sodA(9);tpi(11)
GCA_053933705.1.fasta	cdifficile	-	MIXED	90	adk(3);atpA(7);dxr(3);glyA(8);recA(6);sodA(9);tpi(11,11)
GCA_053933725.1.fasta	cdifficile	37	PERFECT	100	adk(3);atpA(7);dxr(3);glyA(8);recA(6);sodA(9);tpi(11)
GCA_053933745.1.fasta	cdifficile	-	MIXED	90	adk(3);atpA(7);dxr(3);glyA(8);recA(6);sodA(9);tpi(11,11)
GCA_053933785.1.fasta	cdifficile	37	PERFECT	100	adk(3);atpA(7);dxr(3);glyA(8);recA(6);sodA(9);tpi(11)
GCA_053992955.1.fasta	cdifficile	11	PERFECT	100	adk(5);atpA(8);dxr(5);glyA(11);recA(9);sodA(11);tpi(8)
GCA_054059375.1.fasta	cbotulinum	97	PERFECT	100	aroE(9);mdh(8);aceK(6);oppB(9);rpoB(8);recA(7);hsp(8)
GCA_054066255.1.fasta	cdifficile	54	PERFECT	100	adk(1);atpA(4);dxr(7);glyA(1);recA(1);sodA(3);tpi(3)
GCA_054067535.1.fasta	cdifficile	1	PERFECT	100	adk(1);atpA(1);dxr(1);glyA(10);recA(1);sodA(3);tpi(5)
GCA_054077035.1.fasta	cdifficile	-	MIXED	90	adk(1);atpA(1);dxr(1);glyA(10);recA(1);sodA(3,3);tpi(5)
GCA_054097965.1.fasta	cbotulinum	1	PERFECT	100	aroE(13);mdh(6);aceK(13);oppB(10);rpoB(9);recA(8);hsp(9)
GCA_900009735.1.fasta	cdifficile	3	PERFECT	100	adk(1);atpA(1);dxr(2);glyA(1);recA(1);sodA(1);tpi(1)
GCA_900010485.1.fasta	cdifficile	3	PERFECT	100	adk(1);atpA(1);dxr(2);glyA(1);recA(1);sodA(1);tpi(1)
GCA_900010995.1.fasta	cdifficile	3	PERFECT	100	adk(1);atpA(1);dxr(2);glyA(1);recA(1);sodA(1);tpi(1)
GCA_900011415.1.fasta	cdifficile	3	PERFECT	100	adk(1);atpA(1);dxr(2);glyA(1);recA(1);sodA(1);tpi(1)
GCA_900013785.1.fasta	cdifficile	3	PERFECT	100	adk(1);atpA(1);dxr(2);glyA(1);recA(1);sodA(1);tpi(1)
GCA_900096105.1.fasta	cdifficile	15	PERFECT	100	adk(1);atpA(1);dxr(6);glyA(1);recA(8);sodA(5);tpi(1)
GCA_900096155.1.fasta	cdifficile	15	PERFECT	100	adk(1);atpA(1);dxr(6);glyA(1);recA(8);sodA(5);tpi(1)
GCA_900096215.1.fasta	cdifficile	15	PERFECT	100	adk(1);atpA(1);dxr(6);glyA(1);recA(8);sodA(5);tpi(1)
GCA_900096325.1.fasta	cdifficile	15	PERFECT	100	adk(1);atpA(1);dxr(6);glyA(1);recA(8);sodA(5);tpi(1)
GCA_900164145.1.fasta	cdifficile	15	PERFECT	100	adk(1);atpA(1);dxr(6);glyA(1);recA(8);sodA(5);tpi(1)
GCA_900164265.1.fasta	cdifficile	15	PERFECT	100	adk(1);atpA(1);dxr(6);glyA(1);recA(8);sodA(5);tpi(1)
GCA_900164335.1.fasta	cdifficile	15	PERFECT	100	adk(1);atpA(1);dxr(6);glyA(1);recA(8);sodA(5);tpi(1)
GCA_900164395.1.fasta	cdifficile	15	PERFECT	100	adk(1);atpA(1);dxr(6);glyA(1);recA(8);sodA(5);tpi(1)
GCA_900164685.1.fasta	cdifficile	15	PERFECT	100	adk(1);atpA(1);dxr(6);glyA(1);recA(8);sodA(5);tpi(1)
GCA_900164785.1.fasta	cdifficile	15	PERFECT	100	adk(1);atpA(1);dxr(6);glyA(1);recA(8);sodA(5);tpi(1)
GCA_900165005.1.fasta	cdifficile	15	PERFECT	100	adk(1);atpA(1);dxr(6);glyA(1);recA(8);sodA(5);tpi(1)
GCA_900165105.1.fasta	cdifficile	15	PERFECT	100	adk(1);atpA(1);dxr(6);glyA(1);recA(8);sodA(5);tpi(1)
GCA_900165135.1.fasta	cdifficile	15	PERFECT	100	adk(1);atpA(1);dxr(6);glyA(1);recA(8);sodA(5);tpi(1)
GCA_900165165.1.fasta	cdifficile	15	PERFECT	100	adk(1);atpA(1);dxr(6);glyA(1);recA(8);sodA(5);tpi(1)
GCA_900165175.1.fasta	cdifficile	15	PERFECT	100	adk(1);atpA(1);dxr(6);glyA(1);recA(8);sodA(5);tpi(1)
GCA_900165355.1.fasta	cdifficile	15	PERFECT	100	adk(1);atpA(1);dxr(6);glyA(1);recA(8);sodA(5);tpi(1)
GCA_900165555.1.fasta	cdifficile	15	PERFECT	100	adk(1);atpA(1);dxr(6);glyA(1);recA(8);sodA(5);tpi(1)
GCA_900167625.1.fasta	cdifficile	15	PERFECT	100	adk(1);atpA(1);dxr(6);glyA(1);recA(8);sodA(5);tpi(1)
GCA_900639575.1.fasta	efaecium	203	PERFECT	100	atpA(15);ddl(1);gdh(1);purK(1);gyd(1);pstS(20);adk(1)
GCA_900639585.1.fasta	efaecium	80	PERFECT	100	atpA(9);ddl(1);gdh(1);purK(1);gyd(12);pstS(1);adk(1)
GCA_900687775.1.fasta	cdifficile	63	PERFECT	100	adk(1);atpA(1);dxr(7);glyA(5);recA(1);sodA(3);tpi(3)
GCA_900688075.1.fasta	cdifficile	15	PERFECT	100	adk(1);atpA(1);dxr(6);glyA(1);recA(8);sodA(5);tpi(1)
GCA_900689435.1.fasta	cdifficile	11	PERFECT	100	adk(5);atpA(8);dxr(5);glyA(11);recA(9);sodA(11);tpi(8)
GCA_900689745.1.fasta	cdifficile	15	PERFECT	100	adk(1);atpA(1);dxr(6);glyA(1);recA(8);sodA(5);tpi(1)
GCA_900690695.1.fasta	cdifficile	37	PERFECT	100	adk(3);atpA(7);dxr(3);glyA(8);recA(6);sodA(9);tpi(11)
GCA_900691885.1.fasta	cdifficile	15	PERFECT	100	adk(1);atpA(1);dxr(6);glyA(1);recA(8);sodA(5);tpi(1)
GCA_900691915.1.fasta	cdifficile	15	PERFECT	100	adk(1);atpA(1);dxr(6);glyA(1);recA(8);sodA(5);tpi(1)
GCA_900691945.1.fasta	cdifficile	15	PERFECT	100	adk(1);atpA(1);dxr(6);glyA(1);recA(8);sodA(5);tpi(1)
GCA_900692015.1.fasta	cdifficile	15	PERFECT	100	adk(1);atpA(1);dxr(6);glyA(1);recA(8);sodA(5);tpi(1)
GCA_900692305.1.fasta	cdifficile	35	PERFECT	100	adk(2);atpA(5);dxr(8);glyA(1);recA(1);sodA(3);tpi(6)
GCA_900744365.1.fasta	cdifficile	1	PERFECT	100	adk(1);atpA(1);dxr(1);glyA(10);recA(1);sodA(3);tpi(5)
GCA_900744445.1.fasta	cdifficile	1	PERFECT	100	adk(1);atpA(1);dxr(1);glyA(10);recA(1);sodA(3);tpi(5)
GCA_900744455.1.fasta	cdifficile	1	PERFECT	100	adk(1);atpA(1);dxr(1);glyA(10);recA(1);sodA(3);tpi(5)
GCA_900744495.1.fasta	cdifficile	1	PERFECT	100	adk(1);atpA(1);dxr(1);glyA(10);recA(1);sodA(3);tpi(5)
GCA_901003245.1.fasta	cdifficile	1	PERFECT	100	adk(1);atpA(1);dxr(1);glyA(10);recA(1);sodA(3);tpi(5)
GCA_901003285.1.fasta	cdifficile	1	PERFECT	100	adk(1);atpA(1);dxr(1);glyA(10);recA(1);sodA(3);tpi(5)
GCA_901003655.1.fasta	cdifficile	1	PERFECT	100	adk(1);atpA(1);dxr(1);glyA(10);recA(1);sodA(3);tpi(5)
GCA_901004405.1.fasta	cdifficile	1	PERFECT	100	adk(1);atpA(1);dxr(1);glyA(10);recA(1);sodA(3);tpi(5)
GCA_901004765.1.fasta	cdifficile	15	PERFECT	100	adk(1);atpA(1);dxr(6);glyA(1);recA(8);sodA(5);tpi(1)
GCA_901004805.1.fasta	cdifficile	15	PERFECT	100	adk(1);atpA(1);dxr(6);glyA(1);recA(8);sodA(5);tpi(1)
GCA_901004945.1.fasta	cdifficile	15	PERFECT	100	adk(1);atpA(1);dxr(6);glyA(1);recA(8);sodA(5);tpi(1)
GCA_901005595.1.fasta	cdifficile	11	PERFECT	100	adk(5);atpA(8);dxr(5);glyA(11);recA(9);sodA(11);tpi(8)
GCA_901005775.1.fasta	cdifficile	11	PERFECT	100	adk(5);atpA(8);dxr(5);glyA(11);recA(9);sodA(11);tpi(8)
GCA_901005865.1.fasta	cdifficile	37	PERFECT	100	adk(3);atpA(7);dxr(3);glyA(8);recA(6);sodA(9);tpi(11)
GCA_901005875.1.fasta	cdifficile	37	PERFECT	100	adk(3);atpA(7);dxr(3);glyA(8);recA(6);sodA(9);tpi(11)
GCA_901005895.1.fasta	cdifficile	37	PERFECT	100	adk(3);atpA(7);dxr(3);glyA(8);recA(6);sodA(9);tpi(11)
GCA_901005985.1.fasta	cdifficile	37	PERFECT	100	adk(3);atpA(7);dxr(3);glyA(8);recA(6);sodA(9);tpi(11)
GCA_901006315.1.fasta	cdifficile	37	PERFECT	100	adk(3);atpA(7);dxr(3);glyA(8);recA(6);sodA(9);tpi(11)
GCA_901006345.1.fasta	cdifficile	37	PERFECT	100	adk(3);atpA(7);dxr(3);glyA(8);recA(6);sodA(9);tpi(11)
GCA_901006385.1.fasta	cdifficile	37	PERFECT	100	adk(3);atpA(7);dxr(3);glyA(8);recA(6);sodA(9);tpi(11)
GCA_901006395.1.fasta	cdifficile	37	PERFECT	100	adk(3);atpA(7);dxr(3);glyA(8);recA(6);sodA(9);tpi(11)
GCA_901006515.1.fasta	cdifficile	48	PERFECT	100	adk(1);atpA(1);dxr(2);glyA(1);recA(1);sodA(5);tpi(1)
GCA_901006525.1.fasta	cdifficile	48	PERFECT	100	adk(1);atpA(1);dxr(2);glyA(1);recA(1);sodA(5);tpi(1)
GCA_901006535.1.fasta	cdifficile	48	PERFECT	100	adk(1);atpA(1);dxr(2);glyA(1);recA(1);sodA(5);tpi(1)
GCA_901006635.1.fasta	cdifficile	11	PERFECT	100	adk(5);atpA(8);dxr(5);glyA(11);recA(9);sodA(11);tpi(8)
GCA_901006895.1.fasta	cdifficile	11	PERFECT	100	adk(5);atpA(8);dxr(5);glyA(11);recA(9);sodA(11);tpi(8)
GCA_901007155.1.fasta	cdifficile	11	PERFECT	100	adk(5);atpA(8);dxr(5);glyA(11);recA(9);sodA(11);tpi(8)
GCA_901008115.1.fasta	cdifficile	1	PERFECT	100	adk(1);atpA(1);dxr(1);glyA(10);recA(1);sodA(3);tpi(5)
GCA_901008585.1.fasta	cdifficile	1	PERFECT	100	adk(1);atpA(1);dxr(1);glyA(10);recA(1);sodA(3);tpi(5)
GCA_901008605.1.fasta	cdifficile	1	PERFECT	100	adk(1);atpA(1);dxr(1);glyA(10);recA(1);sodA(3);tpi(5)
GCA_901008625.1.fasta	cdifficile	1	PERFECT	100	adk(1);atpA(1);dxr(1);glyA(10);recA(1);sodA(3);tpi(5)
GCA_901010305.1.fasta	cdifficile	1	PERFECT	100	adk(1);atpA(1);dxr(1);glyA(10);recA(1);sodA(3);tpi(5)
GCA_902373725.1.fasta	cbotulinum	70	PERFECT	100	aroE(26);mdh(22);aceK(34);oppB(26);rpoB(19);recA(18);hsp(14)
GCA_902386235.1.fasta	cbotulinum	186	PERFECT	100	aroE(14);mdh(18);aceK(24);oppB(13);rpoB(10);recA(7);hsp(8)
GCA_902650915.1.fasta	klebsiella	11	PERFECT	100	gapA(3);infB(3);mdh(1);pgi(1);phoE(1);rpoB(1);tonB(4)
GCA_902806665.1.fasta	cdifficile	1	PERFECT	100	adk(1);atpA(1);dxr(1);glyA(10);recA(1);sodA(3);tpi(5)
GCA_902806675.1.fasta	cdifficile	1	PERFECT	100	adk(1);atpA(1);dxr(1);glyA(10);recA(1);sodA(3);tpi(5)
GCA_902806705.1.fasta	cdifficile	1	PERFECT	100	adk(1);atpA(1);dxr(1);glyA(10);recA(1);sodA(3);tpi(5)
GCA_933217655.1.fasta	saureus	398	PERFECT	100	arcC(3);aroE(35);glpF(19);gmk(2);pta(20);tpi(26);yqiL(39)
GCA_936384895.1.fasta	saureus	398	PERFECT	100	arcC(3);aroE(35);glpF(19);gmk(2);pta(20);tpi(26);yqiL(39)
GCA_947034825.1.fasta	saureus	5382	PERFECT	100	arcC(3);aroE(3);glpF(1);gmk(1);pta(4);tpi(345);yqiL(3)
GCA_949345565.1.fasta	saureus	1	PERFECT	100	arcC(1);aroE(1);glpF(1);gmk(1);pta(1);tpi(1);yqiL(1)
GCA_951803555.1.fasta	cdifficile	39	PERFECT	100	adk(3);atpA(7);dxr(10);glyA(8);recA(7);sodA(2);tpi(10)
GCA_963887135.1.fasta	proteus	170	PERFECT	100	atpD(43);dnaJ(72);mdh(10);pyrC(94);recA(19);rpoD(34)
GCA_963898395.1.fasta	proteus	302	PERFECT	100	atpD(43);dnaJ(98);mdh(6);pyrC(52);recA(33);rpoD(30)
GCA_963898645.1.fasta	proteus	136	PERFECT	100	atpD(43);dnaJ(69);mdh(48);pyrC(71);recA(35);rpoD(42)
GCA_963898715.1.fasta	proteus	302	PERFECT	100	atpD(43);dnaJ(98);mdh(6);pyrC(52);recA(33);rpoD(30)
GCA_963899245.1.fasta	proteus	307	PERFECT	100	atpD(43);dnaJ(92);mdh(10);pyrC(94);recA(19);rpoD(34)
GCA_963900015.1.fasta	proteus	302	PERFECT	100	atpD(43);dnaJ(98);mdh(6);pyrC(52);recA(33);rpoD(30)
GCA_963900065.1.fasta	proteus	136	PERFECT	100	atpD(43);dnaJ(69);mdh(48);pyrC(71);recA(35);rpoD(42)
JX21CE12.fasta	ecoli_achtman_4	1140	PERFECT	100	adk(83);fumC(23);gyrB(164);icd(181);mdh(80);purA(1);recA(42)
JX21CE19.fasta	ecoli_achtman_4	349	PERFECT	100	adk(34);fumC(36);gyrB(39);icd(87);mdh(67);purA(16);recA(4)
JX21CE25.fasta	ecoli_achtman_4	1140	PERFECT	100	adk(83);fumC(23);gyrB(164);icd(181);mdh(80);purA(1);recA(42)
JX21CE7.fasta	ecoli_achtman_4	1140	PERFECT	100	adk(83);fumC(23);gyrB(164);icd(181);mdh(80);purA(1);recA(42)
JX21CTR24.fasta	klebsiella	6262	PERFECT	100	gapA(2);infB(9);mdh(2);pgi(1);phoE(13);rpoB(1);tonB(870)
JX21CTR25.fasta	klebsiella	6262	PERFECT	100	gapA(2);infB(9);mdh(2);pgi(1);phoE(13);rpoB(1);tonB(870)
JX21CTR27.fasta	klebsiella	6262	PERFECT	100	gapA(2);infB(9);mdh(2);pgi(1);phoE(13);rpoB(1);tonB(870)
JX21CTR28.fasta	klebsiella	6262	PERFECT	100	gapA(2);infB(9);mdh(2);pgi(1);phoE(13);rpoB(1);tonB(870)
JX21CTR31.fasta	klebsiella	6262	PERFECT	100	gapA(2);infB(9);mdh(2);pgi(1);phoE(13);rpoB(1);tonB(870)
JX21CTR32.fasta	klebsiella	6262	PERFECT	100	gapA(2);infB(9);mdh(2);pgi(1);phoE(13);rpoB(1);tonB(870)
JX21CTR40.fasta	klebsiella	6262	PERFECT	100	gapA(2);infB(9);mdh(2);pgi(1);phoE(13);rpoB(1);tonB(870)
JXC2.fasta	-	-	NONE	0	
SRR10665977.fasta	cdifficile	63	PERFECT	100	adk(1);atpA(1);dxr(7);glyA(5);recA(1);sodA(3);tpi(3)
SRR10665990.fasta	cdifficile	1	PERFECT	100	adk(1);atpA(1);dxr(1);glyA(10);recA(1);sodA(3);tpi(5)
SRR10666020.fasta	cdifficile	1	PERFECT	100	adk(1);atpA(1);dxr(1);glyA(10);recA(1);sodA(3);tpi(5)
SRR10666022.fasta	cdifficile	63	PERFECT	100	adk(1);atpA(1);dxr(7);glyA(5);recA(1);sodA(3);tpi(3)
SRR10666030.fasta	cdifficile	3	PERFECT	100	adk(1);atpA(1);dxr(2);glyA(1);recA(1);sodA(1);tpi(1)
SRR10666048.fasta	cdifficile	3	PERFECT	100	adk(1);atpA(1);dxr(2);glyA(1);recA(1);sodA(1);tpi(1)
SRR10666053.fasta	cdifficile	11	PERFECT	100	adk(5);atpA(8);dxr(5);glyA(11);recA(9);sodA(11);tpi(8)
SRR10693799.fasta	cdifficile	2	PERFECT	100	adk(1);atpA(1);dxr(2);glyA(1);recA(5);sodA(3);tpi(1)
SRR10693819.fasta	cdifficile	63	PERFECT	100	adk(1);atpA(1);dxr(7);glyA(5);recA(1);sodA(3);tpi(3)
SRR10693835.fasta	cdifficile	1	PERFECT	100	adk(1);atpA(1);dxr(1);glyA(10);recA(1);sodA(3);tpi(5)
SRR10693854.fasta	cdifficile	63	PERFECT	100	adk(1);atpA(1);dxr(7);glyA(5);recA(1);sodA(3);tpi(3)
SRR10693978.fasta	cdifficile	1	PERFECT	100	adk(1);atpA(1);dxr(1);glyA(10);recA(1);sodA(3);tpi(5)
SRR10693979.fasta	cdifficile	1	PERFECT	100	adk(1);atpA(1);dxr(1);glyA(10);recA(1);sodA(3);tpi(5)
SRR10693980.fasta	cdifficile	1	PERFECT	100	adk(1);atpA(1);dxr(1);glyA(10);recA(1);sodA(3);tpi(5)
SRR10693981.fasta	cdifficile	1	PERFECT	100	adk(1);atpA(1);dxr(1);glyA(10);recA(1);sodA(3);tpi(5)
SRR10693983.fasta	cdifficile	1	PERFECT	100	adk(1);atpA(1);dxr(1);glyA(10);recA(1);sodA(3);tpi(5)
SRR10693984.fasta	cdifficile	1	PERFECT	100	adk(1);atpA(1);dxr(1);glyA(10);recA(1);sodA(3);tpi(5)
SRR10693985.fasta	cdifficile	707	PERFECT	100	adk(1);atpA(1);dxr(1);glyA(10);recA(4);sodA(3);tpi(5)
SRR10693986.fasta	cdifficile	1	PERFECT	100	adk(1);atpA(1);dxr(1);glyA(10);recA(1);sodA(3);tpi(5)
SRR10693987.fasta	cdifficile	1	PERFECT	100	adk(1);atpA(1);dxr(1);glyA(10);recA(1);sodA(3);tpi(5)
SRR10693988.fasta	cdifficile	1	PERFECT	100	adk(1);atpA(1);dxr(1);glyA(10);recA(1);sodA(3);tpi(5)
SRR10693989.fasta	cdifficile	1	PERFECT	100	adk(1);atpA(1);dxr(1);glyA(10);recA(1);sodA(3);tpi(5)
SRR10693990.fasta	cdifficile	1	PERFECT	100	adk(1);atpA(1);dxr(1);glyA(10);recA(1);sodA(3);tpi(5)
SRR10693991.fasta	cdifficile	11	PERFECT	100	adk(5);atpA(8);dxr(5);glyA(11);recA(9);sodA(11);tpi(8)
SRR10693993.fasta	cdifficile	11	PERFECT	100	adk(5);atpA(8);dxr(5);glyA(11);recA(9);sodA(11);tpi(8)
SRR10693994.fasta	cdifficile	1	PERFECT	100	adk(1);atpA(1);dxr(1);glyA(10);recA(1);sodA(3);tpi(5)
SRR10693995.fasta	cdifficile	1	PERFECT	100	adk(1);atpA(1);dxr(1);glyA(10);recA(1);sodA(3);tpi(5)
SRR10693997.fasta	cdifficile	1	PERFECT	100	adk(1);atpA(1);dxr(1);glyA(10);recA(1);sodA(3);tpi(5)
SRR10693998.fasta	cdifficile	1	PERFECT	100	adk(1);atpA(1);dxr(1);glyA(10);recA(1);sodA(3);tpi(5)
SRR10693999.fasta	cdifficile	1	PERFECT	100	adk(1);atpA(1);dxr(1);glyA(10);recA(1);sodA(3);tpi(5)
SRR10694000.fasta	cdifficile	1	PERFECT	100	adk(1);atpA(1);dxr(1);glyA(10);recA(1);sodA(3);tpi(5)
SRR10694001.fasta	cdifficile	1	PERFECT	100	adk(1);atpA(1);dxr(1);glyA(10);recA(1);sodA(3);tpi(5)
SRR10694002.fasta	cdifficile	1	PERFECT	100	adk(1);atpA(1);dxr(1);glyA(10);recA(1);sodA(3);tpi(5)
SRR10694003.fasta	cdifficile	1	PERFECT	100	adk(1);atpA(1);dxr(1);glyA(10);recA(1);sodA(3);tpi(5)
SRR10694008.fasta	cdifficile	1	PERFECT	100	adk(1);atpA(1);dxr(1);glyA(10);recA(1);sodA(3);tpi(5)
SRR10694009.fasta	cdifficile	1	PERFECT	100	adk(1);atpA(1);dxr(1);glyA(10);recA(1);sodA(3);tpi(5)
SRR10694011.fasta	cdifficile	1	PERFECT	100	adk(1);atpA(1);dxr(1);glyA(10);recA(1);sodA(3);tpi(5)
SRR10694013.fasta	cdifficile	1	PERFECT	100	adk(1);atpA(1);dxr(1);glyA(10);recA(1);sodA(3);tpi(5)
SRR10694014.fasta	cdifficile	1	PERFECT	100	adk(1);atpA(1);dxr(1);glyA(10);recA(1);sodA(3);tpi(5)
SRR10694015.fasta	cdifficile	1	PERFECT	100	adk(1);atpA(1);dxr(1);glyA(10);recA(1);sodA(3);tpi(5)
SRR10694121.fasta	cdifficile	3	PERFECT	100	adk(1);atpA(1);dxr(2);glyA(1);recA(1);sodA(1);tpi(1)
SRR10694147.fasta	cdifficile	1	PERFECT	100	adk(1);atpA(1);dxr(1);glyA(10);recA(1);sodA(3);tpi(5)
SRR10694148.fasta	cdifficile	1	PERFECT	100	adk(1);atpA(1);dxr(1);glyA(10);recA(1);sodA(3);tpi(5)
SRR10694149.fasta	cdifficile	1	PERFECT	100	adk(1);atpA(1);dxr(1);glyA(10);recA(1);sodA(3);tpi(5)
SRR10694208.fasta	cdifficile	11	PERFECT	100	adk(5);atpA(8);dxr(5);glyA(11);recA(9);sodA(11);tpi(8)
SRR10694266.fasta	cdifficile	10	PERFECT	100	adk(2);atpA(1);dxr(2);glyA(1);recA(1);sodA(3);tpi(1)
SRR10881223.fasta	cdifficile	1	PERFECT	100	adk(1);atpA(1);dxr(1);glyA(10);recA(1);sodA(3);tpi(5)
SRR10881254.fasta	cdifficile	1	PERFECT	100	adk(1);atpA(1);dxr(1);glyA(10);recA(1);sodA(3);tpi(5)
SRR12437105.fasta	cdifficile	1	PERFECT	100	adk(1);atpA(1);dxr(1);glyA(10);recA(1);sodA(3);tpi(5)
SRR12437147.fasta	cdifficile	1	PERFECT	100	adk(1);atpA(1);dxr(1);glyA(10);recA(1);sodA(3);tpi(5)
SRR12437150.fasta	cdifficile	1	PERFECT	100	adk(1);atpA(1);dxr(1);glyA(10);recA(1);sodA(3);tpi(5)
SRR12437162.fasta	cdifficile	1	PERFECT	100	adk(1);atpA(1);dxr(1);glyA(10);recA(1);sodA(3);tpi(5)
SRR12437164.fasta	cdifficile	1	PERFECT	100	adk(1);atpA(1);dxr(1);glyA(10);recA(1);sodA(3);tpi(5)
SRR12437207.fasta	cdifficile	1	PERFECT	100	adk(1);atpA(1);dxr(1);glyA(10);recA(1);sodA(3);tpi(5)
SRR12437216.fasta	cdifficile	1	PERFECT	100	adk(1);atpA(1);dxr(1);glyA(10);recA(1);sodA(3);tpi(5)
SRR12437218.fasta	cdifficile	1	PERFECT	100	adk(1);atpA(1);dxr(1);glyA(10);recA(1);sodA(3);tpi(5)
SRR12437221.fasta	cdifficile	1	PERFECT	100	adk(1);atpA(1);dxr(1);glyA(10);recA(1);sodA(3);tpi(5)
SRR12437229.fasta	cdifficile	42	PERFECT	100	adk(1);atpA(1);dxr(2);glyA(1);recA(1);sodA(7);tpi(1)
SRR12437244.fasta	cdifficile	42	PERFECT	100	adk(1);atpA(1);dxr(2);glyA(1);recA(1);sodA(7);tpi(1)
SRR12437251.fasta	cdifficile	1	PERFECT	100	adk(1);atpA(1);dxr(1);glyA(10);recA(1);sodA(3);tpi(5)
SRR12437269.fasta	cdifficile	1	PERFECT	100	adk(1);atpA(1);dxr(1);glyA(10);recA(1);sodA(3);tpi(5)
SRR12437287.fasta	cdifficile	1	PERFECT	100	adk(1);atpA(1);dxr(1);glyA(10);recA(1);sodA(3);tpi(5)
SRR12437289.fasta	cdifficile	11	PERFECT	100	adk(5);atpA(8);dxr(5);glyA(11);recA(9);sodA(11);tpi(8)
SRR12437313.fasta	cdifficile	1	PERFECT	100	adk(1);atpA(1);dxr(1);glyA(10);recA(1);sodA(3);tpi(5)
SRR12437325.fasta	cdifficile	1	PERFECT	100	adk(1);atpA(1);dxr(1);glyA(10);recA(1);sodA(3);tpi(5)
SRR12437375.fasta	cdifficile	11	PERFECT	100	adk(5);atpA(8);dxr(5);glyA(11);recA(9);sodA(11);tpi(8)
SRR12437378.fasta	cdifficile	11	PERFECT	100	adk(5);atpA(8);dxr(5);glyA(11);recA(9);sodA(11);tpi(8)
SRR12437385.fasta	cdifficile	3	PERFECT	100	adk(1);atpA(1);dxr(2);glyA(1);recA(1);sodA(1);tpi(1)
SRR12437388.fasta	cdifficile	1	PERFECT	100	adk(1);atpA(1);dxr(1);glyA(10);recA(1);sodA(3);tpi(5)
SRR12437410.fasta	cdifficile	11	PERFECT	100	adk(5);atpA(8);dxr(5);glyA(11);recA(9);sodA(11);tpi(8)
SRR12437429.fasta	cdifficile	1	PERFECT	100	adk(1);atpA(1);dxr(1);glyA(10);recA(1);sodA(3);tpi(5)
SRR12437457.fasta	cdifficile	1	PERFECT	100	adk(1);atpA(1);dxr(1);glyA(10);recA(1);sodA(3);tpi(5)
SRR12437492.fasta	cdifficile	1	PERFECT	100	adk(1);atpA(1);dxr(1);glyA(10);recA(1);sodA(3);tpi(5)
SRR12437494.fasta	cdifficile	1	PERFECT	100	adk(1);atpA(1);dxr(1);glyA(10);recA(1);sodA(3);tpi(5)
SRR12437514.fasta	cdifficile	1	PERFECT	100	adk(1);atpA(1);dxr(1);glyA(10);recA(1);sodA(3);tpi(5)
SRR12437521.fasta	cdifficile	1	PERFECT	100	adk(1);atpA(1);dxr(1);glyA(10);recA(1);sodA(3);tpi(5)
SRR12437545.fasta	cdifficile	1	PERFECT	100	adk(1);atpA(1);dxr(1);glyA(10);recA(1);sodA(3);tpi(5)
SRR13091333.fasta	cdifficile	1	PERFECT	100	adk(1);atpA(1);dxr(1);glyA(10);recA(1);sodA(3);tpi(5)
SRR13301979.fasta	saureus	5	PERFECT	100	arcC(1);aroE(4);glpF(1);gmk(4);pta(12);tpi(1);yqiL(10)
SRR13301993.fasta	saureus	-	OK	83	arcC(1);aroE(4);glpF(149?);gmk(4);pta(12);tpi(1);yqiL(10)
SRR13301994.fasta	saureus	5	PERFECT	100	arcC(1);aroE(4);glpF(1);gmk(4);pta(12);tpi(1);yqiL(10)
SRR13301997.fasta	saureus	5	PERFECT	100	arcC(1);aroE(4);glpF(1);gmk(4);pta(12);tpi(1);yqiL(10)
SRR13302005.fasta	saureus	5	PERFECT	100	arcC(1);aroE(4);glpF(1);gmk(4);pta(12);tpi(1);yqiL(10)
SRR16866653.fasta	efaecium	17	PERFECT	100	atpA(1);ddl(1);gdh(1);purK(1);gyd(1);pstS(1);adk(1)
SRR1735371.fasta	cdifficile	37	PERFECT	100	adk(3);atpA(7);dxr(3);glyA(8);recA(6);sodA(9);tpi(11)
SRR17786584.fasta	ecoli_achtman_4	1178	PERFECT	100	adk(10);fumC(27);gyrB(5);icd(8);mdh(12);purA(1);recA(2)
SRR18795037.fasta	cdifficile	37	PERFECT	100	adk(3);atpA(7);dxr(3);glyA(8);recA(6);sodA(9);tpi(11)
SRR1981283.fasta	cdifficile	63	PERFECT	100	adk(1);atpA(1);dxr(7);glyA(5);recA(1);sodA(3);tpi(3)
SRR1981417.fasta	cdifficile	63	PERFECT	100	adk(1);atpA(1);dxr(7);glyA(5);recA(1);sodA(3);tpi(3)
SRR20015740.fasta	-	-	NONE	0	
SRR20215569.fasta	cbotulinum	16	PERFECT	100	aroE(13);mdh(7);aceK(4);oppB(8);rpoB(9);recA(7);hsp(8)
SRR20215570.fasta	cbotulinum	16	PERFECT	100	aroE(13);mdh(7);aceK(4);oppB(8);rpoB(9);recA(7);hsp(8)
SRR20215573.fasta	cbotulinum	16	PERFECT	100	aroE(13);mdh(7);aceK(4);oppB(8);rpoB(9);recA(7);hsp(8)
SRR20215596.fasta	cbotulinum	-	NOVEL	90	aroE(13);mdh(5);aceK(17);oppB(5);rpoB(9);recA(7);hsp(6)
SRR20215618.fasta	cbotulinum	16	PERFECT	100	aroE(13);mdh(7);aceK(4);oppB(8);rpoB(9);recA(7);hsp(8)
SRR2071002.fasta	cbotulinum	34	PERFECT	100	aroE(16);mdh(12);aceK(20);oppB(8);rpoB(10);recA(12);hsp(9)
SRR2071003.fasta	cbotulinum	34	PERFECT	100	aroE(16);mdh(12);aceK(20);oppB(8);rpoB(10);recA(12);hsp(9)
SRR2071004.fasta	cbotulinum	34	PERFECT	100	aroE(16);mdh(12);aceK(20);oppB(8);rpoB(10);recA(12);hsp(9)
SRR2071005.fasta	cbotulinum	51	PERFECT	100	aroE(13);mdh(8);aceK(15);oppB(19);rpoB(8);recA(7);hsp(8)
SRR2071006.fasta	cbotulinum	34	PERFECT	100	aroE(16);mdh(12);aceK(20);oppB(8);rpoB(10);recA(12);hsp(9)
SRR2071007.fasta	cbotulinum	34	PERFECT	100	aroE(16);mdh(12);aceK(20);oppB(8);rpoB(10);recA(12);hsp(9)
SRR2071008.fasta	cbotulinum	14	PERFECT	100	aroE(5);mdh(2);aceK(2);oppB(4);rpoB(2);recA(5);hsp(5)
SRR2071010.fasta	cbotulinum	34	PERFECT	100	aroE(16);mdh(12);aceK(20);oppB(8);rpoB(10);recA(12);hsp(9)
SRR2071012.fasta	cbotulinum	34	PERFECT	100	aroE(16);mdh(12);aceK(20);oppB(8);rpoB(10);recA(12);hsp(9)
SRR2071021.fasta	cbotulinum	34	PERFECT	100	aroE(16);mdh(12);aceK(20);oppB(8);rpoB(10);recA(12);hsp(9)
SRR2076018.fasta	cbotulinum	34	PERFECT	100	aroE(16);mdh(12);aceK(20);oppB(8);rpoB(10);recA(12);hsp(9)
SRR2076029.fasta	cbotulinum	34	PERFECT	100	aroE(16);mdh(12);aceK(20);oppB(8);rpoB(10);recA(12);hsp(9)
SRR22936167.fasta	campylobacter	11695	PERFECT	100	aspA(33);glnA(38);gltA(30);glyA(82);pgm(112);tkt(47);uncA(139)
SRR22936185.fasta	campylobacter	854	PERFECT	100	aspA(33);glnA(38);gltA(30);glyA(82);pgm(104);tkt(43);uncA(17)
SRR22996476.fasta	cdifficile	1	PERFECT	100	adk(1);atpA(1);dxr(1);glyA(10);recA(1);sodA(3);tpi(5)
SRR22996481.fasta	cdifficile	1	PERFECT	100	adk(1);atpA(1);dxr(1);glyA(10);recA(1);sodA(3);tpi(5)
SRR22996483.fasta	cdifficile	1	PERFECT	100	adk(1);atpA(1);dxr(1);glyA(10);recA(1);sodA(3);tpi(5)
SRR22996484.fasta	cdifficile	1	PERFECT	100	adk(1);atpA(1);dxr(1);glyA(10);recA(1);sodA(3);tpi(5)
SRR22996485.fasta	cdifficile	1	PERFECT	100	adk(1);atpA(1);dxr(1);glyA(10);recA(1);sodA(3);tpi(5)
SRR22996487.fasta	cdifficile	1	PERFECT	100	adk(1);atpA(1);dxr(1);glyA(10);recA(1);sodA(3);tpi(5)
SRR22996490.fasta	cdifficile	1	PERFECT	100	adk(1);atpA(1);dxr(1);glyA(10);recA(1);sodA(3);tpi(5)
SRR22996494.fasta	cdifficile	1	PERFECT	100	adk(1);atpA(1);dxr(1);glyA(10);recA(1);sodA(3);tpi(5)
SRR22996499.fasta	cdifficile	1	PERFECT	100	adk(1);atpA(1);dxr(1);glyA(10);recA(1);sodA(3);tpi(5)
SRR29827737.fasta	cbotulinum	-	NOVEL	90	aroE(22);mdh(4);aceK(3);oppB(54);rpoB(4);recA(2);hsp(16)
SRR3242065.fasta	cdifficile	1	PERFECT	100	adk(1);atpA(1);dxr(1);glyA(10);recA(1);sodA(3);tpi(5)
SRR3242067.fasta	cdifficile	1	PERFECT	100	adk(1);atpA(1);dxr(1);glyA(10);recA(1);sodA(3);tpi(5)
SRR3242069.fasta	cdifficile	1	PERFECT	100	adk(1);atpA(1);dxr(1);glyA(10);recA(1);sodA(3);tpi(5)
SRR3242077.fasta	cdifficile	1	PERFECT	100	adk(1);atpA(1);dxr(1);glyA(10);recA(1);sodA(3);tpi(5)
SRR3242107.fasta	cdifficile	1	PERFECT	100	adk(1);atpA(1);dxr(1);glyA(10);recA(1);sodA(3);tpi(5)
SRR3242120.fasta	cdifficile	1	PERFECT	100	adk(1);atpA(1);dxr(1);glyA(10);recA(1);sodA(3);tpi(5)
SRR3242133.fasta	cdifficile	3	PERFECT	100	adk(1);atpA(1);dxr(2);glyA(1);recA(1);sodA(1);tpi(1)
SRR3242134.fasta	cdifficile	1	PERFECT	100	adk(1);atpA(1);dxr(1);glyA(10);recA(1);sodA(3);tpi(5)
SRR3332963.fasta	cdifficile	15	PERFECT	100	adk(1);atpA(1);dxr(6);glyA(1);recA(8);sodA(5);tpi(1)
SRR3333003.fasta	cdifficile	15	PERFECT	100	adk(1);atpA(1);dxr(6);glyA(1);recA(8);sodA(5);tpi(1)
SRR3333476.fasta	cdifficile	3	PERFECT	100	adk(1);atpA(1);dxr(2);glyA(1);recA(1);sodA(1);tpi(1)
SRR3334181.fasta	cdifficile	15	PERFECT	100	adk(1);atpA(1);dxr(6);glyA(1);recA(8);sodA(5);tpi(1)
SRR3334218.fasta	cdifficile	15	PERFECT	100	adk(1);atpA(1);dxr(6);glyA(1);recA(8);sodA(5);tpi(1)
SRR3334433.fasta	cdifficile	15	PERFECT	100	adk(1);atpA(1);dxr(6);glyA(1);recA(8);sodA(5);tpi(1)
SRR3334815.fasta	cdifficile	15	PERFECT	100	adk(1);atpA(1);dxr(6);glyA(1);recA(8);sodA(5);tpi(1)
SRR3334840.fasta	cdifficile	15	PERFECT	100	adk(1);atpA(1);dxr(6);glyA(1);recA(8);sodA(5);tpi(1)
SRR3334849.fasta	cdifficile	15	PERFECT	100	adk(1);atpA(1);dxr(6);glyA(1);recA(8);sodA(5);tpi(1)
SRR3334857.fasta	cdifficile	15	PERFECT	100	adk(1);atpA(1);dxr(6);glyA(1);recA(8);sodA(5);tpi(1)
SRR3334859.fasta	cdifficile	15	PERFECT	100	adk(1);atpA(1);dxr(6);glyA(1);recA(8);sodA(5);tpi(1)
SRR3334873.fasta	cdifficile	15	PERFECT	100	adk(1);atpA(1);dxr(6);glyA(1);recA(8);sodA(5);tpi(1)
SRR3334942.fasta	cdifficile	15	PERFECT	100	adk(1);atpA(1);dxr(6);glyA(1);recA(8);sodA(5);tpi(1)
SRR3335265.fasta	cdifficile	15	PERFECT	100	adk(1);atpA(1);dxr(6);glyA(1);recA(8);sodA(5);tpi(1)
SRR3335949.fasta	cdifficile	37	PERFECT	100	adk(3);atpA(7);dxr(3);glyA(8);recA(6);sodA(9);tpi(11)
SRR3335966.fasta	cdifficile	15	PERFECT	100	adk(1);atpA(1);dxr(6);glyA(1);recA(8);sodA(5);tpi(1)
SRR3335986.fasta	cdifficile	15	PERFECT	100	adk(1);atpA(1);dxr(6);glyA(1);recA(8);sodA(5);tpi(1)
SRR3337683.fasta	cdifficile	37	PERFECT	100	adk(3);atpA(7);dxr(3);glyA(8);recA(6);sodA(9);tpi(11)
SRR3337717.fasta	cdifficile	15	PERFECT	100	adk(1);atpA(1);dxr(6);glyA(1);recA(8);sodA(5);tpi(1)
SRR3337748.fasta	cdifficile	15	PERFECT	100	adk(1);atpA(1);dxr(6);glyA(1);recA(8);sodA(5);tpi(1)
SRR3337779.fasta	cdifficile	15	PERFECT	100	adk(1);atpA(1);dxr(6);glyA(1);recA(8);sodA(5);tpi(1)
SRR3338225.fasta	cdifficile	11	PERFECT	100	adk(5);atpA(8);dxr(5);glyA(11);recA(9);sodA(11);tpi(8)
SRR3338253.fasta	cdifficile	11	PERFECT	100	adk(5);atpA(8);dxr(5);glyA(11);recA(9);sodA(11);tpi(8)
SRR3338257.fasta	cdifficile	15	PERFECT	100	adk(1);atpA(1);dxr(6);glyA(1);recA(8);sodA(5);tpi(1)
SRR3338470.fasta	cdifficile	15	PERFECT	100	adk(1);atpA(1);dxr(6);glyA(1);recA(8);sodA(5);tpi(1)
SRR3338677.fasta	cdifficile	15	PERFECT	100	adk(1);atpA(1);dxr(6);glyA(1);recA(8);sodA(5);tpi(1)
SRR3338716.fasta	cdifficile	54	PERFECT	100	adk(1);atpA(4);dxr(7);glyA(1);recA(1);sodA(3);tpi(3)
SRR3338741.fasta	cdifficile	37	PERFECT	100	adk(3);atpA(7);dxr(3);glyA(8);recA(6);sodA(9);tpi(11)
SRR3338969.fasta	cdifficile	15	PERFECT	100	adk(1);atpA(1);dxr(6);glyA(1);recA(8);sodA(5);tpi(1)
SRR3338971.fasta	cdifficile	26	PERFECT	100	adk(1);atpA(1);dxr(6);glyA(1);recA(4);sodA(3);tpi(4)
SRR3339302.fasta	cdifficile	15	PERFECT	100	adk(1);atpA(1);dxr(6);glyA(1);recA(8);sodA(5);tpi(1)
SRR3339304.fasta	cdifficile	37	PERFECT	100	adk(3);atpA(7);dxr(3);glyA(8);recA(6);sodA(9);tpi(11)
SRR3339328.fasta	cdifficile	15	PERFECT	100	adk(1);atpA(1);dxr(6);glyA(1);recA(8);sodA(5);tpi(1)
SRR3339374.fasta	cdifficile	11	PERFECT	100	adk(5);atpA(8);dxr(5);glyA(11);recA(9);sodA(11);tpi(8)
SRR3339977.fasta	cdifficile	15	PERFECT	100	adk(1);atpA(1);dxr(6);glyA(1);recA(8);sodA(5);tpi(1)
SRR3340211.fasta	cdifficile	15	PERFECT	100	adk(1);atpA(1);dxr(6);glyA(1);recA(8);sodA(5);tpi(1)
SRR3356227.fasta	cdifficile	11	PERFECT	100	adk(5);atpA(8);dxr(5);glyA(11);recA(9);sodA(11);tpi(8)
SRR3357515.fasta	cdifficile	11	PERFECT	100	adk(5);atpA(8);dxr(5);glyA(11);recA(9);sodA(11);tpi(8)
SRR3357672.fasta	cdifficile	54	PERFECT	100	adk(1);atpA(4);dxr(7);glyA(1);recA(1);sodA(3);tpi(3)
SRR33787990.fasta	cdifficile	42	PERFECT	100	adk(1);atpA(1);dxr(2);glyA(1);recA(1);sodA(7);tpi(1)
SRR35097962.fasta	cbotulinum	4	PERFECT	100	aroE(9);mdh(10);aceK(6);oppB(9);rpoB(8);recA(7);hsp(8)
SRR35097966.fasta	cbotulinum	70	PERFECT	100	aroE(26);mdh(22);aceK(34);oppB(26);rpoB(19);recA(18);hsp(14)
SRR35097967.fasta	cbotulinum	70	PERFECT	100	aroE(26);mdh(22);aceK(34);oppB(26);rpoB(19);recA(18);hsp(14)
SRR35097973.fasta	cbotulinum	4	PERFECT	100	aroE(9);mdh(10);aceK(6);oppB(9);rpoB(8);recA(7);hsp(8)
SRR35097974.fasta	cbotulinum	-	BAD	68	aroE(31);mdh(20?);aceK(47);oppB(~57);rpoB(~20);recA(~14);hsp(~23)
SRR35097979.fasta	cbotulinum	70	PERFECT	100	aroE(26);mdh(22);aceK(34);oppB(26);rpoB(19);recA(18);hsp(14)
SRR35097985.fasta	cbotulinum	4	PERFECT	100	aroE(9);mdh(10);aceK(6);oppB(9);rpoB(8);recA(7);hsp(8)
SRR35097988.fasta	cbotulinum	153	PERFECT	100	aroE(13);mdh(47);aceK(7);oppB(13);rpoB(10);recA(15);hsp(9)
SRR35097990.fasta	cbotulinum	153	PERFECT	100	aroE(13);mdh(47);aceK(7);oppB(13);rpoB(10);recA(15);hsp(9)
SRR35097991.fasta	cbotulinum	4	PERFECT	100	aroE(9);mdh(10);aceK(6);oppB(9);rpoB(8);recA(7);hsp(8)
SRR35097996.fasta	cbotulinum	-	NOVEL	90	aroE(36);mdh(35);aceK(46);oppB(38);rpoB(29);recA(27);hsp(25)
SRR35097997.fasta	cbotulinum	-	NOVEL	90	aroE(36);mdh(35);aceK(46);oppB(38);rpoB(29);recA(27);hsp(25)
SRR35098000.fasta	cbotulinum	152	PERFECT	100	aroE(36);mdh(37);aceK(46);oppB(38);rpoB(27);recA(27);hsp(25)
SRR35098001.fasta	cbotulinum	-	OK	86	aroE(36);mdh(35);aceK(46);oppB(~38);rpoB(27);recA(27);hsp(25)
SRR35098002.fasta	cbotulinum	4	PERFECT	100	aroE(9);mdh(10);aceK(6);oppB(9);rpoB(8);recA(7);hsp(8)
SRR35098003.fasta	cbotulinum	-	MISSING	77	aroE(16);mdh(-);aceK(20);oppB(8);rpoB(10);recA(12);hsp(9)
SRR35098006.fasta	cbotulinum	10	PERFECT	100	aroE(11);mdh(5);aceK(11);oppB(5);rpoB(8);recA(6);hsp(8)
SRR35098007.fasta	cbotulinum	96	PERFECT	100	aroE(36);mdh(33);aceK(45);oppB(36);rpoB(26);recA(26);hsp(24)
SRR35098009.fasta	cbotulinum	10	PERFECT	100	aroE(11);mdh(5);aceK(11);oppB(5);rpoB(8);recA(6);hsp(8)
SRR35098010.fasta	cbotulinum	-	OK	86	aroE(36);mdh(35);aceK(46);oppB(~38);rpoB(27);recA(27);hsp(25)
SRR35098013.fasta	cbotulinum	4	PERFECT	100	aroE(9);mdh(10);aceK(6);oppB(9);rpoB(8);recA(7);hsp(8)
SRR35098015.fasta	cbotulinum	-	OK	74	aroE(~17);mdh(21);aceK(35);oppB(~27);rpoB(~24);recA(~19);hsp(19)
SRR35098017.fasta	cbotulinum	10	PERFECT	100	aroE(11);mdh(5);aceK(11);oppB(5);rpoB(8);recA(6);hsp(8)
SRR35098018.fasta	cbotulinum	96	PERFECT	100	aroE(36);mdh(33);aceK(45);oppB(36);rpoB(26);recA(26);hsp(24)
SRR35098019.fasta	cbotulinum	96	PERFECT	100	aroE(36);mdh(33);aceK(45);oppB(36);rpoB(26);recA(26);hsp(24)
SRR35098020.fasta	cbotulinum	96	PERFECT	100	aroE(36);mdh(33);aceK(45);oppB(36);rpoB(26);recA(26);hsp(24)
SRR35098021.fasta	cbotulinum	96	PERFECT	100	aroE(36);mdh(33);aceK(45);oppB(36);rpoB(26);recA(26);hsp(24)
SRR35098022.fasta	cbotulinum	4	PERFECT	100	aroE(9);mdh(10);aceK(6);oppB(9);rpoB(8);recA(7);hsp(8)
SRR35098023.fasta	cbotulinum	4	PERFECT	100	aroE(9);mdh(10);aceK(6);oppB(9);rpoB(8);recA(7);hsp(8)
SRR35098024.fasta	cbotulinum	4	PERFECT	100	aroE(9);mdh(10);aceK(6);oppB(9);rpoB(8);recA(7);hsp(8)
SRR35098026.fasta	cbotulinum	4	PERFECT	100	aroE(9);mdh(10);aceK(6);oppB(9);rpoB(8);recA(7);hsp(8)
SRR35098027.fasta	cbotulinum	4	PERFECT	100	aroE(9);mdh(10);aceK(6);oppB(9);rpoB(8);recA(7);hsp(8)
SRR35098029.fasta	cbotulinum	96	PERFECT	100	aroE(36);mdh(33);aceK(45);oppB(36);rpoB(26);recA(26);hsp(24)
SRR35098030.fasta	cbotulinum	4	PERFECT	100	aroE(9);mdh(10);aceK(6);oppB(9);rpoB(8);recA(7);hsp(8)
SRR35098031.fasta	cbotulinum	96	PERFECT	100	aroE(36);mdh(33);aceK(45);oppB(36);rpoB(26);recA(26);hsp(24)
SRR35098033.fasta	cbotulinum	10	PERFECT	100	aroE(11);mdh(5);aceK(11);oppB(5);rpoB(8);recA(6);hsp(8)
SRR35098034.fasta	cbotulinum	94	PERFECT	100	aroE(35);mdh(11);aceK(44);oppB(35);rpoB(25);recA(25);hsp(9)
SRR35098043.fasta	cbotulinum	114	PERFECT	100	aroE(13);mdh(8);aceK(13);oppB(10);rpoB(9);recA(8);hsp(9)
SRR35098045.fasta	cbotulinum	4	PERFECT	100	aroE(9);mdh(10);aceK(6);oppB(9);rpoB(8);recA(7);hsp(8)
SRR35098049.fasta	cbotulinum	96	PERFECT	100	aroE(36);mdh(33);aceK(45);oppB(36);rpoB(26);recA(26);hsp(24)
SRR35098050.fasta	cbotulinum	96	PERFECT	100	aroE(36);mdh(33);aceK(45);oppB(36);rpoB(26);recA(26);hsp(24)
SRR35098052.fasta	cbotulinum	4	PERFECT	100	aroE(9);mdh(10);aceK(6);oppB(9);rpoB(8);recA(7);hsp(8)
SRR35098053.fasta	cbotulinum	10	PERFECT	100	aroE(11);mdh(5);aceK(11);oppB(5);rpoB(8);recA(6);hsp(8)
SRR35098054.fasta	cbotulinum	96	PERFECT	100	aroE(36);mdh(33);aceK(45);oppB(36);rpoB(26);recA(26);hsp(24)
SRR35098055.fasta	cbotulinum	96	PERFECT	100	aroE(36);mdh(33);aceK(45);oppB(36);rpoB(26);recA(26);hsp(24)
SRR35098056.fasta	cbotulinum	4	PERFECT	100	aroE(9);mdh(10);aceK(6);oppB(9);rpoB(8);recA(7);hsp(8)
SRR35098057.fasta	cbotulinum	96	PERFECT	100	aroE(36);mdh(33);aceK(45);oppB(36);rpoB(26);recA(26);hsp(24)
SRR35098059.fasta	cbotulinum	96	PERFECT	100	aroE(36);mdh(33);aceK(45);oppB(36);rpoB(26);recA(26);hsp(24)
SRR35098060.fasta	cbotulinum	1	PERFECT	100	aroE(13);mdh(6);aceK(13);oppB(10);rpoB(9);recA(8);hsp(9)
SRR35098061.fasta	cbotulinum	-	NOVEL	90	aroE(9);mdh(8);aceK(11);oppB(5);rpoB(8);recA(6);hsp(8)
SRR35098062.fasta	cbotulinum	4	PERFECT	100	aroE(9);mdh(10);aceK(6);oppB(9);rpoB(8);recA(7);hsp(8)
SRR35098064.fasta	cbotulinum	111	PERFECT	100	aroE(4);mdh(38);aceK(2);oppB(40);rpoB(2);recA(5);hsp(4)
SRR35098066.fasta	cbotulinum	96	PERFECT	100	aroE(36);mdh(33);aceK(45);oppB(36);rpoB(26);recA(26);hsp(24)
SRR35098067.fasta	cbotulinum	96	PERFECT	100	aroE(36);mdh(33);aceK(45);oppB(36);rpoB(26);recA(26);hsp(24)
SRR35098068.fasta	cbotulinum	34	PERFECT	100	aroE(16);mdh(12);aceK(20);oppB(8);rpoB(10);recA(12);hsp(9)
SRR35098070.fasta	cbotulinum	34	PERFECT	100	aroE(16);mdh(12);aceK(20);oppB(8);rpoB(10);recA(12);hsp(9)
SRR35098071.fasta	cbotulinum	34	PERFECT	100	aroE(16);mdh(12);aceK(20);oppB(8);rpoB(10);recA(12);hsp(9)
SRR35098072.fasta	cbotulinum	163	PERFECT	100	aroE(36);mdh(35);aceK(46);oppB(57);rpoB(27);recA(27);hsp(25)
SRR35098073.fasta	cbotulinum	163	PERFECT	100	aroE(36);mdh(35);aceK(46);oppB(57);rpoB(27);recA(27);hsp(25)
SRR35098074.fasta	cbotulinum	4	PERFECT	100	aroE(9);mdh(10);aceK(6);oppB(9);rpoB(8);recA(7);hsp(8)
SRR35098075.fasta	cbotulinum	10	PERFECT	100	aroE(11);mdh(5);aceK(11);oppB(5);rpoB(8);recA(6);hsp(8)
SRR35098076.fasta	cbotulinum	-	NOVEL	90	aroE(9);mdh(8);aceK(11);oppB(5);rpoB(8);recA(6);hsp(8)
SRR35098077.fasta	cbotulinum	96	PERFECT	100	aroE(36);mdh(33);aceK(45);oppB(36);rpoB(26);recA(26);hsp(24)
SRR35098078.fasta	cbotulinum	96	PERFECT	100	aroE(36);mdh(33);aceK(45);oppB(36);rpoB(26);recA(26);hsp(24)
SRR35098079.fasta	cbotulinum	152	PERFECT	100	aroE(36);mdh(37);aceK(46);oppB(38);rpoB(27);recA(27);hsp(25)
SRR35098080.fasta	cbotulinum	152	PERFECT	100	aroE(36);mdh(37);aceK(46);oppB(38);rpoB(27);recA(27);hsp(25)
SRR35098082.fasta	cbotulinum	96	PERFECT	100	aroE(36);mdh(33);aceK(45);oppB(36);rpoB(26);recA(26);hsp(24)
SRR35098083.fasta	cbotulinum	96	PERFECT	100	aroE(36);mdh(33);aceK(45);oppB(36);rpoB(26);recA(26);hsp(24)
SRR35098084.fasta	cbotulinum	-	OK	86	aroE(36);mdh(35);aceK(46);oppB(~38);rpoB(27);recA(27);hsp(25)
SRR35098085.fasta	cbotulinum	4	PERFECT	100	aroE(9);mdh(10);aceK(6);oppB(9);rpoB(8);recA(7);hsp(8)
SRR35098086.fasta	cbotulinum	-	OK	86	aroE(36);mdh(35);aceK(46);oppB(~38);rpoB(27);recA(27);hsp(25)
SRR35098087.fasta	cbotulinum	4	PERFECT	100	aroE(9);mdh(10);aceK(6);oppB(9);rpoB(8);recA(7);hsp(8)
SRR35098088.fasta	cbotulinum	163	PERFECT	100	aroE(36);mdh(35);aceK(46);oppB(57);rpoB(27);recA(27);hsp(25)
SRR35098090.fasta	cbotulinum	15	PERFECT	100	aroE(13);mdh(8);aceK(11);oppB(5);rpoB(8);recA(6);hsp(8)
SRR35098093.fasta	cbotulinum	152	PERFECT	100	aroE(36);mdh(37);aceK(46);oppB(38);rpoB(27);recA(27);hsp(25)
SRR35098111.fasta	cbotulinum	4	PERFECT	100	aroE(9);mdh(10);aceK(6);oppB(9);rpoB(8);recA(7);hsp(8)
SRR35098117.fasta	cbotulinum	96	PERFECT	100	aroE(36);mdh(33);aceK(45);oppB(36);rpoB(26);recA(26);hsp(24)
SRR35098121.fasta	cbotulinum	32	PERFECT	100	aroE(13);mdh(8);aceK(18);oppB(9);rpoB(11);recA(10);hsp(11)
SRR35098122.fasta	cbotulinum	-	OK	86	aroE(36);mdh(35);aceK(46);oppB(~38);rpoB(27);recA(27);hsp(25)
SRR35098123.fasta	cbotulinum	96	PERFECT	100	aroE(36);mdh(33);aceK(45);oppB(36);rpoB(26);recA(26);hsp(24)
SRR35098124.fasta	cbotulinum	18	PERFECT	100	aroE(4);mdh(2);aceK(2);oppB(4);rpoB(2);recA(5);hsp(4)
SRR35098125.fasta	cbotulinum	96	PERFECT	100	aroE(36);mdh(33);aceK(45);oppB(36);rpoB(26);recA(26);hsp(24)
SRR35098128.fasta	cbotulinum	96	PERFECT	100	aroE(36);mdh(33);aceK(45);oppB(36);rpoB(26);recA(26);hsp(24)
SRR35098132.fasta	cbotulinum	127	PERFECT	100	aroE(13);mdh(10);aceK(16);oppB(8);rpoB(9);recA(29);hsp(9)
SRR35098133.fasta	cbotulinum	96	PERFECT	100	aroE(36);mdh(33);aceK(45);oppB(36);rpoB(26);recA(26);hsp(24)
SRR35098134.fasta	cbotulinum	6	PERFECT	100	aroE(9);mdh(10);aceK(6);oppB(9);rpoB(6);recA(7);hsp(7)
SRR35098136.fasta	cbotulinum	4	PERFECT	100	aroE(9);mdh(10);aceK(6);oppB(9);rpoB(8);recA(7);hsp(8)
SRR35098137.fasta	cbotulinum	4	PERFECT	100	aroE(9);mdh(10);aceK(6);oppB(9);rpoB(8);recA(7);hsp(8)
SRR35098138.fasta	cbotulinum	4	PERFECT	100	aroE(9);mdh(10);aceK(6);oppB(9);rpoB(8);recA(7);hsp(8)
SRR35098139.fasta	cbotulinum	1	PERFECT	100	aroE(13);mdh(6);aceK(13);oppB(10);rpoB(9);recA(8);hsp(9)
SRR35098140.fasta	cbotulinum	-	OK	86	aroE(36);mdh(35);aceK(46);oppB(~38);rpoB(27);recA(27);hsp(25)
SRR35098141.fasta	cbotulinum	2	PERFECT	100	aroE(10);mdh(8);aceK(7);oppB(9);rpoB(8);recA(7);hsp(8)
SRR35098142.fasta	cbotulinum	-	BAD	60	aroE(~17);mdh(42?);aceK(~47);oppB(~27);rpoB(~24);recA(~19);hsp(~29)
SRR35098143.fasta	cbotulinum	10	PERFECT	100	aroE(11);mdh(5);aceK(11);oppB(5);rpoB(8);recA(6);hsp(8)
SRR35098144.fasta	cbotulinum	-	OK	86	aroE(26);mdh(~22);aceK(34);oppB(26);rpoB(19);recA(18);hsp(14)
SRR35098145.fasta	cbotulinum	-	OK	86	aroE(26);mdh(~22);aceK(34);oppB(26);rpoB(19);recA(18);hsp(14)
SRR35098146.fasta	cbotulinum	68	PERFECT	100	aroE(26);mdh(20);aceK(34);oppB(26);rpoB(19);recA(18);hsp(14)
SRR35098147.fasta	cbotulinum	4	PERFECT	100	aroE(9);mdh(10);aceK(6);oppB(9);rpoB(8);recA(7);hsp(8)
SRR35098148.fasta	cbotulinum	152	PERFECT	100	aroE(36);mdh(37);aceK(46);oppB(38);rpoB(27);recA(27);hsp(25)
SRR35098149.fasta	cbotulinum	4	PERFECT	100	aroE(9);mdh(10);aceK(6);oppB(9);rpoB(8);recA(7);hsp(8)
SRR35098150.fasta	cbotulinum	152	PERFECT	100	aroE(36);mdh(37);aceK(46);oppB(38);rpoB(27);recA(27);hsp(25)
SRR35098151.fasta	cbotulinum	18	PERFECT	100	aroE(4);mdh(2);aceK(2);oppB(4);rpoB(2);recA(5);hsp(4)
SRR35098152.fasta	cbotulinum	96	PERFECT	100	aroE(36);mdh(33);aceK(45);oppB(36);rpoB(26);recA(26);hsp(24)
SRR35098153.fasta	cbotulinum	1	PERFECT	100	aroE(13);mdh(6);aceK(13);oppB(10);rpoB(9);recA(8);hsp(9)
SRR35098170.fasta	cbotulinum	70	PERFECT	100	aroE(26);mdh(22);aceK(34);oppB(26);rpoB(19);recA(18);hsp(14)
SRR35098171.fasta	cbotulinum	4	PERFECT	100	aroE(9);mdh(10);aceK(6);oppB(9);rpoB(8);recA(7);hsp(8)
SRR35098172.fasta	cbotulinum	-	MISSING	77	aroE(13);mdh(6);aceK(13);oppB(10);rpoB(9);recA(-);hsp(9)
SRR35098173.fasta	cbotulinum	10	PERFECT	100	aroE(11);mdh(5);aceK(11);oppB(5);rpoB(8);recA(6);hsp(8)
SRR3630043.fasta	cdifficile	37	PERFECT	100	adk(3);atpA(7);dxr(3);glyA(8);recA(6);sodA(9);tpi(11)
SRR3630092.fasta	cdifficile	37	PERFECT	100	adk(3);atpA(7);dxr(3);glyA(8);recA(6);sodA(9);tpi(11)
SRR3630095.fasta	cdifficile	37	PERFECT	100	adk(3);atpA(7);dxr(3);glyA(8);recA(6);sodA(9);tpi(11)
SRR3630104.fasta	cdifficile	37	PERFECT	100	adk(3);atpA(7);dxr(3);glyA(8);recA(6);sodA(9);tpi(11)
SRR3630150.fasta	cdifficile	11	PERFECT	100	adk(5);atpA(8);dxr(5);glyA(11);recA(9);sodA(11);tpi(8)
SRR3630152.fasta	cdifficile	37	PERFECT	100	adk(3);atpA(7);dxr(3);glyA(8);recA(6);sodA(9);tpi(11)
SRR3630154.fasta	cdifficile	-	MISSING	77	adk(5);atpA(8);dxr(5);glyA(11);recA(9);sodA(11);tpi(-)
SRR3630168.fasta	cdifficile	37	PERFECT	100	adk(3);atpA(7);dxr(3);glyA(8);recA(6);sodA(9);tpi(11)
SRR3630220.fasta	cdifficile	11	PERFECT	100	adk(5);atpA(8);dxr(5);glyA(11);recA(9);sodA(11);tpi(8)
SRR3630264.fasta	cdifficile	37	PERFECT	100	adk(3);atpA(7);dxr(3);glyA(8);recA(6);sodA(9);tpi(11)
SRR3630281.fasta	cdifficile	37	PERFECT	100	adk(3);atpA(7);dxr(3);glyA(8);recA(6);sodA(9);tpi(11)
SRR3630292.fasta	cdifficile	37	PERFECT	100	adk(3);atpA(7);dxr(3);glyA(8);recA(6);sodA(9);tpi(11)
SRR3630386.fasta	cdifficile	37	PERFECT	100	adk(3);atpA(7);dxr(3);glyA(8);recA(6);sodA(9);tpi(11)
SRR3630596.fasta	cdifficile	37	PERFECT	100	adk(3);atpA(7);dxr(3);glyA(8);recA(6);sodA(9);tpi(11)
SRR3630601.fasta	cdifficile	37	PERFECT	100	adk(3);atpA(7);dxr(3);glyA(8);recA(6);sodA(9);tpi(11)
SRR3630615.fasta	cdifficile	37	PERFECT	100	adk(3);atpA(7);dxr(3);glyA(8);recA(6);sodA(9);tpi(11)
SRR3630630.fasta	cdifficile	37	PERFECT	100	adk(3);atpA(7);dxr(3);glyA(8);recA(6);sodA(9);tpi(11)
SRR3630841.fasta	cdifficile	37	PERFECT	100	adk(3);atpA(7);dxr(3);glyA(8);recA(6);sodA(9);tpi(11)
SRR3630852.fasta	cdifficile	37	PERFECT	100	adk(3);atpA(7);dxr(3);glyA(8);recA(6);sodA(9);tpi(11)
SRR3630880.fasta	cdifficile	37	PERFECT	100	adk(3);atpA(7);dxr(3);glyA(8);recA(6);sodA(9);tpi(11)
SRR3630883.fasta	cdifficile	37	PERFECT	100	adk(3);atpA(7);dxr(3);glyA(8);recA(6);sodA(9);tpi(11)
SRR3631141.fasta	cdifficile	15	PERFECT	100	adk(1);atpA(1);dxr(6);glyA(1);recA(8);sodA(5);tpi(1)
SRR3631278.fasta	cdifficile	63	PERFECT	100	adk(1);atpA(1);dxr(7);glyA(5);recA(1);sodA(3);tpi(3)
SRR3631566.fasta	cdifficile	54	PERFECT	100	adk(1);atpA(4);dxr(7);glyA(1);recA(1);sodA(3);tpi(3)
SRR3631611.fasta	cdifficile	27	PERFECT	100	adk(1);atpA(1);dxr(6);glyA(1);recA(1);sodA(3);tpi(4)
SRR3631782.fasta	cdifficile	27	PERFECT	100	adk(1);atpA(1);dxr(6);glyA(1);recA(1);sodA(3);tpi(4)
SRR36568683.fasta	cbotulinum	1	PERFECT	100	aroE(13);mdh(6);aceK(13);oppB(10);rpoB(9);recA(8);hsp(9)
SRR36569140.fasta	cbotulinum	122	PERFECT	100	aroE(43);mdh(2);aceK(2);oppB(4);rpoB(2);recA(5);hsp(5)
SRR36571812.fasta	cbotulinum	1	PERFECT	100	aroE(13);mdh(6);aceK(13);oppB(10);rpoB(9);recA(8);hsp(9)
SRR36571813.fasta	cbotulinum	197	PERFECT	100	aroE(13);mdh(6);aceK(7);oppB(10);rpoB(9);recA(9);hsp(9)
SRR36571814.fasta	cbotulinum	1	PERFECT	100	aroE(13);mdh(6);aceK(13);oppB(10);rpoB(9);recA(8);hsp(9)
SRR36571815.fasta	cbotulinum	197	PERFECT	100	aroE(13);mdh(6);aceK(7);oppB(10);rpoB(9);recA(9);hsp(9)
SRR36630495.fasta	efaecium	817	PERFECT	100	atpA(9);ddl(1);gdh(1);purK(1);gyd(12);pstS(1);adk(3)
SRR36630498.fasta	efaecium	612	PERFECT	100	atpA(9);ddl(1);gdh(1);purK(1);gyd(5);pstS(1);adk(1)
SRR36630499.fasta	efaecium	817	PERFECT	100	atpA(9);ddl(1);gdh(1);purK(1);gyd(12);pstS(1);adk(3)
SRR36630510.fasta	efaecium	817	PERFECT	100	atpA(9);ddl(1);gdh(1);purK(1);gyd(12);pstS(1);adk(3)
SRR36630543.fasta	efaecium	80	PERFECT	100	atpA(9);ddl(1);gdh(1);purK(1);gyd(12);pstS(1);adk(1)
SRR36630563.fasta	efaecium	761	PERFECT	100	atpA(70);ddl(1);gdh(1);purK(1);gyd(12);pstS(1);adk(1)
SRR36630568.fasta	efaecium	761	PERFECT	100	atpA(70);ddl(1);gdh(1);purK(1);gyd(12);pstS(1);adk(1)
SRR36630608.fasta	efaecium	817	PERFECT	100	atpA(9);ddl(1);gdh(1);purK(1);gyd(12);pstS(1);adk(3)
SRR36630622.fasta	efaecium	117	PERFECT	100	atpA(9);ddl(1);gdh(1);purK(1);gyd(1);pstS(1);adk(1)
SRR36630628.fasta	efaecium	817	PERFECT	100	atpA(9);ddl(1);gdh(1);purK(1);gyd(12);pstS(1);adk(3)
SRR36630661.fasta	efaecium	817	PERFECT	100	atpA(9);ddl(1);gdh(1);purK(1);gyd(12);pstS(1);adk(3)
SRR36630728.fasta	efaecium	80	PERFECT	100	atpA(9);ddl(1);gdh(1);purK(1);gyd(12);pstS(1);adk(1)
SRR36630767.fasta	efaecium	817	PERFECT	100	atpA(9);ddl(1);gdh(1);purK(1);gyd(12);pstS(1);adk(3)
SRR36630769.fasta	efaecium	817	PERFECT	100	atpA(9);ddl(1);gdh(1);purK(1);gyd(12);pstS(1);adk(3)
SRR36630770.fasta	efaecium	817	PERFECT	100	atpA(9);ddl(1);gdh(1);purK(1);gyd(12);pstS(1);adk(3)
SRR36630772.fasta	efaecium	817	PERFECT	100	atpA(9);ddl(1);gdh(1);purK(1);gyd(12);pstS(1);adk(3)
SRR36630781.fasta	efaecium	817	PERFECT	100	atpA(9);ddl(1);gdh(1);purK(1);gyd(12);pstS(1);adk(3)
SRR36630783.fasta	efaecium	817	PERFECT	100	atpA(9);ddl(1);gdh(1);purK(1);gyd(12);pstS(1);adk(3)
SRR36630820.fasta	efaecium	80	PERFECT	100	atpA(9);ddl(1);gdh(1);purK(1);gyd(12);pstS(1);adk(1)
SRR36630846.fasta	efaecium	817	PERFECT	100	atpA(9);ddl(1);gdh(1);purK(1);gyd(12);pstS(1);adk(3)
SRR36630906.fasta	efaecium	761	PERFECT	100	atpA(70);ddl(1);gdh(1);purK(1);gyd(12);pstS(1);adk(1)
SRR36630918.fasta	efaecium	817	PERFECT	100	atpA(9);ddl(1);gdh(1);purK(1);gyd(12);pstS(1);adk(3)
SRR36630957.fasta	efaecium	817	PERFECT	100	atpA(9);ddl(1);gdh(1);purK(1);gyd(12);pstS(1);adk(3)
SRR36631018.fasta	efaecium	117	PERFECT	100	atpA(9);ddl(1);gdh(1);purK(1);gyd(1);pstS(1);adk(1)
SRR36631040.fasta	efaecium	17	PERFECT	100	atpA(1);ddl(1);gdh(1);purK(1);gyd(1);pstS(1);adk(1)
SRR36631041.fasta	efaecium	817	PERFECT	100	atpA(9);ddl(1);gdh(1);purK(1);gyd(12);pstS(1);adk(3)
SRR36631072.fasta	efaecium	817	PERFECT	100	atpA(9);ddl(1);gdh(1);purK(1);gyd(12);pstS(1);adk(3)
SRR36631086.fasta	efaecium	761	PERFECT	100	atpA(70);ddl(1);gdh(1);purK(1);gyd(12);pstS(1);adk(1)
SRR36631087.fasta	efaecium	817	PERFECT	100	atpA(9);ddl(1);gdh(1);purK(1);gyd(12);pstS(1);adk(3)
SRR36631104.fasta	efaecium	817	PERFECT	100	atpA(9);ddl(1);gdh(1);purK(1);gyd(12);pstS(1);adk(3)
SRR36631105.fasta	efaecium	817	PERFECT	100	atpA(9);ddl(1);gdh(1);purK(1);gyd(12);pstS(1);adk(3)
SRR36631111.fasta	efaecium	817	PERFECT	100	atpA(9);ddl(1);gdh(1);purK(1);gyd(12);pstS(1);adk(3)
SRR36631114.fasta	efaecium	817	PERFECT	100	atpA(9);ddl(1);gdh(1);purK(1);gyd(12);pstS(1);adk(3)
SRR36631133.fasta	efaecium	817	PERFECT	100	atpA(9);ddl(1);gdh(1);purK(1);gyd(12);pstS(1);adk(3)
SRR36631134.fasta	efaecium	817	PERFECT	100	atpA(9);ddl(1);gdh(1);purK(1);gyd(12);pstS(1);adk(3)
SRR36631143.fasta	efaecium	817	PERFECT	100	atpA(9);ddl(1);gdh(1);purK(1);gyd(12);pstS(1);adk(3)
SRR36631148.fasta	efaecium	817	PERFECT	100	atpA(9);ddl(1);gdh(1);purK(1);gyd(12);pstS(1);adk(3)
SRR36631175.fasta	efaecium	1424	PERFECT	100	atpA(9);ddl(1);gdh(1);purK(1);gyd(12);pstS(0);adk(1)
SRR4156239.fasta	cdifficile	37	PERFECT	100	adk(3);atpA(7);dxr(3);glyA(8);recA(6);sodA(9);tpi(11)
SRR4156248.fasta	cdifficile	1	PERFECT	100	adk(1);atpA(1);dxr(1);glyA(10);recA(1);sodA(3);tpi(5)
SRR4156250.fasta	cdifficile	1	PERFECT	100	adk(1);atpA(1);dxr(1);glyA(10);recA(1);sodA(3);tpi(5)
SRR4156251.fasta	cdifficile	1	PERFECT	100	adk(1);atpA(1);dxr(1);glyA(10);recA(1);sodA(3);tpi(5)
SRR4156255.fasta	cdifficile	1	PERFECT	100	adk(1);atpA(1);dxr(1);glyA(10);recA(1);sodA(3);tpi(5)
SRR4156256.fasta	cdifficile	1	PERFECT	100	adk(1);atpA(1);dxr(1);glyA(10);recA(1);sodA(3);tpi(5)
SRR4156265.fasta	cdifficile	1	PERFECT	100	adk(1);atpA(1);dxr(1);glyA(10);recA(1);sodA(3);tpi(5)
SRR4156270.fasta	cdifficile	1	PERFECT	100	adk(1);atpA(1);dxr(1);glyA(10);recA(1);sodA(3);tpi(5)
SRR4156271.fasta	cdifficile	1	PERFECT	100	adk(1);atpA(1);dxr(1);glyA(10);recA(1);sodA(3);tpi(5)
SRR4156277.fasta	cdifficile	1	PERFECT	100	adk(1);atpA(1);dxr(1);glyA(10);recA(1);sodA(3);tpi(5)
SRR4156279.fasta	cdifficile	3	PERFECT	100	adk(1);atpA(1);dxr(2);glyA(1);recA(1);sodA(1);tpi(1)
SRR4156284.fasta	cdifficile	1	PERFECT	100	adk(1);atpA(1);dxr(1);glyA(10);recA(1);sodA(3);tpi(5)
SRR445233.fasta	saureus	398	PERFECT	100	arcC(3);aroE(35);glpF(19);gmk(2);pta(20);tpi(26);yqiL(39)
SRR5812353.fasta	cbotulinum	30	PERFECT	100	aroE(13);mdh(6);aceK(16);oppB(10);rpoB(9);recA(9);hsp(9)
SRR5812355.fasta	cbotulinum	-	OK	86	aroE(26);mdh(~22);aceK(34);oppB(26);rpoB(19);recA(18);hsp(14)
SRR5812356.fasta	cbotulinum	-	OK	86	aroE(13);mdh(10);aceK(12);oppB(10);rpoB(9);recA(8);hsp(~7)
SRR5812358.fasta	cbotulinum	-	OK	86	aroE(~4);mdh(2);aceK(2);oppB(4);rpoB(2);recA(5);hsp(5)
SRR5812364.fasta	cbotulinum	92	PERFECT	100	aroE(13);mdh(32);aceK(13);oppB(10);rpoB(9);recA(8);hsp(9)
SRR5812365.fasta	cbotulinum	148	PERFECT	100	aroE(13);mdh(8);aceK(7);oppB(10);rpoB(9);recA(8);hsp(9)
SRR5812368.fasta	cbotulinum	92	PERFECT	100	aroE(13);mdh(32);aceK(13);oppB(10);rpoB(9);recA(8);hsp(9)
SRR5812369.fasta	cbotulinum	148	PERFECT	100	aroE(13);mdh(8);aceK(7);oppB(10);rpoB(9);recA(8);hsp(9)
SRR5812370.fasta	cbotulinum	92	PERFECT	100	aroE(13);mdh(32);aceK(13);oppB(10);rpoB(9);recA(8);hsp(9)
SRR5812371.fasta	cbotulinum	92	PERFECT	100	aroE(13);mdh(32);aceK(13);oppB(10);rpoB(9);recA(8);hsp(9)
SRR5812378.fasta	cbotulinum	84	PERFECT	100	aroE(11);mdh(5);aceK(11);oppB(9);rpoB(8);recA(6);hsp(8)
SRR5812379.fasta	cbotulinum	84	PERFECT	100	aroE(11);mdh(5);aceK(11);oppB(9);rpoB(8);recA(6);hsp(8)
SRR5812381.fasta	cbotulinum	84	PERFECT	100	aroE(11);mdh(5);aceK(11);oppB(9);rpoB(8);recA(6);hsp(8)
SRR5812382.fasta	cbotulinum	85	PERFECT	100	aroE(11);mdh(30);aceK(11);oppB(9);rpoB(8);recA(6);hsp(8)
SRR5812383.fasta	cbotulinum	85	PERFECT	100	aroE(11);mdh(30);aceK(11);oppB(9);rpoB(8);recA(6);hsp(8)
SRR5812384.fasta	cbotulinum	85	PERFECT	100	aroE(11);mdh(30);aceK(11);oppB(9);rpoB(8);recA(6);hsp(8)
SRR5812385.fasta	cbotulinum	85	PERFECT	100	aroE(11);mdh(30);aceK(11);oppB(9);rpoB(8);recA(6);hsp(8)
SRR5812386.fasta	cbotulinum	84	PERFECT	100	aroE(11);mdh(5);aceK(11);oppB(9);rpoB(8);recA(6);hsp(8)
SRR5812389.fasta	cbotulinum	2	PERFECT	100	aroE(10);mdh(8);aceK(7);oppB(9);rpoB(8);recA(7);hsp(8)
SRR5812391.fasta	cbotulinum	7	PERFECT	100	aroE(4);mdh(2);aceK(2);oppB(4);rpoB(2);recA(5);hsp(5)
SRR5812392.fasta	cbotulinum	114	PERFECT	100	aroE(13);mdh(8);aceK(13);oppB(10);rpoB(9);recA(8);hsp(9)
SRR5812393.fasta	cbotulinum	1	PERFECT	100	aroE(13);mdh(6);aceK(13);oppB(10);rpoB(9);recA(8);hsp(9)
SRR5812395.fasta	cbotulinum	22	PERFECT	100	aroE(10);mdh(8);aceK(6);oppB(9);rpoB(8);recA(7);hsp(8)
SRR5812396.fasta	cbotulinum	149	PERFECT	100	aroE(13);mdh(10);aceK(13);oppB(10);rpoB(9);recA(8);hsp(9)
SRR5812399.fasta	cbotulinum	-	OK	78	aroE(~17);mdh(20);aceK(39);oppB(~38);rpoB(12);recA(~13);hsp(29)
SRR5812408.fasta	cbotulinum	86	PERFECT	100	aroE(13);mdh(5);aceK(11);oppB(9);rpoB(8);recA(6);hsp(8)
SRR5812409.fasta	cbotulinum	70	PERFECT	100	aroE(26);mdh(22);aceK(34);oppB(26);rpoB(19);recA(18);hsp(14)
SRR5812411.fasta	cbotulinum	70	PERFECT	100	aroE(26);mdh(22);aceK(34);oppB(26);rpoB(19);recA(18);hsp(14)
SRR5812412.fasta	cbotulinum	70	PERFECT	100	aroE(26);mdh(22);aceK(34);oppB(26);rpoB(19);recA(18);hsp(14)
SRR5812413.fasta	cbotulinum	34	PERFECT	100	aroE(16);mdh(12);aceK(20);oppB(8);rpoB(10);recA(12);hsp(9)
SRR5812414.fasta	cbotulinum	34	PERFECT	100	aroE(16);mdh(12);aceK(20);oppB(8);rpoB(10);recA(12);hsp(9)
SRR5812415.fasta	cbotulinum	-	BAD	69	aroE(~17);mdh(42?);aceK(47);oppB(~27);rpoB(20);recA(13?);hsp(14)
SRR5812416.fasta	cbotulinum	-	BAD	69	aroE(~17);mdh(42?);aceK(47);oppB(~27);rpoB(20);recA(13?);hsp(14)
SRR5812417.fasta	cbotulinum	114	PERFECT	100	aroE(13);mdh(8);aceK(13);oppB(10);rpoB(9);recA(8);hsp(9)
SRR6009084.fasta	cdifficile	2	PERFECT	100	adk(1);atpA(1);dxr(2);glyA(1);recA(5);sodA(3);tpi(1)
SRR6009366.fasta	cdifficile	15	PERFECT	100	adk(1);atpA(1);dxr(6);glyA(1);recA(8);sodA(5);tpi(1)
SRR6009406.fasta	cdifficile	15	PERFECT	100	adk(1);atpA(1);dxr(6);glyA(1);recA(8);sodA(5);tpi(1)
SRR6009413.fasta	cdifficile	15	PERFECT	100	adk(1);atpA(1);dxr(6);glyA(1);recA(8);sodA(5);tpi(1)
SRR6009622.fasta	cdifficile	15	PERFECT	100	adk(1);atpA(1);dxr(6);glyA(1);recA(8);sodA(5);tpi(1)
SRR6009829.fasta	cdifficile	15	PERFECT	100	adk(1);atpA(1);dxr(6);glyA(1);recA(8);sodA(5);tpi(1)
SRR6986155.fasta	cdifficile	48	PERFECT	100	adk(1);atpA(1);dxr(2);glyA(1);recA(1);sodA(5);tpi(1)
SRR7281788.fasta	sagalactiae	23	PERFECT	100	adhP(5);pheS(4);atr(6);glnA(3);sdhA(2);glcK(1);tkt(3)
SRR7308654.fasta	cdifficile	1	PERFECT	100	adk(1);atpA(1);dxr(1);glyA(10);recA(1);sodA(3);tpi(5)
SRR7308661.fasta	cdifficile	1	PERFECT	100	adk(1);atpA(1);dxr(1);glyA(10);recA(1);sodA(3);tpi(5)
SRR7308673.fasta	cdifficile	1	PERFECT	100	adk(1);atpA(1);dxr(1);glyA(10);recA(1);sodA(3);tpi(5)
SRR7308696.fasta	cdifficile	1	PERFECT	100	adk(1);atpA(1);dxr(1);glyA(10);recA(1);sodA(3);tpi(5)
SRR7308836.fasta	cdifficile	3	PERFECT	100	adk(1);atpA(1);dxr(2);glyA(1);recA(1);sodA(1);tpi(1)
SRR7308837.fasta	cdifficile	1	PERFECT	100	adk(1);atpA(1);dxr(1);glyA(10);recA(1);sodA(3);tpi(5)
SRR7308842.fasta	cdifficile	3	PERFECT	100	adk(1);atpA(1);dxr(2);glyA(1);recA(1);sodA(1);tpi(1)
SRR7308844.fasta	cdifficile	1	PERFECT	100	adk(1);atpA(1);dxr(1);glyA(10);recA(1);sodA(3);tpi(5)
SRR7308889.fasta	cdifficile	1	PERFECT	100	adk(1);atpA(1);dxr(1);glyA(10);recA(1);sodA(3);tpi(5)
SRR7308908.fasta	cdifficile	17	PERFECT	100	adk(1);atpA(1);dxr(2);glyA(1);recA(1);sodA(5);tpi(3)
SRR7308922.fasta	cdifficile	1	PERFECT	100	adk(1);atpA(1);dxr(1);glyA(10);recA(1);sodA(3);tpi(5)
SRR7308943.fasta	cdifficile	3	PERFECT	100	adk(1);atpA(1);dxr(2);glyA(1);recA(1);sodA(1);tpi(1)
SRR7308968.fasta	cdifficile	1	PERFECT	100	adk(1);atpA(1);dxr(1);glyA(10);recA(1);sodA(3);tpi(5)
SRR7308989.fasta	cdifficile	3	PERFECT	100	adk(1);atpA(1);dxr(2);glyA(1);recA(1);sodA(1);tpi(1)
SRR7308991.fasta	cdifficile	1	PERFECT	100	adk(1);atpA(1);dxr(1);glyA(10);recA(1);sodA(3);tpi(5)
SRR7309005.fasta	cdifficile	3	PERFECT	100	adk(1);atpA(1);dxr(2);glyA(1);recA(1);sodA(1);tpi(1)
SRR7309010.fasta	cdifficile	3	PERFECT	100	adk(1);atpA(1);dxr(2);glyA(1);recA(1);sodA(1);tpi(1)
SRR7309024.fasta	cdifficile	1	PERFECT	100	adk(1);atpA(1);dxr(1);glyA(10);recA(1);sodA(3);tpi(5)
SRR7309058.fasta	cdifficile	1	PERFECT	100	adk(1);atpA(1);dxr(1);glyA(10);recA(1);sodA(3);tpi(5)
SRR7309067.fasta	cdifficile	1	PERFECT	100	adk(1);atpA(1);dxr(1);glyA(10);recA(1);sodA(3);tpi(5)
SRR7309081.fasta	cdifficile	1	PERFECT	100	adk(1);atpA(1);dxr(1);glyA(10);recA(1);sodA(3);tpi(5)
SRR7309101.fasta	cdifficile	1	PERFECT	100	adk(1);atpA(1);dxr(1);glyA(10);recA(1);sodA(3);tpi(5)
SRR7309108.fasta	cdifficile	1	PERFECT	100	adk(1);atpA(1);dxr(1);glyA(10);recA(1);sodA(3);tpi(5)
SRR7309124.fasta	cdifficile	3	PERFECT	100	adk(1);atpA(1);dxr(2);glyA(1);recA(1);sodA(1);tpi(1)
SRR7309182.fasta	cdifficile	3	PERFECT	100	adk(1);atpA(1);dxr(2);glyA(1);recA(1);sodA(1);tpi(1)
SRR7309183.fasta	cdifficile	1	PERFECT	100	adk(1);atpA(1);dxr(1);glyA(10);recA(1);sodA(3);tpi(5)
SRR7309196.fasta	cdifficile	1	PERFECT	100	adk(1);atpA(1);dxr(1);glyA(10);recA(1);sodA(3);tpi(5)
SRR7309226.fasta	cdifficile	3	PERFECT	100	adk(1);atpA(1);dxr(2);glyA(1);recA(1);sodA(1);tpi(1)
SRR7309238.fasta	cdifficile	1	PERFECT	100	adk(1);atpA(1);dxr(1);glyA(10);recA(1);sodA(3);tpi(5)
SRR7852193.fasta	cdifficile	657	PERFECT	100	adk(1);atpA(1);dxr(6);glyA(1);recA(4);sodA(1);tpi(4)
SRR7852194.fasta	cdifficile	657	PERFECT	100	adk(1);atpA(1);dxr(6);glyA(1);recA(4);sodA(1);tpi(4)
SRR9165117.fasta	cdifficile	26	PERFECT	100	adk(1);atpA(1);dxr(6);glyA(1);recA(4);sodA(3);tpi(4)
SRR9165149.fasta	cdifficile	1	PERFECT	100	adk(1);atpA(1);dxr(1);glyA(10);recA(1);sodA(3);tpi(5)
SRR9165183.fasta	cdifficile	1	PERFECT	100	adk(1);atpA(1);dxr(1);glyA(10);recA(1);sodA(3);tpi(5)
SRR9165189.fasta	cdifficile	1	PERFECT	100	adk(1);atpA(1);dxr(1);glyA(10);recA(1);sodA(3);tpi(5)
SRR9165205.fasta	cdifficile	1	PERFECT	100	adk(1);atpA(1);dxr(1);glyA(10);recA(1);sodA(3);tpi(5)
SRR9165206.fasta	cdifficile	1	PERFECT	100	adk(1);atpA(1);dxr(1);glyA(10);recA(1);sodA(3);tpi(5)
SRR9165212.fasta	cdifficile	63	PERFECT	100	adk(1);atpA(1);dxr(7);glyA(5);recA(1);sodA(3);tpi(3)
SRR9165249.fasta	cdifficile	1	PERFECT	100	adk(1);atpA(1);dxr(1);glyA(10);recA(1);sodA(3);tpi(5)
SRR9719756.fasta	cdifficile	1	PERFECT	100	adk(1);atpA(1);dxr(1);glyA(10);recA(1);sodA(3);tpi(5)
