<?xml version="1.0" encoding="UTF-8"?>
<kml xmlns="http://www.opengis.net/kml/2.2">
	<Document>
		<Style id="KmlStyle [strokeColor=null, strokeWidth=null, fillColor=java.awt.Color[r=50,g=250,b=235]]">
			<PolyStyle>
				<color>64ebfa32</color>
				<outline>0</outline>
			</PolyStyle>
		</Style>
		<Style id="KmlStyle [strokeColor=null, strokeWidth=null, fillColor=java.awt.Color[r=222,g=36,b=250]]">
			<PolyStyle>
				<color>64fa24de</color>
				<outline>0</outline>
			</PolyStyle>
		</Style>
		<Style id="KmlStyle [strokeColor=java.awt.Color[r=178,g=195,b=250], strokeWidth=2.0, fillColor=null]">
			<LineStyle>
				<color>fffac3b2</color>
				<width>2.0</width>
			</LineStyle>
		</Style>
		<Folder>
			<name>locations</name>
			<Placemark>
				<name>USA</name>
				<Point>
					<altitudeMode>relativeToGround</altitudeMode>
					<coordinates>-98.5795,39.8283,0.0</coordinates>
				</Point>
			</Placemark>
			<Placemark>
				<name>China</name>
				<Point>
					<altitudeMode>relativeToGround</altitudeMode>
					<coordinates>104.1954,35.8617,0.0</coordinates>
				</Point>
			</Placemark>
			<Placemark>
				<name>United_Kingdom</name>
				<Point>
					<altitudeMode>relativeToGround</altitudeMode>
					<coordinates>-3.436,55.3781,0.0</coordinates>
				</Point>
			</Placemark>
			<Placemark>
				<name>Canada</name>
				<Point>
					<altitudeMode>relativeToGround</altitudeMode>
					<coordinates>-106.3468,56.1304,0.0</coordinates>
				</Point>
			</Placemark>
			<Placemark>
				<name>Netherlands</name>
				<Point>
					<altitudeMode>relativeToGround</altitudeMode>
					<coordinates>5.2913,52.1326,0.0</coordinates>
				</Point>
			</Placemark>
			<Placemark>
				<name>Taiwan</name>
				<Point>
					<altitudeMode>relativeToGround</altitudeMode>
					<coordinates>120.9605,23.6978,0.0</coordinates>
				</Point>
			</Placemark>
			<Placemark>
				<name>South_Korea</name>
				<Point>
					<altitudeMode>relativeToGround</altitudeMode>
					<coordinates>127.7669,35.9078,0.0</coordinates>
				</Point>
			</Placemark>
			<Placemark>
				<name>Austria</name>
				<Point>
					<altitudeMode>relativeToGround</altitudeMode>
					<coordinates>14.5501,47.5162,0.0</coordinates>
				</Point>
			</Placemark>
			<Placemark>
				<name>Germany</name>
				<Point>
					<altitudeMode>relativeToGround</altitudeMode>
					<coordinates>10.4515,51.1657,0.0</coordinates>
				</Point>
			</Placemark>
			<Placemark>
				<name>Australia</name>
				<Point>
					<altitudeMode>relativeToGround</altitudeMode>
					<coordinates>133.7751,-25.2744,0.0</coordinates>
				</Point>
			</Placemark>
			<Placemark>
				<name>Italy</name>
				<Point>
					<altitudeMode>relativeToGround</altitudeMode>
					<coordinates>12.5674,41.8719,0.0</coordinates>
				</Point>
			</Placemark>
			<Placemark>
				<name>Belgium</name>
				<Point>
					<altitudeMode>relativeToGround</altitudeMode>
					<coordinates>4.4699,50.5039,0.0</coordinates>
				</Point>
			</Placemark>
		</Folder>
		<Folder>
			<name>C:\Users\ADMIN\Desktop\cfrC_country_MCC_for_SpreaD3_nospaces.tree</name>
			<description>Counts layer</description>
			<Folder>
				<name>counts</name>
				<Placemark>
					<name></name>
					<description>area[count:1.0]</description>
					<TimeSpan>
						<begin>1967-06-07</begin>
						<end>1973-08-11</end>
					</TimeSpan>
					<styleUrl>KmlStyle [strokeColor=null, strokeWidth=null, fillColor=java.awt.Color[r=50,g=250,b=235]]</styleUrl>
					<Polygon>
						<tessellate>1</tessellate>
						<outerBoundaryIs>
							<LinearRing>
								<coordinates>-98.5795,40.545854824558994,0.0 -98.4172507819935,40.53495355443701,0.0 -98.25993142437406,40.50258097364741,0.0 -98.11232199621551,40.449720706676175,0.0 -97.97890753529848,40.37797888598663,0.0 -97.86374177250696,40.28953535049732,0.0 -97.77032396126666,40.18707741227949,0.0 -97.70149255450045,40.07371820393969,0.0 -97.65933895967254,39.95290208766078,0.0 -97.64514399243103,39.8283,0.0 -97.65933895967254,39.703697912339216,0.0 -97.70149255450045,39.582881796060306,0.0 -97.77032396126666,39.469522587720505,0.0 -97.86374177250696,39.36706464950268,0.0 -97.97890753529848,39.27862111401337,0.0 -98.11232199621551,39.20687929332382,0.0 -98.25993142437406,39.154019026352586,0.0 -98.4172507819935,39.12164644556299,0.0 -98.5795,39.110745175441004,0.0 -98.74174921800649,39.12164644556299,0.0 -98.89906857562593,39.154019026352586,0.0 -99.04667800378448,39.20687929332382,0.0 -99.18009246470152,39.27862111401337,0.0 -99.29525822749304,39.36706464950268,0.0 -99.38867603873334,39.469522587720505,0.0 -99.45750744549954,39.582881796060306,0.0 -99.49966104032745,39.703697912339216,0.0 -99.51385600756896,39.8283,0.0 -99.49966104032745,39.95290208766078,0.0 -99.45750744549954,40.07371820393969,0.0 -99.38867603873334,40.18707741227949,0.0 -99.29525822749304,40.28953535049732,0.0 -99.18009246470152,40.37797888598663,0.0 -99.04667800378448,40.449720706676175,0.0 -98.89906857562593,40.50258097364741,0.0 -98.74174921800649,40.53495355443701,0.0								 -98.5795,40.545854824558994,0.0								</coordinates>
							</LinearRing>
						</outerBoundaryIs>
					</Polygon>
				</Placemark>
				<Placemark>
					<name></name>
					<description>area[count:1.0]</description>
					<TimeSpan>
						<begin>1973-08-11</begin>
						<end>1979-10-13</end>
					</TimeSpan>
					<styleUrl>KmlStyle [strokeColor=null, strokeWidth=null, fillColor=java.awt.Color[r=50,g=250,b=235]]</styleUrl>
					<Polygon>
						<tessellate>1</tessellate>
						<outerBoundaryIs>
							<LinearRing>
								<coordinates>-98.5795,40.545854824558994,0.0 -98.4172507819935,40.53495355443701,0.0 -98.25993142437406,40.50258097364741,0.0 -98.11232199621551,40.449720706676175,0.0 -97.97890753529848,40.37797888598663,0.0 -97.86374177250696,40.28953535049732,0.0 -97.77032396126666,40.18707741227949,0.0 -97.70149255450045,40.07371820393969,0.0 -97.65933895967254,39.95290208766078,0.0 -97.64514399243103,39.8283,0.0 -97.65933895967254,39.703697912339216,0.0 -97.70149255450045,39.582881796060306,0.0 -97.77032396126666,39.469522587720505,0.0 -97.86374177250696,39.36706464950268,0.0 -97.97890753529848,39.27862111401337,0.0 -98.11232199621551,39.20687929332382,0.0 -98.25993142437406,39.154019026352586,0.0 -98.4172507819935,39.12164644556299,0.0 -98.5795,39.110745175441004,0.0 -98.74174921800649,39.12164644556299,0.0 -98.89906857562593,39.154019026352586,0.0 -99.04667800378448,39.20687929332382,0.0 -99.18009246470152,39.27862111401337,0.0 -99.29525822749304,39.36706464950268,0.0 -99.38867603873334,39.469522587720505,0.0 -99.45750744549954,39.582881796060306,0.0 -99.49966104032745,39.703697912339216,0.0 -99.51385600756896,39.8283,0.0 -99.49966104032745,39.95290208766078,0.0 -99.45750744549954,40.07371820393969,0.0 -99.38867603873334,40.18707741227949,0.0 -99.29525822749304,40.28953535049732,0.0 -99.18009246470152,40.37797888598663,0.0 -99.04667800378448,40.449720706676175,0.0 -98.89906857562593,40.50258097364741,0.0 -98.74174921800649,40.53495355443701,0.0								 -98.5795,40.545854824558994,0.0								</coordinates>
							</LinearRing>
						</outerBoundaryIs>
					</Polygon>
				</Placemark>
				<Placemark>
					<name></name>
					<description>area[count:1.0]</description>
					<TimeSpan>
						<begin>1979-10-13</begin>
						<end>1985-12-16</end>
					</TimeSpan>
					<styleUrl>KmlStyle [strokeColor=null, strokeWidth=null, fillColor=java.awt.Color[r=50,g=250,b=235]]</styleUrl>
					<Polygon>
						<tessellate>1</tessellate>
						<outerBoundaryIs>
							<LinearRing>
								<coordinates>-98.5795,40.545854824558994,0.0 -98.4172507819935,40.53495355443701,0.0 -98.25993142437406,40.50258097364741,0.0 -98.11232199621551,40.449720706676175,0.0 -97.97890753529848,40.37797888598663,0.0 -97.86374177250696,40.28953535049732,0.0 -97.77032396126666,40.18707741227949,0.0 -97.70149255450045,40.07371820393969,0.0 -97.65933895967254,39.95290208766078,0.0 -97.64514399243103,39.8283,0.0 -97.65933895967254,39.703697912339216,0.0 -97.70149255450045,39.582881796060306,0.0 -97.77032396126666,39.469522587720505,0.0 -97.86374177250696,39.36706464950268,0.0 -97.97890753529848,39.27862111401337,0.0 -98.11232199621551,39.20687929332382,0.0 -98.25993142437406,39.154019026352586,0.0 -98.4172507819935,39.12164644556299,0.0 -98.5795,39.110745175441004,0.0 -98.74174921800649,39.12164644556299,0.0 -98.89906857562593,39.154019026352586,0.0 -99.04667800378448,39.20687929332382,0.0 -99.18009246470152,39.27862111401337,0.0 -99.29525822749304,39.36706464950268,0.0 -99.38867603873334,39.469522587720505,0.0 -99.45750744549954,39.582881796060306,0.0 -99.49966104032745,39.703697912339216,0.0 -99.51385600756896,39.8283,0.0 -99.49966104032745,39.95290208766078,0.0 -99.45750744549954,40.07371820393969,0.0 -99.38867603873334,40.18707741227949,0.0 -99.29525822749304,40.28953535049732,0.0 -99.18009246470152,40.37797888598663,0.0 -99.04667800378448,40.449720706676175,0.0 -98.89906857562593,40.50258097364741,0.0 -98.74174921800649,40.53495355443701,0.0								 -98.5795,40.545854824558994,0.0								</coordinates>
							</LinearRing>
						</outerBoundaryIs>
					</Polygon>
				</Placemark>
				<Placemark>
					<name></name>
					<description>area[count:1.0]</description>
					<TimeSpan>
						<begin>1985-12-16</begin>
						<end>1992-02-17</end>
					</TimeSpan>
					<styleUrl>KmlStyle [strokeColor=null, strokeWidth=null, fillColor=java.awt.Color[r=50,g=250,b=235]]</styleUrl>
					<Polygon>
						<tessellate>1</tessellate>
						<outerBoundaryIs>
							<LinearRing>
								<coordinates>-98.5795,40.545854824558994,0.0 -98.4172507819935,40.53495355443701,0.0 -98.25993142437406,40.50258097364741,0.0 -98.11232199621551,40.449720706676175,0.0 -97.97890753529848,40.37797888598663,0.0 -97.86374177250696,40.28953535049732,0.0 -97.77032396126666,40.18707741227949,0.0 -97.70149255450045,40.07371820393969,0.0 -97.65933895967254,39.95290208766078,0.0 -97.64514399243103,39.8283,0.0 -97.65933895967254,39.703697912339216,0.0 -97.70149255450045,39.582881796060306,0.0 -97.77032396126666,39.469522587720505,0.0 -97.86374177250696,39.36706464950268,0.0 -97.97890753529848,39.27862111401337,0.0 -98.11232199621551,39.20687929332382,0.0 -98.25993142437406,39.154019026352586,0.0 -98.4172507819935,39.12164644556299,0.0 -98.5795,39.110745175441004,0.0 -98.74174921800649,39.12164644556299,0.0 -98.89906857562593,39.154019026352586,0.0 -99.04667800378448,39.20687929332382,0.0 -99.18009246470152,39.27862111401337,0.0 -99.29525822749304,39.36706464950268,0.0 -99.38867603873334,39.469522587720505,0.0 -99.45750744549954,39.582881796060306,0.0 -99.49966104032745,39.703697912339216,0.0 -99.51385600756896,39.8283,0.0 -99.49966104032745,39.95290208766078,0.0 -99.45750744549954,40.07371820393969,0.0 -99.38867603873334,40.18707741227949,0.0 -99.29525822749304,40.28953535049732,0.0 -99.18009246470152,40.37797888598663,0.0 -99.04667800378448,40.449720706676175,0.0 -98.89906857562593,40.50258097364741,0.0 -98.74174921800649,40.53495355443701,0.0								 -98.5795,40.545854824558994,0.0								</coordinates>
							</LinearRing>
						</outerBoundaryIs>
					</Polygon>
				</Placemark>
				<Placemark>
					<name></name>
					<description>area[count:2.0]</description>
					<TimeSpan>
						<begin>1992-02-17</begin>
						<end>1998-04-20</end>
					</TimeSpan>
					<styleUrl>KmlStyle [strokeColor=null, strokeWidth=null, fillColor=java.awt.Color[r=50,g=250,b=235]]</styleUrl>
					<Polygon>
						<tessellate>1</tessellate>
						<outerBoundaryIs>
							<LinearRing>
								<coordinates>-98.5795,40.74801864112663,0.0 -98.37153870533444,40.734046048371354,0.0 -98.16989620937382,40.69255282026594,0.0 -97.98069931732185,40.62479970754976,0.0 -97.80969668100529,40.53284535426799,0.0 -97.66208412899711,40.41948374691394,0.0 -97.54234679399453,40.28815932056332,0.0 -97.45412283433157,40.14286230145742,0.0 -97.40009289037913,39.988007465997946,0.0 -97.38189863464372,39.8283,0.0 -97.40009289037913,39.66859253400205,0.0 -97.45412283433157,39.51373769854258,0.0 -97.54234679399453,39.36844067943668,0.0 -97.66208412899711,39.23711625308606,0.0 -97.80969668100529,39.12375464573201,0.0 -97.98069931732185,39.031800292450235,0.0 -98.16989620937382,38.96404717973406,0.0 -98.37153870533444,38.92255395162864,0.0 -98.5795,38.90858135887337,0.0 -98.78746129466555,38.92255395162864,0.0 -98.98910379062617,38.96404717973406,0.0 -99.17830068267814,39.031800292450235,0.0 -99.3493033189947,39.12375464573201,0.0 -99.49691587100288,39.23711625308606,0.0 -99.61665320600547,39.36844067943668,0.0 -99.70487716566842,39.51373769854258,0.0 -99.75890710962086,39.66859253400205,0.0 -99.77710136535627,39.8283,0.0 -99.75890710962086,39.988007465997946,0.0 -99.70487716566842,40.14286230145742,0.0 -99.61665320600547,40.28815932056332,0.0 -99.49691587100288,40.41948374691394,0.0 -99.3493033189947,40.53284535426799,0.0 -99.17830068267814,40.62479970754976,0.0 -98.98910379062617,40.69255282026594,0.0 -98.78746129466555,40.734046048371354,0.0								 -98.5795,40.74801864112663,0.0								</coordinates>
							</LinearRing>
						</outerBoundaryIs>
					</Polygon>
				</Placemark>
				<Placemark>
					<name></name>
					<description>area[count:2.0]</description>
					<TimeSpan>
						<begin>1998-04-20</begin>
						<end>2004-06-23</end>
					</TimeSpan>
					<styleUrl>KmlStyle [strokeColor=null, strokeWidth=null, fillColor=java.awt.Color[r=50,g=250,b=235]]</styleUrl>
					<Polygon>
						<tessellate>1</tessellate>
						<outerBoundaryIs>
							<LinearRing>
								<coordinates>-98.5795,40.74801864112663,0.0 -98.37153870533444,40.734046048371354,0.0 -98.16989620937382,40.69255282026594,0.0 -97.98069931732185,40.62479970754976,0.0 -97.80969668100529,40.53284535426799,0.0 -97.66208412899711,40.41948374691394,0.0 -97.54234679399453,40.28815932056332,0.0 -97.45412283433157,40.14286230145742,0.0 -97.40009289037913,39.988007465997946,0.0 -97.38189863464372,39.8283,0.0 -97.40009289037913,39.66859253400205,0.0 -97.45412283433157,39.51373769854258,0.0 -97.54234679399453,39.36844067943668,0.0 -97.66208412899711,39.23711625308606,0.0 -97.80969668100529,39.12375464573201,0.0 -97.98069931732185,39.031800292450235,0.0 -98.16989620937382,38.96404717973406,0.0 -98.37153870533444,38.92255395162864,0.0 -98.5795,38.90858135887337,0.0 -98.78746129466555,38.92255395162864,0.0 -98.98910379062617,38.96404717973406,0.0 -99.17830068267814,39.031800292450235,0.0 -99.3493033189947,39.12375464573201,0.0 -99.49691587100288,39.23711625308606,0.0 -99.61665320600547,39.36844067943668,0.0 -99.70487716566842,39.51373769854258,0.0 -99.75890710962086,39.66859253400205,0.0 -99.77710136535627,39.8283,0.0 -99.75890710962086,39.988007465997946,0.0 -99.70487716566842,40.14286230145742,0.0 -99.61665320600547,40.28815932056332,0.0 -99.49691587100288,40.41948374691394,0.0 -99.3493033189947,40.53284535426799,0.0 -99.17830068267814,40.62479970754976,0.0 -98.98910379062617,40.69255282026594,0.0 -98.78746129466555,40.734046048371354,0.0								 -98.5795,40.74801864112663,0.0								</coordinates>
							</LinearRing>
						</outerBoundaryIs>
					</Polygon>
				</Placemark>
				<Placemark>
					<name></name>
					<description>area[count:4.0]</description>
					<TimeSpan>
						<begin>2004-06-23</begin>
						<end>2010-08-27</end>
					</TimeSpan>
					<styleUrl>KmlStyle [strokeColor=null, strokeWidth=null, fillColor=java.awt.Color[r=50,g=250,b=235]]</styleUrl>
					<Polygon>
						<tessellate>1</tessellate>
						<outerBoundaryIs>
							<LinearRing>
								<coordinates>-98.5795,41.05625654809593,0.0 -98.30184178789477,41.03760112892698,0.0 -98.03262008006253,40.98220170689148,0.0 -97.78001504186301,40.891741565394526,0.0 -97.55170194955755,40.76896929006045,0.0 -97.35461798092389,40.617615254349516,0.0 -97.19475143261964,40.442278274047965,0.0 -97.07695976881867,40.24828587457746,0.0 -97.00482202962009,40.04153241683103,0.0 -96.98053008372601,39.8283,0.0 -97.00482202962009,39.615067583168965,0.0 -97.07695976881867,39.408314125422535,0.0 -97.19475143261964,39.21432172595203,0.0 -97.35461798092389,39.03898474565048,0.0 -97.55170194955755,38.88763070993955,0.0 -97.78001504186301,38.76485843460547,0.0 -98.03262008006253,38.67439829310852,0.0 -98.30184178789477,38.61899887107302,0.0 -98.5795,38.60034345190407,0.0 -98.85715821210522,38.61899887107302,0.0 -99.12637991993746,38.67439829310852,0.0 -99.378984958137,38.76485843460547,0.0 -99.60729805044244,38.88763070993955,0.0 -99.8043820190761,39.03898474565048,0.0 -99.96424856738035,39.21432172595203,0.0 -100.08204023118132,39.408314125422535,0.0 -100.1541779703799,39.615067583168965,0.0 -100.17846991627398,39.8283,0.0 -100.1541779703799,40.04153241683103,0.0 -100.08204023118132,40.24828587457746,0.0 -99.96424856738035,40.442278274047965,0.0 -99.8043820190761,40.617615254349516,0.0 -99.60729805044244,40.76896929006045,0.0 -99.378984958137,40.891741565394526,0.0 -99.12637991993746,40.98220170689148,0.0 -98.85715821210522,41.03760112892698,0.0								 -98.5795,41.05625654809593,0.0								</coordinates>
							</LinearRing>
						</outerBoundaryIs>
					</Polygon>
				</Placemark>
				<Placemark>
					<name></name>
					<description>area[count:4.0]</description>
					<TimeSpan>
						<begin>2004-06-23</begin>
						<end>2010-08-27</end>
					</TimeSpan>
					<styleUrl>KmlStyle [strokeColor=null, strokeWidth=null, fillColor=java.awt.Color[r=50,g=250,b=235]]</styleUrl>
					<Polygon>
						<tessellate>1</tessellate>
						<outerBoundaryIs>
							<LinearRing>
								<coordinates>104.1954,37.08965654809593,0.0 104.45850910908358,37.07100112892698,0.0 104.7136237810273,37.01560170689148,0.0 104.95299248561837,36.925141565394526,0.0 105.16934212589423,36.80236929006045,0.0 105.3560990275133,36.65101525434952,0.0 105.5075886765234,36.475678274047965,0.0 105.61920813659687,36.28168587457746,0.0 105.6875659069215,36.07493241683103,0.0 105.71058497123673,35.8617,0.0 105.6875659069215,35.648467583168966,0.0 105.61920813659687,35.441714125422536,0.0 105.50758867652341,35.24772172595203,0.0 105.3560990275133,35.07238474565048,0.0 105.16934212589423,34.92103070993955,0.0 104.95299248561837,34.79825843460547,0.0 104.7136237810273,34.70779829310852,0.0 104.45850910908358,34.65239887107302,0.0 104.1954,34.63374345190407,0.0 103.93229089091643,34.65239887107302,0.0 103.67717621897272,34.70779829310852,0.0 103.43780751438165,34.79825843460547,0.0 103.22145787410578,34.92103070993955,0.0 103.03470097248672,35.07238474565048,0.0 102.88321132347662,35.24772172595203,0.0 102.77159186340315,35.441714125422536,0.0 102.7032340930785,35.648467583168966,0.0 102.68021502876329,35.8617,0.0 102.70323409307849,36.07493241683103,0.0 102.77159186340315,36.28168587457746,0.0 102.88321132347662,36.475678274047965,0.0 103.03470097248672,36.65101525434952,0.0 103.22145787410578,36.80236929006045,0.0 103.43780751438165,36.925141565394526,0.0 103.67717621897272,37.01560170689148,0.0 103.93229089091643,37.07100112892698,0.0								 104.1954,37.08965654809593,0.0								</coordinates>
							</LinearRing>
						</outerBoundaryIs>
					</Polygon>
				</Placemark>
				<Placemark>
					<name></name>
					<description>area[count:7.0]</description>
					<TimeSpan>
						<begin>2010-08-27</begin>
						<end>2016-10-29</end>
					</TimeSpan>
					<styleUrl>KmlStyle [strokeColor=null, strokeWidth=null, fillColor=java.awt.Color[r=50,g=250,b=235]]</styleUrl>
					<Polygon>
						<tessellate>1</tessellate>
						<outerBoundaryIs>
							<LinearRing>
								<coordinates>-98.5795,41.40971381104866,0.0 -98.22192013933218,41.38568858184131,0.0 -97.87520516178661,41.314342888651346,0.0 -97.54988982650977,41.19784453426371,0.0 -97.25585867534654,41.03973326222543,0.0 -97.0020456960381,40.84481320352925,0.0 -96.79616286752513,40.61900690552433,0.0 -96.64446583537028,40.36917537831206,0.0 -96.55156383713317,40.10290962642591,0.0 -96.52027965301956,39.8283,0.0 -96.55156383713317,39.553690373574085,0.0 -96.64446583537028,39.28742462168794,0.0 -96.79616286752513,39.03759309447567,0.0 -97.0020456960381,38.81178679647075,0.0 -97.25585867534654,38.616866737774565,0.0 -97.54988982650977,38.45875546573629,0.0 -97.87520516178661,38.34225711134865,0.0 -98.22192013933218,38.27091141815869,0.0 -98.5795,38.246886188951336,0.0 -98.93707986066781,38.27091141815869,0.0 -99.28379483821338,38.34225711134865,0.0 -99.60911017349022,38.45875546573629,0.0 -99.90314132465345,38.616866737774565,0.0 -100.1569543039619,38.81178679647075,0.0 -100.36283713247487,39.03759309447567,0.0 -100.51453416462971,39.28742462168794,0.0 -100.60743616286682,39.553690373574085,0.0 -100.63872034698043,39.8283,0.0 -100.60743616286682,40.10290962642591,0.0 -100.51453416462971,40.36917537831206,0.0 -100.36283713247487,40.61900690552433,0.0 -100.1569543039619,40.84481320352925,0.0 -99.90314132465345,41.03973326222543,0.0 -99.60911017349022,41.1978445342637,0.0 -99.28379483821338,41.314342888651346,0.0 -98.93707986066781,41.38568858184131,0.0								 -98.5795,41.40971381104866,0.0								</coordinates>
							</LinearRing>
						</outerBoundaryIs>
					</Polygon>
				</Placemark>
				<Placemark>
					<name></name>
					<description>area[count:9.0]</description>
					<TimeSpan>
						<begin>2010-08-27</begin>
						<end>2016-10-29</end>
					</TimeSpan>
					<styleUrl>KmlStyle [strokeColor=null, strokeWidth=null, fillColor=java.awt.Color[r=50,g=250,b=235]]</styleUrl>
					<Polygon>
						<tessellate>1</tessellate>
						<outerBoundaryIs>
							<LinearRing>
								<coordinates>104.1954,37.64014441772896,0.0 104.57645984045519,37.61312585088076,0.0 104.94594137048372,37.532891095817796,0.0 105.29261808076237,37.40187804497191,0.0 105.60595637487619,37.22406746359724,0.0 105.87643562731536,37.00486203623237,0.0 106.09583746286363,36.75092220886448,0.0 106.25749546777054,36.469963814648395,0.0 106.3564977453599,36.17052363222056,0.0 106.38983616152473,35.8617,0.0 106.3564977453599,35.55287636777944,0.0 106.25749546777054,35.2534361853516,0.0 106.09583746286363,34.97247779113552,0.0 105.87643562731536,34.71853796376763,0.0 105.60595637487619,34.49933253640276,0.0 105.29261808076237,34.32152195502809,0.0 104.94594137048372,34.1905089041822,0.0 104.57645984045519,34.110274149119235,0.0 104.1954,34.083255582271036,0.0 103.81434015954483,34.110274149119235,0.0 103.44485862951629,34.1905089041822,0.0 103.09818191923765,34.32152195502809,0.0 102.78484362512383,34.49933253640276,0.0 102.51436437268465,34.71853796376763,0.0 102.29496253713639,34.97247779113552,0.0 102.13330453222947,35.2534361853516,0.0 102.03430225464011,35.55287636777944,0.0 102.00096383847529,35.8617,0.0 102.03430225464011,36.17052363222056,0.0 102.13330453222947,36.469963814648395,0.0 102.29496253713639,36.75092220886448,0.0 102.51436437268465,37.00486203623237,0.0 102.78484362512383,37.22406746359724,0.0 103.09818191923765,37.40187804497191,0.0 103.44485862951629,37.532891095817796,0.0 103.81434015954483,37.61312585088076,0.0								 104.1954,37.64014441772896,0.0								</coordinates>
							</LinearRing>
						</outerBoundaryIs>
					</Polygon>
				</Placemark>
				<Placemark>
					<name></name>
					<description>area[count:4.0]</description>
					<TimeSpan>
						<begin>2010-08-27</begin>
						<end>2016-10-29</end>
					</TimeSpan>
					<styleUrl>KmlStyle [strokeColor=null, strokeWidth=null, fillColor=java.awt.Color[r=50,g=250,b=235]]</styleUrl>
					<Polygon>
						<tessellate>1</tessellate>
						<outerBoundaryIs>
							<LinearRing>
								<coordinates>-3.436,56.606056548095935,0.0 -3.0606954306601892,56.587401128926984,0.0 -2.6967943007464927,56.532001706891485,0.0 -2.355353561948482,56.44154156539453,0.0 -2.0467477183371834,56.31876929006045,0.0 -1.780353602308635,56.16741525434952,0.0 -1.5642654642764373,55.99207827404797,0.0 -1.405049032968824,55.79808587457747,0.0 -1.3075420190836762,55.59133241683104,0.0 -1.2747071238969636,55.3781,0.0 -1.3075420190836762,55.16486758316897,0.0 -1.405049032968824,54.95811412542254,0.0 -1.564265464276437,54.76412172595204,0.0 -1.780353602308635,54.588784745650486,0.0 -2.0467477183371834,54.437430709939555,0.0 -2.355353561948482,54.31465843460548,0.0 -2.6967943007464923,54.22419829310852,0.0 -3.0606954306601883,54.16879887107302,0.0 -3.4359999999999995,54.15014345190407,0.0 -3.811304569339811,54.16879887107302,0.0 -4.175205699253507,54.22419829310852,0.0 -4.516646438051518,54.31465843460548,0.0 -4.8252522816628165,54.437430709939555,0.0 -5.091646397691365,54.588784745650486,0.0 -5.307734535723562,54.76412172595204,0.0 -5.466950967031176,54.95811412542254,0.0 -5.564457980916323,55.16486758316897,0.0 -5.597292876103037,55.3781,0.0 -5.564457980916323,55.59133241683104,0.0 -5.466950967031176,55.79808587457747,0.0 -5.307734535723562,55.99207827404797,0.0 -5.091646397691365,56.16741525434952,0.0 -4.8252522816628165,56.31876929006045,0.0 -4.516646438051519,56.44154156539453,0.0 -4.1752056992535085,56.532001706891485,0.0 -3.811304569339811,56.587401128926984,0.0								 -3.436,56.606056548095935,0.0								</coordinates>
							</LinearRing>
						</outerBoundaryIs>
					</Polygon>
				</Placemark>
				<Placemark>
					<name></name>
					<description>area[count:2.0]</description>
					<TimeSpan>
						<begin>2010-08-27</begin>
						<end>2016-10-29</end>
					</TimeSpan>
					<styleUrl>KmlStyle [strokeColor=null, strokeWidth=null, fillColor=java.awt.Color[r=50,g=250,b=235]]</styleUrl>
					<Polygon>
						<tessellate>1</tessellate>
						<outerBoundaryIs>
							<LinearRing>
								<coordinates>5.2913,53.052318641126625,0.0 5.551479318653447,53.03834604837135,0.0 5.803753220366698,52.996852820265936,0.0 6.040456490292947,52.92909970754976,0.0 6.254397019353122,52.83714535426799,0.0 6.439074332830859,52.72378374691394,0.0 6.588877104007366,52.592459320563314,0.0 6.699253651484306,52.44716230145742,0.0 6.76685023971982,52.29230746599794,0.0 6.789612980585895,52.1326,0.0 6.76685023971982,51.97289253400205,0.0 6.699253651484306,51.818037698542575,0.0 6.588877104007366,51.67274067943668,0.0 6.439074332830859,51.541416253086055,0.0 6.254397019353122,51.428054645732004,0.0 6.040456490292947,51.33610029245023,0.0 5.803753220366698,51.26834717973406,0.0 5.551479318653448,51.22685395162864,0.0 5.2913,51.21288135887337,0.0 5.031120681346552,51.22685395162864,0.0 4.778846779633302,51.26834717973406,0.0 4.542143509707052,51.33610029245023,0.0 4.328202980646878,51.428054645732004,0.0 4.143525667169142,51.541416253086055,0.0 3.993722895992634,51.67274067943668,0.0 3.8833463485156936,51.818037698542575,0.0 3.8157497602801795,51.97289253400205,0.0 3.7929870194141038,52.1326,0.0 3.8157497602801795,52.29230746599794,0.0 3.883346348515693,52.44716230145742,0.0 3.9937228959926334,52.592459320563314,0.0 4.143525667169141,52.72378374691394,0.0 4.328202980646877,52.83714535426799,0.0 4.542143509707051,52.92909970754976,0.0 4.778846779633301,52.996852820265936,0.0 5.031120681346552,53.03834604837135,0.0								 5.2913,53.052318641126625,0.0								</coordinates>
							</LinearRing>
						</outerBoundaryIs>
					</Polygon>
				</Placemark>
				<Placemark>
					<name></name>
					<description>area[count:15.0]</description>
					<TimeSpan>
						<begin>2016-10-29</begin>
						<end>2023-01-01</end>
					</TimeSpan>
					<styleUrl>KmlStyle [strokeColor=null, strokeWidth=null, fillColor=java.awt.Color[r=50,g=250,b=235]]</styleUrl>
					<Polygon>
						<tessellate>1</tessellate>
						<outerBoundaryIs>
							<LinearRing>
								<coordinates>-98.5795,42.097407591648945,0.0 -98.06642292251826,42.06293474867474,0.0 -97.56893543240626,41.9605636596418,0.0 -97.10215343531026,41.79340481828811,0.0 -96.68025986600892,41.566537261421765,0.0 -96.31607374711703,41.2868542449576,0.0 -96.02066068957002,40.96285379582447,0.0 -95.80299666963528,40.60438050371714,0.0 -95.66969529841518,40.222326398220034,0.0 -95.62480687062052,39.8283,0.0 -95.66969529841518,39.434273601779964,0.0 -95.80299666963528,39.05221949628286,0.0 -96.02066068957002,38.693746204175525,0.0 -96.31607374711703,38.369745755042395,0.0 -96.68025986600892,38.09006273857823,0.0 -97.10215343531026,37.86319518171189,0.0 -97.56893543240626,37.6960363403582,0.0 -98.06642292251824,37.593665251325255,0.0 -98.5795,37.55919240835105,0.0 -99.09257707748174,37.593665251325255,0.0 -99.59006456759373,37.6960363403582,0.0 -100.05684656468974,37.86319518171189,0.0 -100.47874013399107,38.09006273857823,0.0 -100.84292625288296,38.369745755042395,0.0 -101.13833931042997,38.693746204175525,0.0 -101.35600333036471,39.05221949628286,0.0 -101.48930470158481,39.434273601779964,0.0 -101.53419312937947,39.8283,0.0 -101.48930470158481,40.222326398220034,0.0 -101.35600333036471,40.60438050371714,0.0 -101.13833931042997,40.96285379582447,0.0 -100.84292625288296,41.2868542449576,0.0 -100.47874013399107,41.566537261421765,0.0 -100.05684656468974,41.79340481828811,0.0 -99.59006456759373,41.9605636596418,0.0 -99.09257707748174,42.06293474867474,0.0								 -98.5795,42.097407591648945,0.0								</coordinates>
							</LinearRing>
						</outerBoundaryIs>
					</Polygon>
				</Placemark>
				<Placemark>
					<name></name>
					<description>area[count:8.0]</description>
					<TimeSpan>
						<begin>2016-10-29</begin>
						<end>2023-01-01</end>
					</TimeSpan>
					<styleUrl>KmlStyle [strokeColor=null, strokeWidth=null, fillColor=java.awt.Color[r=50,g=250,b=235]]</styleUrl>
					<Polygon>
						<tessellate>1</tessellate>
						<outerBoundaryIs>
							<LinearRing>
								<coordinates>104.1954,37.54451522882442,0.0 104.55596977447193,37.5189494842333,0.0 104.90558381880363,37.44302905267246,0.0 105.23361928717134,37.31906073803727,0.0 105.53010898786265,37.15081125483694,0.0 105.7860442313531,36.94339277848015,0.0 105.9936485547787,36.70310761441221,0.0 106.14661400582501,36.43725670575314,0.0 106.24029280666628,36.15391779783552,0.0 106.27183857434267,35.8617,0.0 106.24029280666628,35.56948220216448,0.0 106.14661400582501,35.286143294246855,0.0 105.9936485547787,35.02029238558779,0.0 105.7860442313531,34.780007221519845,0.0 105.53010898786265,34.57258874516306,0.0 105.23361928717134,34.404339261962726,0.0 104.90558381880363,34.28037094732754,0.0 104.55596977447193,34.204450515766695,0.0 104.1954,34.178884771175575,0.0 103.83483022552808,34.204450515766695,0.0 103.48521618119638,34.28037094732754,0.0 103.15718071282868,34.404339261962726,0.0 102.86069101213737,34.57258874516306,0.0 102.60475576864691,34.780007221519845,0.0 102.39715144522131,35.02029238558779,0.0 102.244185994175,35.28614329424685,0.0 102.15050719333374,35.56948220216448,0.0 102.11896142565735,35.8617,0.0 102.15050719333374,36.15391779783552,0.0 102.244185994175,36.43725670575314,0.0 102.39715144522131,36.70310761441221,0.0 102.60475576864691,36.94339277848015,0.0 102.86069101213737,37.15081125483694,0.0 103.15718071282868,37.31906073803727,0.0 103.48521618119638,37.44302905267246,0.0 103.83483022552808,37.5189494842333,0.0								 104.1954,37.54451522882442,0.0								</coordinates>
							</LinearRing>
						</outerBoundaryIs>
					</Polygon>
				</Placemark>
				<Placemark>
					<name></name>
					<description>area[count:1.0]</description>
					<TimeSpan>
						<begin>2016-10-29</begin>
						<end>2023-01-01</end>
					</TimeSpan>
					<styleUrl>KmlStyle [strokeColor=null, strokeWidth=null, fillColor=java.awt.Color[r=50,g=250,b=235]]</styleUrl>
					<Polygon>
						<tessellate>1</tessellate>
						<outerBoundaryIs>
							<LinearRing>
								<coordinates>-106.3468,56.847954824559,0.0 -106.12322015127994,56.83705355443701,0.0 -105.90643366312636,56.804680973647415,0.0 -105.70302748328257,56.75182070667618,0.0 -105.51918200559463,56.68007888598663,0.0 -105.3604832818718,56.59163535049732,0.0 -105.23175329252894,56.489177412279496,0.0 -105.13690343315172,56.375818203939694,0.0 -105.07881566872099,56.255002087660785,0.0 -105.05925496656515,56.1304,0.0 -105.07881566872099,56.00579791233922,0.0 -105.13690343315172,55.88498179606031,0.0 -105.23175329252894,55.77162258772051,0.0 -105.3604832818718,55.66916464950268,0.0 -105.51918200559463,55.58072111401337,0.0 -105.70302748328257,55.508979293323826,0.0 -105.90643366312636,55.45611902635259,0.0 -106.12322015127994,55.42374644556299,0.0 -106.3468,55.41284517544101,0.0 -106.57037984872007,55.42374644556299,0.0 -106.78716633687364,55.45611902635259,0.0 -106.99057251671744,55.508979293323826,0.0 -107.17441799440537,55.58072111401337,0.0 -107.33311671812821,55.66916464950268,0.0 -107.46184670747107,55.77162258772051,0.0 -107.55669656684829,55.88498179606031,0.0 -107.61478433127901,56.00579791233922,0.0 -107.63434503343485,56.1304,0.0 -107.61478433127901,56.255002087660785,0.0 -107.55669656684829,56.375818203939694,0.0 -107.46184670747107,56.489177412279496,0.0 -107.33311671812821,56.59163535049732,0.0 -107.17441799440537,56.68007888598663,0.0 -106.99057251671744,56.75182070667618,0.0 -106.78716633687364,56.804680973647415,0.0 -106.57037984872007,56.83705355443701,0.0								 -106.3468,56.847954824559,0.0								</coordinates>
							</LinearRing>
						</outerBoundaryIs>
					</Polygon>
				</Placemark>
			</Folder>
		</Folder>
		<Folder>
			<name>C:\Users\ADMIN\Desktop\cfrC_country_MCC_for_SpreaD3_nospaces.tree</name>
			<description>Tree layer</description>
			<Folder>
				<name>points</name>
				<Placemark>
					<name></name>
					<description></description>
					<styleUrl>KmlStyle [strokeColor=null, strokeWidth=null, fillColor=java.awt.Color[r=222,g=36,b=250]]</styleUrl>
					<Polygon>
						<tessellate>1</tessellate>
						<outerBoundaryIs>
							<LinearRing>
								<coordinates>104.1954,36.141500380693074,0.0 104.25535165626957,36.13724958420231,0.0 104.31348171180038,36.12462635303037,0.0 104.36802391427037,36.104014237668764,0.0 104.41732102645716,36.07603952681251,0.0 104.45987518055252,36.04155221789509,0.0 104.49439339011768,36.00160019034654,0.0 104.51982683682208,35.95739736630722,0.0 104.53540273825753,35.91028682621786,0.0 104.54064782854071,35.8617,0.0 104.53540273825753,35.813113173782135,0.0 104.51982683682208,35.76600263369278,0.0 104.49439339011768,35.72179980965346,0.0 104.45987518055252,35.68184778210491,0.0 104.41732102645716,35.64736047318749,0.0 104.36802391427037,35.619385762331234,0.0 104.31348171180038,35.598773646969626,0.0 104.25535165626957,35.58615041579769,0.0 104.1954,35.581899619306924,0.0 104.13544834373045,35.58615041579769,0.0 104.07731828819963,35.598773646969626,0.0 104.02277608572965,35.619385762331234,0.0 103.97347897354285,35.64736047318749,0.0 103.9309248194475,35.68184778210491,0.0 103.89640660988233,35.72179980965346,0.0 103.87097316317794,35.76600263369278,0.0 103.85539726174248,35.813113173782135,0.0 103.8501521714593,35.8617,0.0 103.85539726174248,35.91028682621786,0.0 103.87097316317794,35.95739736630722,0.0 103.89640660988233,36.00160019034654,0.0 103.9309248194475,36.04155221789509,0.0 103.97347897354285,36.07603952681251,0.0 104.02277608572965,36.104014237668764,0.0 104.07731828819963,36.12462635303037,0.0 104.13544834373045,36.13724958420231,0.0								 104.1954,36.141500380693074,0.0								</coordinates>
							</LinearRing>
						</outerBoundaryIs>
					</Polygon>
				</Placemark>
				<Placemark>
					<name></name>
					<description></description>
					<styleUrl>KmlStyle [strokeColor=null, strokeWidth=null, fillColor=java.awt.Color[r=222,g=36,b=250]]</styleUrl>
					<Polygon>
						<tessellate>1</tessellate>
						<outerBoundaryIs>
							<LinearRing>
								<coordinates>127.7669,36.18760038069308,0.0 127.82688656456835,36.18334958420231,0.0 127.88505046772697,36.170726353030375,0.0 127.93962442871072,36.15011423766877,0.0 127.98895024533086,36.12213952681251,0.0 128.03152917760949,36.08765221789509,0.0 128.06606748623526,36.04770019034654,0.0 128.09151574217782,36.00349736630722,0.0 128.1071007130578,35.956386826217866,0.0 128.1123488574214,35.9078,0.0 128.1071007130578,35.85921317378214,0.0 128.09151574217782,35.81210263369278,0.0 128.06606748623526,35.767899809653464,0.0 128.03152917760949,35.72794778210491,0.0 127.98895024533086,35.69346047318749,0.0 127.93962442871072,35.66548576233124,0.0 127.88505046772697,35.64487364696963,0.0 127.82688656456835,35.63225041579769,0.0 127.7669,35.62799961930693,0.0 127.70691343543166,35.63225041579769,0.0 127.64874953227304,35.64487364696963,0.0 127.5941755712893,35.66548576233124,0.0 127.54484975466916,35.69346047318749,0.0 127.50227082239054,35.72794778210491,0.0 127.46773251376476,35.767899809653464,0.0 127.4422842578222,35.81210263369278,0.0 127.4266992869422,35.85921317378214,0.0 127.4214511425786,35.9078,0.0 127.4266992869422,35.956386826217866,0.0 127.4422842578222,36.00349736630722,0.0 127.46773251376476,36.04770019034654,0.0 127.50227082239054,36.08765221789509,0.0 127.54484975466916,36.12213952681251,0.0 127.5941755712893,36.15011423766877,0.0 127.64874953227304,36.170726353030375,0.0 127.70691343543166,36.18334958420231,0.0								 127.7669,36.18760038069308,0.0								</coordinates>
							</LinearRing>
						</outerBoundaryIs>
					</Polygon>
				</Placemark>
				<Placemark>
					<name></name>
					<description></description>
					<styleUrl>KmlStyle [strokeColor=null, strokeWidth=null, fillColor=java.awt.Color[r=222,g=36,b=250]]</styleUrl>
					<Polygon>
						<tessellate>1</tessellate>
						<outerBoundaryIs>
							<LinearRing>
								<coordinates>133.7751,-24.99459961930692,0.0 133.82883023906632,-24.99885041579769,0.0 133.88092791200742,-25.011473646969627,0.0 133.9298100573937,-25.03208576233124,0.0 133.9739914159731,-25.060060473187495,0.0 134.0121295595221,-25.09454778210491,0.0 134.04306567984776,-25.134499809653462,0.0 134.0658597985884,-25.178702633692776,0.0 134.07981932798052,-25.225813173782132,0.0 134.08452011478735,-25.2744,0.0 134.07981932798052,-25.322986826217868,0.0 134.0658597985884,-25.370097366307224,0.0 134.04306567984776,-25.414300190346538,0.0 134.0121295595221,-25.45425221789509,0.0 133.9739914159731,-25.488739526812505,0.0 133.9298100573937,-25.51671423766876,0.0 133.88092791200742,-25.537326353030373,0.0 133.82883023906632,-25.54994958420231,0.0 133.7751,-25.55420038069308,0.0 133.7213697609337,-25.54994958420231,0.0 133.6692720879926,-25.537326353030373,0.0 133.62038994260632,-25.51671423766876,0.0 133.57620858402692,-25.488739526812505,0.0 133.53807044047792,-25.45425221789509,0.0 133.50713432015226,-25.414300190346538,0.0 133.4843402014116,-25.370097366307224,0.0 133.4703806720195,-25.322986826217868,0.0 133.46567988521267,-25.2744,0.0 133.4703806720195,-25.225813173782132,0.0 133.4843402014116,-25.178702633692776,0.0 133.50713432015226,-25.134499809653462,0.0 133.53807044047792,-25.09454778210491,0.0 133.57620858402692,-25.060060473187495,0.0 133.62038994260632,-25.03208576233124,0.0 133.6692720879926,-25.011473646969627,0.0 133.7213697609337,-24.99885041579769,0.0								 133.7751,-24.99459961930692,0.0								</coordinates>
							</LinearRing>
						</outerBoundaryIs>
					</Polygon>
				</Placemark>
				<Placemark>
					<name></name>
					<description></description>
					<styleUrl>KmlStyle [strokeColor=null, strokeWidth=null, fillColor=java.awt.Color[r=222,g=36,b=250]]</styleUrl>
					<Polygon>
						<tessellate>1</tessellate>
						<outerBoundaryIs>
							<LinearRing>
								<coordinates>4.4699,50.78370038069308,0.0 4.546291294447037,50.77944958420231,0.0 4.620361478068159,50.766826353030375,0.0 4.689859965815363,50.74621423766877,0.0 4.75267508130638,50.71823952681251,0.0 4.806898219042999,50.68375221789509,0.0 4.850881836423323,50.64380019034654,0.0 4.883289513490036,50.59959736630722,0.0 4.90313655937454,50.552486826217866,0.0 4.909819931630727,50.5039,0.0 4.90313655937454,50.45531317378214,0.0 4.883289513490036,50.40820263369278,0.0 4.850881836423323,50.363999809653464,0.0 4.806898219042999,50.32404778210491,0.0 4.752675081306381,50.28956047318749,0.0 4.689859965815363,50.26158576233124,0.0 4.62036147806816,50.24097364696963,0.0 4.546291294447037,50.22835041579769,0.0 4.4699,50.22409961930693,0.0 4.393508705552963,50.22835041579769,0.0 4.319438521931841,50.24097364696963,0.0 4.249940034184636,50.26158576233124,0.0 4.18712491869362,50.28956047318749,0.0 4.132901780957001,50.32404778210491,0.0 4.088918163576677,50.363999809653464,0.0 4.056510486509964,50.40820263369278,0.0 4.03666344062546,50.45531317378214,0.0 4.029980068369273,50.5039,0.0 4.03666344062546,50.552486826217866,0.0 4.056510486509964,50.59959736630722,0.0 4.088918163576677,50.64380019034654,0.0 4.132901780957001,50.68375221789509,0.0 4.187124918693619,50.71823952681251,0.0 4.249940034184636,50.74621423766877,0.0 4.31943852193184,50.766826353030375,0.0 4.393508705552963,50.77944958420231,0.0								 4.4699,50.78370038069308,0.0								</coordinates>
							</LinearRing>
						</outerBoundaryIs>
					</Polygon>
				</Placemark>
				<Placemark>
					<name></name>
					<description></description>
					<styleUrl>KmlStyle [strokeColor=null, strokeWidth=null, fillColor=java.awt.Color[r=222,g=36,b=250]]</styleUrl>
					<Polygon>
						<tessellate>1</tessellate>
						<outerBoundaryIs>
							<LinearRing>
								<coordinates>104.1954,36.141500380693074,0.0 104.25535165626957,36.13724958420231,0.0 104.31348171180038,36.12462635303037,0.0 104.36802391427037,36.104014237668764,0.0 104.41732102645716,36.07603952681251,0.0 104.45987518055252,36.04155221789509,0.0 104.49439339011768,36.00160019034654,0.0 104.51982683682208,35.95739736630722,0.0 104.53540273825753,35.91028682621786,0.0 104.54064782854071,35.8617,0.0 104.53540273825753,35.813113173782135,0.0 104.51982683682208,35.76600263369278,0.0 104.49439339011768,35.72179980965346,0.0 104.45987518055252,35.68184778210491,0.0 104.41732102645716,35.64736047318749,0.0 104.36802391427037,35.619385762331234,0.0 104.31348171180038,35.598773646969626,0.0 104.25535165626957,35.58615041579769,0.0 104.1954,35.581899619306924,0.0 104.13544834373045,35.58615041579769,0.0 104.07731828819963,35.598773646969626,0.0 104.02277608572965,35.619385762331234,0.0 103.97347897354285,35.64736047318749,0.0 103.9309248194475,35.68184778210491,0.0 103.89640660988233,35.72179980965346,0.0 103.87097316317794,35.76600263369278,0.0 103.85539726174248,35.813113173782135,0.0 103.8501521714593,35.8617,0.0 103.85539726174248,35.91028682621786,0.0 103.87097316317794,35.95739736630722,0.0 103.89640660988233,36.00160019034654,0.0 103.9309248194475,36.04155221789509,0.0 103.97347897354285,36.07603952681251,0.0 104.02277608572965,36.104014237668764,0.0 104.07731828819963,36.12462635303037,0.0 104.13544834373045,36.13724958420231,0.0								 104.1954,36.141500380693074,0.0								</coordinates>
							</LinearRing>
						</outerBoundaryIs>
					</Polygon>
				</Placemark>
				<Placemark>
					<name></name>
					<description></description>
					<styleUrl>KmlStyle [strokeColor=null, strokeWidth=null, fillColor=java.awt.Color[r=222,g=36,b=250]]</styleUrl>
					<Polygon>
						<tessellate>1</tessellate>
						<outerBoundaryIs>
							<LinearRing>
								<coordinates>104.1954,36.141500380693074,0.0 104.25535165626957,36.13724958420231,0.0 104.31348171180038,36.12462635303037,0.0 104.36802391427037,36.104014237668764,0.0 104.41732102645716,36.07603952681251,0.0 104.45987518055252,36.04155221789509,0.0 104.49439339011768,36.00160019034654,0.0 104.51982683682208,35.95739736630722,0.0 104.53540273825753,35.91028682621786,0.0 104.54064782854071,35.8617,0.0 104.53540273825753,35.813113173782135,0.0 104.51982683682208,35.76600263369278,0.0 104.49439339011768,35.72179980965346,0.0 104.45987518055252,35.68184778210491,0.0 104.41732102645716,35.64736047318749,0.0 104.36802391427037,35.619385762331234,0.0 104.31348171180038,35.598773646969626,0.0 104.25535165626957,35.58615041579769,0.0 104.1954,35.581899619306924,0.0 104.13544834373045,35.58615041579769,0.0 104.07731828819963,35.598773646969626,0.0 104.02277608572965,35.619385762331234,0.0 103.97347897354285,35.64736047318749,0.0 103.9309248194475,35.68184778210491,0.0 103.89640660988233,35.72179980965346,0.0 103.87097316317794,35.76600263369278,0.0 103.85539726174248,35.813113173782135,0.0 103.8501521714593,35.8617,0.0 103.85539726174248,35.91028682621786,0.0 103.87097316317794,35.95739736630722,0.0 103.89640660988233,36.00160019034654,0.0 103.9309248194475,36.04155221789509,0.0 103.97347897354285,36.07603952681251,0.0 104.02277608572965,36.104014237668764,0.0 104.07731828819963,36.12462635303037,0.0 104.13544834373045,36.13724958420231,0.0								 104.1954,36.141500380693074,0.0								</coordinates>
							</LinearRing>
						</outerBoundaryIs>
					</Polygon>
				</Placemark>
				<Placemark>
					<name></name>
					<description></description>
					<styleUrl>KmlStyle [strokeColor=null, strokeWidth=null, fillColor=java.awt.Color[r=222,g=36,b=250]]</styleUrl>
					<Polygon>
						<tessellate>1</tessellate>
						<outerBoundaryIs>
							<LinearRing>
								<coordinates>12.5674,42.15170038069307,0.0 12.63264883477249,42.147449584202306,0.0 12.695915116717924,42.13482635303037,0.0 12.75527653187367,42.11421423766876,0.0 12.808929413678547,42.086239526812506,0.0 12.855243546468582,42.051752217895086,0.0 12.89281169875503,42.011800190346534,0.0 12.920492381241074,41.96759736630722,0.0 12.937444530396473,41.92048682621786,0.0 12.943153063747342,41.8719,0.0 12.937444530396473,41.82331317378213,0.0 12.920492381241074,41.776202633692776,0.0 12.89281169875503,41.73199980965346,0.0 12.855243546468582,41.69204778210491,0.0 12.808929413678547,41.65756047318749,0.0 12.75527653187367,41.62958576233123,0.0 12.695915116717924,41.60897364696962,0.0 12.63264883477249,41.59635041579769,0.0 12.5674,41.59209961930692,0.0 12.502151165227508,41.59635041579769,0.0 12.438884883282075,41.60897364696962,0.0 12.379523468126328,41.62958576233123,0.0 12.325870586321452,41.65756047318749,0.0 12.279556453531416,41.69204778210491,0.0 12.241988301244968,41.73199980965346,0.0 12.214307618758925,41.776202633692776,0.0 12.197355469603526,41.82331317378213,0.0 12.191646936252656,41.8719,0.0 12.197355469603526,41.92048682621786,0.0 12.214307618758925,41.96759736630722,0.0 12.241988301244968,42.011800190346534,0.0 12.279556453531416,42.051752217895086,0.0 12.325870586321452,42.086239526812506,0.0 12.379523468126328,42.11421423766876,0.0 12.438884883282073,42.13482635303037,0.0 12.502151165227508,42.147449584202306,0.0								 12.5674,42.15170038069307,0.0								</coordinates>
							</LinearRing>
						</outerBoundaryIs>
					</Polygon>
				</Placemark>
				<Placemark>
					<name></name>
					<description></description>
					<styleUrl>KmlStyle [strokeColor=null, strokeWidth=null, fillColor=java.awt.Color[r=222,g=36,b=250]]</styleUrl>
					<Polygon>
						<tessellate>1</tessellate>
						<outerBoundaryIs>
							<LinearRing>
								<coordinates>-98.5795,40.108100380693074,0.0 -98.51623320642325,40.10384958420231,0.0 -98.45488874235478,40.09122635303037,0.0 -98.39733052829354,40.070614237668764,0.0 -98.34530744144789,40.04263952681251,0.0 -98.3004001769867,40.00815221789509,0.0 -98.26397321941643,39.968200190346536,0.0 -98.23713338340994,39.92399736630722,0.0 -98.22069618380269,39.87688682621786,0.0 -98.21516105658708,39.8283,0.0 -98.22069618380269,39.779713173782135,0.0 -98.23713338340994,39.73260263369278,0.0 -98.26397321941643,39.68839980965346,0.0 -98.3004001769867,39.64844778210491,0.0 -98.34530744144789,39.61396047318749,0.0 -98.39733052829354,39.585985762331234,0.0 -98.45488874235478,39.565373646969626,0.0 -98.51623320642325,39.55275041579769,0.0 -98.5795,39.548499619306924,0.0 -98.64276679357674,39.55275041579769,0.0 -98.70411125764521,39.565373646969626,0.0 -98.76166947170645,39.585985762331234,0.0 -98.8136925585521,39.61396047318749,0.0 -98.8585998230133,39.64844778210491,0.0 -98.89502678058356,39.68839980965346,0.0 -98.92186661659005,39.73260263369278,0.0 -98.9383038161973,39.779713173782135,0.0 -98.94383894341291,39.8283,0.0 -98.9383038161973,39.87688682621786,0.0 -98.92186661659005,39.92399736630722,0.0 -98.89502678058356,39.968200190346536,0.0 -98.8585998230133,40.00815221789509,0.0 -98.8136925585521,40.04263952681251,0.0 -98.76166947170645,40.070614237668764,0.0 -98.70411125764521,40.09122635303037,0.0 -98.64276679357674,40.10384958420231,0.0								 -98.5795,40.108100380693074,0.0								</coordinates>
							</LinearRing>
						</outerBoundaryIs>
					</Polygon>
				</Placemark>
				<Placemark>
					<name></name>
					<description></description>
					<styleUrl>KmlStyle [strokeColor=null, strokeWidth=null, fillColor=java.awt.Color[r=222,g=36,b=250]]</styleUrl>
					<Polygon>
						<tessellate>1</tessellate>
						<outerBoundaryIs>
							<LinearRing>
								<coordinates>14.5501,47.79600038069307,0.0 14.622039800491068,47.79174958420231,0.0 14.69179374654751,47.77912635303037,0.0 14.757242399815603,47.75851423766876,0.0 14.816397136084408,47.73053952681251,0.0 14.867460568626143,47.69605221789509,0.0 14.90888116088237,47.656100190346535,0.0 14.93940036911721,47.61189736630722,0.0 14.95809088263192,47.56478682621786,0.0 14.964384799631205,47.5162,0.0 14.95809088263192,47.467613173782134,0.0 14.93940036911721,47.42050263369278,0.0 14.90888116088237,47.37629980965346,0.0 14.867460568626143,47.33634778210491,0.0 14.81639713608441,47.30186047318749,0.0 14.757242399815603,47.27388576233123,0.0 14.69179374654751,47.253273646969625,0.0 14.622039800491068,47.24065041579769,0.0 14.5501,47.23639961930692,0.0 14.478160199508933,47.24065041579769,0.0 14.40840625345249,47.253273646969625,0.0 14.342957600184398,47.27388576233123,0.0 14.283802863915593,47.30186047318749,0.0 14.232739431373858,47.33634778210491,0.0 14.191318839117631,47.37629980965346,0.0 14.16079963088279,47.42050263369278,0.0 14.142109117368081,47.467613173782134,0.0 14.135815200368796,47.5162,0.0 14.142109117368081,47.56478682621786,0.0 14.16079963088279,47.61189736630722,0.0 14.191318839117631,47.656100190346535,0.0 14.232739431373858,47.69605221789509,0.0 14.283802863915591,47.73053952681251,0.0 14.342957600184398,47.75851423766876,0.0 14.40840625345249,47.77912635303037,0.0 14.478160199508933,47.79174958420231,0.0								 14.5501,47.79600038069307,0.0								</coordinates>
							</LinearRing>
						</outerBoundaryIs>
					</Polygon>
				</Placemark>
				<Placemark>
					<name></name>
					<description></description>
					<styleUrl>KmlStyle [strokeColor=null, strokeWidth=null, fillColor=java.awt.Color[r=222,g=36,b=250]]</styleUrl>
					<Polygon>
						<tessellate>1</tessellate>
						<outerBoundaryIs>
							<LinearRing>
								<coordinates>-98.5795,40.108100380693074,0.0 -98.51623320642325,40.10384958420231,0.0 -98.45488874235478,40.09122635303037,0.0 -98.39733052829354,40.070614237668764,0.0 -98.34530744144789,40.04263952681251,0.0 -98.3004001769867,40.00815221789509,0.0 -98.26397321941643,39.968200190346536,0.0 -98.23713338340994,39.92399736630722,0.0 -98.22069618380269,39.87688682621786,0.0 -98.21516105658708,39.8283,0.0 -98.22069618380269,39.779713173782135,0.0 -98.23713338340994,39.73260263369278,0.0 -98.26397321941643,39.68839980965346,0.0 -98.3004001769867,39.64844778210491,0.0 -98.34530744144789,39.61396047318749,0.0 -98.39733052829354,39.585985762331234,0.0 -98.45488874235478,39.565373646969626,0.0 -98.51623320642325,39.55275041579769,0.0 -98.5795,39.548499619306924,0.0 -98.64276679357674,39.55275041579769,0.0 -98.70411125764521,39.565373646969626,0.0 -98.76166947170645,39.585985762331234,0.0 -98.8136925585521,39.61396047318749,0.0 -98.8585998230133,39.64844778210491,0.0 -98.89502678058356,39.68839980965346,0.0 -98.92186661659005,39.73260263369278,0.0 -98.9383038161973,39.779713173782135,0.0 -98.94383894341291,39.8283,0.0 -98.9383038161973,39.87688682621786,0.0 -98.92186661659005,39.92399736630722,0.0 -98.89502678058356,39.968200190346536,0.0 -98.8585998230133,40.00815221789509,0.0 -98.8136925585521,40.04263952681251,0.0 -98.76166947170645,40.070614237668764,0.0 -98.70411125764521,40.09122635303037,0.0 -98.64276679357674,40.10384958420231,0.0								 -98.5795,40.108100380693074,0.0								</coordinates>
							</LinearRing>
						</outerBoundaryIs>
					</Polygon>
				</Placemark>
				<Placemark>
					<name></name>
					<description></description>
					<styleUrl>KmlStyle [strokeColor=null, strokeWidth=null, fillColor=java.awt.Color[r=222,g=36,b=250]]</styleUrl>
					<Polygon>
						<tessellate>1</tessellate>
						<outerBoundaryIs>
							<LinearRing>
								<coordinates>104.1954,36.141500380693074,0.0 104.25535165626957,36.13724958420231,0.0 104.31348171180038,36.12462635303037,0.0 104.36802391427037,36.104014237668764,0.0 104.41732102645716,36.07603952681251,0.0 104.45987518055252,36.04155221789509,0.0 104.49439339011768,36.00160019034654,0.0 104.51982683682208,35.95739736630722,0.0 104.53540273825753,35.91028682621786,0.0 104.54064782854071,35.8617,0.0 104.53540273825753,35.813113173782135,0.0 104.51982683682208,35.76600263369278,0.0 104.49439339011768,35.72179980965346,0.0 104.45987518055252,35.68184778210491,0.0 104.41732102645716,35.64736047318749,0.0 104.36802391427037,35.619385762331234,0.0 104.31348171180038,35.598773646969626,0.0 104.25535165626957,35.58615041579769,0.0 104.1954,35.581899619306924,0.0 104.13544834373045,35.58615041579769,0.0 104.07731828819963,35.598773646969626,0.0 104.02277608572965,35.619385762331234,0.0 103.97347897354285,35.64736047318749,0.0 103.9309248194475,35.68184778210491,0.0 103.89640660988233,35.72179980965346,0.0 103.87097316317794,35.76600263369278,0.0 103.85539726174248,35.813113173782135,0.0 103.8501521714593,35.8617,0.0 103.85539726174248,35.91028682621786,0.0 103.87097316317794,35.95739736630722,0.0 103.89640660988233,36.00160019034654,0.0 103.9309248194475,36.04155221789509,0.0 103.97347897354285,36.07603952681251,0.0 104.02277608572965,36.104014237668764,0.0 104.07731828819963,36.12462635303037,0.0 104.13544834373045,36.13724958420231,0.0								 104.1954,36.141500380693074,0.0								</coordinates>
							</LinearRing>
						</outerBoundaryIs>
					</Polygon>
				</Placemark>
				<Placemark>
					<name></name>
					<description></description>
					<styleUrl>KmlStyle [strokeColor=null, strokeWidth=null, fillColor=java.awt.Color[r=222,g=36,b=250]]</styleUrl>
					<Polygon>
						<tessellate>1</tessellate>
						<outerBoundaryIs>
							<LinearRing>
								<coordinates>-98.5795,40.108100380693074,0.0 -98.51623320642325,40.10384958420231,0.0 -98.45488874235478,40.09122635303037,0.0 -98.39733052829354,40.070614237668764,0.0 -98.34530744144789,40.04263952681251,0.0 -98.3004001769867,40.00815221789509,0.0 -98.26397321941643,39.968200190346536,0.0 -98.23713338340994,39.92399736630722,0.0 -98.22069618380269,39.87688682621786,0.0 -98.21516105658708,39.8283,0.0 -98.22069618380269,39.779713173782135,0.0 -98.23713338340994,39.73260263369278,0.0 -98.26397321941643,39.68839980965346,0.0 -98.3004001769867,39.64844778210491,0.0 -98.34530744144789,39.61396047318749,0.0 -98.39733052829354,39.585985762331234,0.0 -98.45488874235478,39.565373646969626,0.0 -98.51623320642325,39.55275041579769,0.0 -98.5795,39.548499619306924,0.0 -98.64276679357674,39.55275041579769,0.0 -98.70411125764521,39.565373646969626,0.0 -98.76166947170645,39.585985762331234,0.0 -98.8136925585521,39.61396047318749,0.0 -98.8585998230133,39.64844778210491,0.0 -98.89502678058356,39.68839980965346,0.0 -98.92186661659005,39.73260263369278,0.0 -98.9383038161973,39.779713173782135,0.0 -98.94383894341291,39.8283,0.0 -98.9383038161973,39.87688682621786,0.0 -98.92186661659005,39.92399736630722,0.0 -98.89502678058356,39.968200190346536,0.0 -98.8585998230133,40.00815221789509,0.0 -98.8136925585521,40.04263952681251,0.0 -98.76166947170645,40.070614237668764,0.0 -98.70411125764521,40.09122635303037,0.0 -98.64276679357674,40.10384958420231,0.0								 -98.5795,40.108100380693074,0.0								</coordinates>
							</LinearRing>
						</outerBoundaryIs>
					</Polygon>
				</Placemark>
				<Placemark>
					<name></name>
					<description></description>
					<styleUrl>KmlStyle [strokeColor=null, strokeWidth=null, fillColor=java.awt.Color[r=222,g=36,b=250]]</styleUrl>
					<Polygon>
						<tessellate>1</tessellate>
						<outerBoundaryIs>
							<LinearRing>
								<coordinates>-98.5795,40.108100380693074,0.0 -98.51623320642325,40.10384958420231,0.0 -98.45488874235478,40.09122635303037,0.0 -98.39733052829354,40.070614237668764,0.0 -98.34530744144789,40.04263952681251,0.0 -98.3004001769867,40.00815221789509,0.0 -98.26397321941643,39.968200190346536,0.0 -98.23713338340994,39.92399736630722,0.0 -98.22069618380269,39.87688682621786,0.0 -98.21516105658708,39.8283,0.0 -98.22069618380269,39.779713173782135,0.0 -98.23713338340994,39.73260263369278,0.0 -98.26397321941643,39.68839980965346,0.0 -98.3004001769867,39.64844778210491,0.0 -98.34530744144789,39.61396047318749,0.0 -98.39733052829354,39.585985762331234,0.0 -98.45488874235478,39.565373646969626,0.0 -98.51623320642325,39.55275041579769,0.0 -98.5795,39.548499619306924,0.0 -98.64276679357674,39.55275041579769,0.0 -98.70411125764521,39.565373646969626,0.0 -98.76166947170645,39.585985762331234,0.0 -98.8136925585521,39.61396047318749,0.0 -98.8585998230133,39.64844778210491,0.0 -98.89502678058356,39.68839980965346,0.0 -98.92186661659005,39.73260263369278,0.0 -98.9383038161973,39.779713173782135,0.0 -98.94383894341291,39.8283,0.0 -98.9383038161973,39.87688682621786,0.0 -98.92186661659005,39.92399736630722,0.0 -98.89502678058356,39.968200190346536,0.0 -98.8585998230133,40.00815221789509,0.0 -98.8136925585521,40.04263952681251,0.0 -98.76166947170645,40.070614237668764,0.0 -98.70411125764521,40.09122635303037,0.0 -98.64276679357674,40.10384958420231,0.0								 -98.5795,40.108100380693074,0.0								</coordinates>
							</LinearRing>
						</outerBoundaryIs>
					</Polygon>
				</Placemark>
				<Placemark>
					<name></name>
					<description></description>
					<styleUrl>KmlStyle [strokeColor=null, strokeWidth=null, fillColor=java.awt.Color[r=222,g=36,b=250]]</styleUrl>
					<Polygon>
						<tessellate>1</tessellate>
						<outerBoundaryIs>
							<LinearRing>
								<coordinates>-106.3468,56.41020038069308,0.0 -106.2596181922188,56.40594958420231,0.0 -106.1750853595509,56.393326353030375,0.0 -106.09576998934126,56.37271423766877,0.0 -106.02408203897816,56.34473952681251,0.0 -105.96219971055754,56.31025221789509,0.0 -105.9120032673145,56.27030019034654,0.0 -105.87501790277634,56.22609736630722,0.0 -105.85236739852907,56.178986826217866,0.0 -105.84473997868251,56.1304,0.0 -105.85236739852907,56.08181317378214,0.0 -105.87501790277634,56.03470263369278,0.0 -105.9120032673145,55.990499809653464,0.0 -105.96219971055754,55.95054778210491,0.0 -106.02408203897816,55.91606047318749,0.0 -106.09576998934126,55.88808576233124,0.0 -106.1750853595509,55.86747364696963,0.0 -106.2596181922188,55.85485041579769,0.0 -106.3468,55.85059961930693,0.0 -106.43398180778121,55.85485041579769,0.0 -106.5185146404491,55.86747364696963,0.0 -106.59783001065874,55.88808576233124,0.0 -106.66951796102184,55.91606047318749,0.0 -106.73140028944246,55.95054778210491,0.0 -106.7815967326855,55.990499809653464,0.0 -106.81858209722367,56.03470263369278,0.0 -106.84123260147094,56.08181317378214,0.0 -106.84886002131749,56.1304,0.0 -106.84123260147094,56.178986826217866,0.0 -106.81858209722367,56.22609736630722,0.0 -106.7815967326855,56.27030019034654,0.0 -106.73140028944246,56.31025221789509,0.0 -106.66951796102184,56.34473952681251,0.0 -106.59783001065874,56.37271423766877,0.0 -106.5185146404491,56.393326353030375,0.0 -106.43398180778121,56.40594958420231,0.0								 -106.3468,56.41020038069308,0.0								</coordinates>
							</LinearRing>
						</outerBoundaryIs>
					</Polygon>
				</Placemark>
				<Placemark>
					<name></name>
					<description></description>
					<styleUrl>KmlStyle [strokeColor=null, strokeWidth=null, fillColor=java.awt.Color[r=222,g=36,b=250]]</styleUrl>
					<Polygon>
						<tessellate>1</tessellate>
						<outerBoundaryIs>
							<LinearRing>
								<coordinates>10.4515,51.445500380693076,0.0 10.528982269911069,51.44124958420231,0.0 10.604110280258812,51.428626353030374,0.0 10.674601304465419,51.408014237668766,0.0 10.73831350843055,51.38003952681251,0.0 10.793311029076659,51.34555221789509,0.0 10.837922794568998,51.30560019034654,0.0 10.870793298987728,51.26139736630722,0.0 10.890923788689364,51.214286826217865,0.0 10.897702608930837,51.1657,0.0 10.890923788689364,51.11711317378214,0.0 10.870793298987728,51.07000263369278,0.0 10.837922794568998,51.02579980965346,0.0 10.793311029076659,50.98584778210491,0.0 10.73831350843055,50.95136047318749,0.0 10.674601304465419,50.923385762331236,0.0 10.604110280258812,50.90277364696963,0.0 10.52898226991107,50.89015041579769,0.0 10.4515,50.885899619306926,0.0 10.37401773008893,50.89015041579769,0.0 10.298889719741187,50.90277364696963,0.0 10.22839869553458,50.923385762331236,0.0 10.164686491569448,50.95136047318749,0.0 10.10968897092334,50.98584778210491,0.0 10.065077205431,51.02579980965346,0.0 10.03220670101227,51.07000263369278,0.0 10.012076211310635,51.11711317378214,0.0 10.005297391069162,51.1657,0.0 10.012076211310635,51.214286826217865,0.0 10.03220670101227,51.26139736630722,0.0 10.065077205431,51.30560019034654,0.0 10.10968897092334,51.34555221789509,0.0 10.164686491569448,51.38003952681251,0.0 10.22839869553458,51.408014237668766,0.0 10.298889719741187,51.428626353030374,0.0 10.37401773008893,51.44124958420231,0.0								 10.4515,51.445500380693076,0.0								</coordinates>
							</LinearRing>
						</outerBoundaryIs>
					</Polygon>
				</Placemark>
				<Placemark>
					<name></name>
					<description></description>
					<styleUrl>KmlStyle [strokeColor=null, strokeWidth=null, fillColor=java.awt.Color[r=222,g=36,b=250]]</styleUrl>
					<Polygon>
						<tessellate>1</tessellate>
						<outerBoundaryIs>
							<LinearRing>
								<coordinates>104.1954,36.141500380693074,0.0 104.25535165626957,36.13724958420231,0.0 104.31348171180038,36.12462635303037,0.0 104.36802391427037,36.104014237668764,0.0 104.41732102645716,36.07603952681251,0.0 104.45987518055252,36.04155221789509,0.0 104.49439339011768,36.00160019034654,0.0 104.51982683682208,35.95739736630722,0.0 104.53540273825753,35.91028682621786,0.0 104.54064782854071,35.8617,0.0 104.53540273825753,35.813113173782135,0.0 104.51982683682208,35.76600263369278,0.0 104.49439339011768,35.72179980965346,0.0 104.45987518055252,35.68184778210491,0.0 104.41732102645716,35.64736047318749,0.0 104.36802391427037,35.619385762331234,0.0 104.31348171180038,35.598773646969626,0.0 104.25535165626957,35.58615041579769,0.0 104.1954,35.581899619306924,0.0 104.13544834373045,35.58615041579769,0.0 104.07731828819963,35.598773646969626,0.0 104.02277608572965,35.619385762331234,0.0 103.97347897354285,35.64736047318749,0.0 103.9309248194475,35.68184778210491,0.0 103.89640660988233,35.72179980965346,0.0 103.87097316317794,35.76600263369278,0.0 103.85539726174248,35.813113173782135,0.0 103.8501521714593,35.8617,0.0 103.85539726174248,35.91028682621786,0.0 103.87097316317794,35.95739736630722,0.0 103.89640660988233,36.00160019034654,0.0 103.9309248194475,36.04155221789509,0.0 103.97347897354285,36.07603952681251,0.0 104.02277608572965,36.104014237668764,0.0 104.07731828819963,36.12462635303037,0.0 104.13544834373045,36.13724958420231,0.0								 104.1954,36.141500380693074,0.0								</coordinates>
							</LinearRing>
						</outerBoundaryIs>
					</Polygon>
				</Placemark>
				<Placemark>
					<name></name>
					<description></description>
					<styleUrl>KmlStyle [strokeColor=null, strokeWidth=null, fillColor=java.awt.Color[r=222,g=36,b=250]]</styleUrl>
					<Polygon>
						<tessellate>1</tessellate>
						<outerBoundaryIs>
							<LinearRing>
								<coordinates>-3.436,55.65790038069308,0.0 -3.3504836504679583,55.65364958420231,0.0 -3.2675656719430872,55.64102635303038,0.0 -3.1897654852443424,55.62041423766877,0.0 -3.119447009675772,55.59243952681251,0.0 -3.0587468365346613,55.55795221789509,0.0 -3.0095093098661327,55.51800019034654,0.0 -2.9732304870026196,55.473797366307224,0.0 -2.951012681618859,55.42668682621787,0.0 -2.943530970488685,55.3781,0.0 -2.951012681618859,55.32951317378214,0.0 -2.9732304870026196,55.28240263369278,0.0 -3.0095093098661327,55.238199809653466,0.0 -3.0587468365346613,55.198247782104914,0.0 -3.119447009675772,55.163760473187494,0.0 -3.1897654852443424,55.13578576233124,0.0 -3.267565671943087,55.11517364696963,0.0 -3.3504836504679583,55.102550415797694,0.0 -3.436,55.09829961930693,0.0 -3.5215163495320416,55.102550415797694,0.0 -3.6044343280569127,55.11517364696963,0.0 -3.6822345147556574,55.13578576233124,0.0 -3.752552990324228,55.163760473187494,0.0 -3.8132531634653386,55.198247782104914,0.0 -3.862490690133867,55.238199809653466,0.0 -3.8987695129973803,55.28240263369278,0.0 -3.920987318381141,55.32951317378214,0.0 -3.928469029511315,55.3781,0.0 -3.920987318381141,55.42668682621787,0.0 -3.8987695129973803,55.473797366307224,0.0 -3.862490690133867,55.51800019034654,0.0 -3.813253163465339,55.55795221789509,0.0 -3.752552990324228,55.59243952681251,0.0 -3.682234514755658,55.62041423766877,0.0 -3.604434328056913,55.64102635303038,0.0 -3.5215163495320416,55.65364958420231,0.0								 -3.436,55.65790038069308,0.0								</coordinates>
							</LinearRing>
						</outerBoundaryIs>
					</Polygon>
				</Placemark>
				<Placemark>
					<name></name>
					<description></description>
					<styleUrl>KmlStyle [strokeColor=null, strokeWidth=null, fillColor=java.awt.Color[r=222,g=36,b=250]]</styleUrl>
					<Polygon>
						<tessellate>1</tessellate>
						<outerBoundaryIs>
							<LinearRing>
								<coordinates>-98.5795,40.108100380693074,0.0 -98.51623320642325,40.10384958420231,0.0 -98.45488874235478,40.09122635303037,0.0 -98.39733052829354,40.070614237668764,0.0 -98.34530744144789,40.04263952681251,0.0 -98.3004001769867,40.00815221789509,0.0 -98.26397321941643,39.968200190346536,0.0 -98.23713338340994,39.92399736630722,0.0 -98.22069618380269,39.87688682621786,0.0 -98.21516105658708,39.8283,0.0 -98.22069618380269,39.779713173782135,0.0 -98.23713338340994,39.73260263369278,0.0 -98.26397321941643,39.68839980965346,0.0 -98.3004001769867,39.64844778210491,0.0 -98.34530744144789,39.61396047318749,0.0 -98.39733052829354,39.585985762331234,0.0 -98.45488874235478,39.565373646969626,0.0 -98.51623320642325,39.55275041579769,0.0 -98.5795,39.548499619306924,0.0 -98.64276679357674,39.55275041579769,0.0 -98.70411125764521,39.565373646969626,0.0 -98.76166947170645,39.585985762331234,0.0 -98.8136925585521,39.61396047318749,0.0 -98.8585998230133,39.64844778210491,0.0 -98.89502678058356,39.68839980965346,0.0 -98.92186661659005,39.73260263369278,0.0 -98.9383038161973,39.779713173782135,0.0 -98.94383894341291,39.8283,0.0 -98.9383038161973,39.87688682621786,0.0 -98.92186661659005,39.92399736630722,0.0 -98.89502678058356,39.968200190346536,0.0 -98.8585998230133,40.00815221789509,0.0 -98.8136925585521,40.04263952681251,0.0 -98.76166947170645,40.070614237668764,0.0 -98.70411125764521,40.09122635303037,0.0 -98.64276679357674,40.10384958420231,0.0								 -98.5795,40.108100380693074,0.0								</coordinates>
							</LinearRing>
						</outerBoundaryIs>
					</Polygon>
				</Placemark>
				<Placemark>
					<name></name>
					<description></description>
					<styleUrl>KmlStyle [strokeColor=null, strokeWidth=null, fillColor=java.awt.Color[r=222,g=36,b=250]]</styleUrl>
					<Polygon>
						<tessellate>1</tessellate>
						<outerBoundaryIs>
							<LinearRing>
								<coordinates>-98.5795,40.108100380693074,0.0 -98.51623320642325,40.10384958420231,0.0 -98.45488874235478,40.09122635303037,0.0 -98.39733052829354,40.070614237668764,0.0 -98.34530744144789,40.04263952681251,0.0 -98.3004001769867,40.00815221789509,0.0 -98.26397321941643,39.968200190346536,0.0 -98.23713338340994,39.92399736630722,0.0 -98.22069618380269,39.87688682621786,0.0 -98.21516105658708,39.8283,0.0 -98.22069618380269,39.779713173782135,0.0 -98.23713338340994,39.73260263369278,0.0 -98.26397321941643,39.68839980965346,0.0 -98.3004001769867,39.64844778210491,0.0 -98.34530744144789,39.61396047318749,0.0 -98.39733052829354,39.585985762331234,0.0 -98.45488874235478,39.565373646969626,0.0 -98.51623320642325,39.55275041579769,0.0 -98.5795,39.548499619306924,0.0 -98.64276679357674,39.55275041579769,0.0 -98.70411125764521,39.565373646969626,0.0 -98.76166947170645,39.585985762331234,0.0 -98.8136925585521,39.61396047318749,0.0 -98.8585998230133,39.64844778210491,0.0 -98.89502678058356,39.68839980965346,0.0 -98.92186661659005,39.73260263369278,0.0 -98.9383038161973,39.779713173782135,0.0 -98.94383894341291,39.8283,0.0 -98.9383038161973,39.87688682621786,0.0 -98.92186661659005,39.92399736630722,0.0 -98.89502678058356,39.968200190346536,0.0 -98.8585998230133,40.00815221789509,0.0 -98.8136925585521,40.04263952681251,0.0 -98.76166947170645,40.070614237668764,0.0 -98.70411125764521,40.09122635303037,0.0 -98.64276679357674,40.10384958420231,0.0								 -98.5795,40.108100380693074,0.0								</coordinates>
							</LinearRing>
						</outerBoundaryIs>
					</Polygon>
				</Placemark>
				<Placemark>
					<name></name>
					<description></description>
					<styleUrl>KmlStyle [strokeColor=null, strokeWidth=null, fillColor=java.awt.Color[r=222,g=36,b=250]]</styleUrl>
					<Polygon>
						<tessellate>1</tessellate>
						<outerBoundaryIs>
							<LinearRing>
								<coordinates>-98.5795,40.108100380693074,0.0 -98.51623320642325,40.10384958420231,0.0 -98.45488874235478,40.09122635303037,0.0 -98.39733052829354,40.070614237668764,0.0 -98.34530744144789,40.04263952681251,0.0 -98.3004001769867,40.00815221789509,0.0 -98.26397321941643,39.968200190346536,0.0 -98.23713338340994,39.92399736630722,0.0 -98.22069618380269,39.87688682621786,0.0 -98.21516105658708,39.8283,0.0 -98.22069618380269,39.779713173782135,0.0 -98.23713338340994,39.73260263369278,0.0 -98.26397321941643,39.68839980965346,0.0 -98.3004001769867,39.64844778210491,0.0 -98.34530744144789,39.61396047318749,0.0 -98.39733052829354,39.585985762331234,0.0 -98.45488874235478,39.565373646969626,0.0 -98.51623320642325,39.55275041579769,0.0 -98.5795,39.548499619306924,0.0 -98.64276679357674,39.55275041579769,0.0 -98.70411125764521,39.565373646969626,0.0 -98.76166947170645,39.585985762331234,0.0 -98.8136925585521,39.61396047318749,0.0 -98.8585998230133,39.64844778210491,0.0 -98.89502678058356,39.68839980965346,0.0 -98.92186661659005,39.73260263369278,0.0 -98.9383038161973,39.779713173782135,0.0 -98.94383894341291,39.8283,0.0 -98.9383038161973,39.87688682621786,0.0 -98.92186661659005,39.92399736630722,0.0 -98.89502678058356,39.968200190346536,0.0 -98.8585998230133,40.00815221789509,0.0 -98.8136925585521,40.04263952681251,0.0 -98.76166947170645,40.070614237668764,0.0 -98.70411125764521,40.09122635303037,0.0 -98.64276679357674,40.10384958420231,0.0								 -98.5795,40.108100380693074,0.0								</coordinates>
							</LinearRing>
						</outerBoundaryIs>
					</Polygon>
				</Placemark>
				<Placemark>
					<name></name>
					<description></description>
					<styleUrl>KmlStyle [strokeColor=null, strokeWidth=null, fillColor=java.awt.Color[r=222,g=36,b=250]]</styleUrl>
					<Polygon>
						<tessellate>1</tessellate>
						<outerBoundaryIs>
							<LinearRing>
								<coordinates>120.9605,23.97760038069308,0.0 121.01356103763511,23.97334958420231,0.0 121.06500984249186,23.960726353030374,0.0 121.11328316866901,23.940114237668762,0.0 121.15691425557819,23.912139526812506,0.0 121.19457739472203,23.87765221789509,0.0 121.22512821067612,23.83770019034654,0.0 121.24763843235714,23.793497366307225,0.0 121.26142409807005,23.74638682621787,0.0 121.26606633733805,23.6978,0.0 121.26142409807005,23.649213173782133,0.0 121.24763843235714,23.602102633692777,0.0 121.22512821067612,23.557899809653463,0.0 121.19457739472203,23.517947782104912,0.0 121.15691425557819,23.483460473187495,0.0 121.11328316866901,23.45548576233124,0.0 121.06500984249186,23.434873646969628,0.0 121.01356103763511,23.42225041579769,0.0 120.9605,23.417999619306922,0.0 120.90743896236488,23.42225041579769,0.0 120.85599015750813,23.434873646969628,0.0 120.80771683133098,23.45548576233124,0.0 120.7640857444218,23.483460473187495,0.0 120.72642260527796,23.517947782104912,0.0 120.69587178932387,23.557899809653463,0.0 120.67336156764286,23.602102633692777,0.0 120.65957590192994,23.649213173782133,0.0 120.65493366266195,23.6978,0.0 120.65957590192994,23.74638682621787,0.0 120.67336156764286,23.793497366307225,0.0 120.69587178932387,23.83770019034654,0.0 120.72642260527796,23.87765221789509,0.0 120.7640857444218,23.912139526812506,0.0 120.80771683133098,23.940114237668762,0.0 120.85599015750813,23.960726353030374,0.0 120.90743896236488,23.97334958420231,0.0								 120.9605,23.97760038069308,0.0								</coordinates>
							</LinearRing>
						</outerBoundaryIs>
					</Polygon>
				</Placemark>
				<Placemark>
					<name></name>
					<description></description>
					<styleUrl>KmlStyle [strokeColor=null, strokeWidth=null, fillColor=java.awt.Color[r=222,g=36,b=250]]</styleUrl>
					<Polygon>
						<tessellate>1</tessellate>
						<outerBoundaryIs>
							<LinearRing>
								<coordinates>127.7669,36.18760038069308,0.0 127.82688656456835,36.18334958420231,0.0 127.88505046772697,36.170726353030375,0.0 127.93962442871072,36.15011423766877,0.0 127.98895024533086,36.12213952681251,0.0 128.03152917760949,36.08765221789509,0.0 128.06606748623526,36.04770019034654,0.0 128.09151574217782,36.00349736630722,0.0 128.1071007130578,35.956386826217866,0.0 128.1123488574214,35.9078,0.0 128.1071007130578,35.85921317378214,0.0 128.09151574217782,35.81210263369278,0.0 128.06606748623526,35.767899809653464,0.0 128.03152917760949,35.72794778210491,0.0 127.98895024533086,35.69346047318749,0.0 127.93962442871072,35.66548576233124,0.0 127.88505046772697,35.64487364696963,0.0 127.82688656456835,35.63225041579769,0.0 127.7669,35.62799961930693,0.0 127.70691343543166,35.63225041579769,0.0 127.64874953227304,35.64487364696963,0.0 127.5941755712893,35.66548576233124,0.0 127.54484975466916,35.69346047318749,0.0 127.50227082239054,35.72794778210491,0.0 127.46773251376476,35.767899809653464,0.0 127.4422842578222,35.81210263369278,0.0 127.4266992869422,35.85921317378214,0.0 127.4214511425786,35.9078,0.0 127.4266992869422,35.956386826217866,0.0 127.4422842578222,36.00349736630722,0.0 127.46773251376476,36.04770019034654,0.0 127.50227082239054,36.08765221789509,0.0 127.54484975466916,36.12213952681251,0.0 127.5941755712893,36.15011423766877,0.0 127.64874953227304,36.170726353030375,0.0 127.70691343543166,36.18334958420231,0.0								 127.7669,36.18760038069308,0.0								</coordinates>
							</LinearRing>
						</outerBoundaryIs>
					</Polygon>
				</Placemark>
				<Placemark>
					<name></name>
					<description></description>
					<styleUrl>KmlStyle [strokeColor=null, strokeWidth=null, fillColor=java.awt.Color[r=222,g=36,b=250]]</styleUrl>
					<Polygon>
						<tessellate>1</tessellate>
						<outerBoundaryIs>
							<LinearRing>
								<coordinates>-98.5795,40.108100380693074,0.0 -98.51623320642325,40.10384958420231,0.0 -98.45488874235478,40.09122635303037,0.0 -98.39733052829354,40.070614237668764,0.0 -98.34530744144789,40.04263952681251,0.0 -98.3004001769867,40.00815221789509,0.0 -98.26397321941643,39.968200190346536,0.0 -98.23713338340994,39.92399736630722,0.0 -98.22069618380269,39.87688682621786,0.0 -98.21516105658708,39.8283,0.0 -98.22069618380269,39.779713173782135,0.0 -98.23713338340994,39.73260263369278,0.0 -98.26397321941643,39.68839980965346,0.0 -98.3004001769867,39.64844778210491,0.0 -98.34530744144789,39.61396047318749,0.0 -98.39733052829354,39.585985762331234,0.0 -98.45488874235478,39.565373646969626,0.0 -98.51623320642325,39.55275041579769,0.0 -98.5795,39.548499619306924,0.0 -98.64276679357674,39.55275041579769,0.0 -98.70411125764521,39.565373646969626,0.0 -98.76166947170645,39.585985762331234,0.0 -98.8136925585521,39.61396047318749,0.0 -98.8585998230133,39.64844778210491,0.0 -98.89502678058356,39.68839980965346,0.0 -98.92186661659005,39.73260263369278,0.0 -98.9383038161973,39.779713173782135,0.0 -98.94383894341291,39.8283,0.0 -98.9383038161973,39.87688682621786,0.0 -98.92186661659005,39.92399736630722,0.0 -98.89502678058356,39.968200190346536,0.0 -98.8585998230133,40.00815221789509,0.0 -98.8136925585521,40.04263952681251,0.0 -98.76166947170645,40.070614237668764,0.0 -98.70411125764521,40.09122635303037,0.0 -98.64276679357674,40.10384958420231,0.0								 -98.5795,40.108100380693074,0.0								</coordinates>
							</LinearRing>
						</outerBoundaryIs>
					</Polygon>
				</Placemark>
				<Placemark>
					<name></name>
					<description></description>
					<styleUrl>KmlStyle [strokeColor=null, strokeWidth=null, fillColor=java.awt.Color[r=222,g=36,b=250]]</styleUrl>
					<Polygon>
						<tessellate>1</tessellate>
						<outerBoundaryIs>
							<LinearRing>
								<coordinates>-98.5795,40.108100380693074,0.0 -98.51623320642325,40.10384958420231,0.0 -98.45488874235478,40.09122635303037,0.0 -98.39733052829354,40.070614237668764,0.0 -98.34530744144789,40.04263952681251,0.0 -98.3004001769867,40.00815221789509,0.0 -98.26397321941643,39.968200190346536,0.0 -98.23713338340994,39.92399736630722,0.0 -98.22069618380269,39.87688682621786,0.0 -98.21516105658708,39.8283,0.0 -98.22069618380269,39.779713173782135,0.0 -98.23713338340994,39.73260263369278,0.0 -98.26397321941643,39.68839980965346,0.0 -98.3004001769867,39.64844778210491,0.0 -98.34530744144789,39.61396047318749,0.0 -98.39733052829354,39.585985762331234,0.0 -98.45488874235478,39.565373646969626,0.0 -98.51623320642325,39.55275041579769,0.0 -98.5795,39.548499619306924,0.0 -98.64276679357674,39.55275041579769,0.0 -98.70411125764521,39.565373646969626,0.0 -98.76166947170645,39.585985762331234,0.0 -98.8136925585521,39.61396047318749,0.0 -98.8585998230133,39.64844778210491,0.0 -98.89502678058356,39.68839980965346,0.0 -98.92186661659005,39.73260263369278,0.0 -98.9383038161973,39.779713173782135,0.0 -98.94383894341291,39.8283,0.0 -98.9383038161973,39.87688682621786,0.0 -98.92186661659005,39.92399736630722,0.0 -98.89502678058356,39.968200190346536,0.0 -98.8585998230133,40.00815221789509,0.0 -98.8136925585521,40.04263952681251,0.0 -98.76166947170645,40.070614237668764,0.0 -98.70411125764521,40.09122635303037,0.0 -98.64276679357674,40.10384958420231,0.0								 -98.5795,40.108100380693074,0.0								</coordinates>
							</LinearRing>
						</outerBoundaryIs>
					</Polygon>
				</Placemark>
				<Placemark>
					<name></name>
					<description></description>
					<styleUrl>KmlStyle [strokeColor=null, strokeWidth=null, fillColor=java.awt.Color[r=222,g=36,b=250]]</styleUrl>
					<Polygon>
						<tessellate>1</tessellate>
						<outerBoundaryIs>
							<LinearRing>
								<coordinates>104.1954,36.141500380693074,0.0 104.25535165626957,36.13724958420231,0.0 104.31348171180038,36.12462635303037,0.0 104.36802391427037,36.104014237668764,0.0 104.41732102645716,36.07603952681251,0.0 104.45987518055252,36.04155221789509,0.0 104.49439339011768,36.00160019034654,0.0 104.51982683682208,35.95739736630722,0.0 104.53540273825753,35.91028682621786,0.0 104.54064782854071,35.8617,0.0 104.53540273825753,35.813113173782135,0.0 104.51982683682208,35.76600263369278,0.0 104.49439339011768,35.72179980965346,0.0 104.45987518055252,35.68184778210491,0.0 104.41732102645716,35.64736047318749,0.0 104.36802391427037,35.619385762331234,0.0 104.31348171180038,35.598773646969626,0.0 104.25535165626957,35.58615041579769,0.0 104.1954,35.581899619306924,0.0 104.13544834373045,35.58615041579769,0.0 104.07731828819963,35.598773646969626,0.0 104.02277608572965,35.619385762331234,0.0 103.97347897354285,35.64736047318749,0.0 103.9309248194475,35.68184778210491,0.0 103.89640660988233,35.72179980965346,0.0 103.87097316317794,35.76600263369278,0.0 103.85539726174248,35.813113173782135,0.0 103.8501521714593,35.8617,0.0 103.85539726174248,35.91028682621786,0.0 103.87097316317794,35.95739736630722,0.0 103.89640660988233,36.00160019034654,0.0 103.9309248194475,36.04155221789509,0.0 103.97347897354285,36.07603952681251,0.0 104.02277608572965,36.104014237668764,0.0 104.07731828819963,36.12462635303037,0.0 104.13544834373045,36.13724958420231,0.0								 104.1954,36.141500380693074,0.0								</coordinates>
							</LinearRing>
						</outerBoundaryIs>
					</Polygon>
				</Placemark>
				<Placemark>
					<name></name>
					<description></description>
					<styleUrl>KmlStyle [strokeColor=null, strokeWidth=null, fillColor=java.awt.Color[r=222,g=36,b=250]]</styleUrl>
					<Polygon>
						<tessellate>1</tessellate>
						<outerBoundaryIs>
							<LinearRing>
								<coordinates>104.1954,36.141500380693074,0.0 104.25535165626957,36.13724958420231,0.0 104.31348171180038,36.12462635303037,0.0 104.36802391427037,36.104014237668764,0.0 104.41732102645716,36.07603952681251,0.0 104.45987518055252,36.04155221789509,0.0 104.49439339011768,36.00160019034654,0.0 104.51982683682208,35.95739736630722,0.0 104.53540273825753,35.91028682621786,0.0 104.54064782854071,35.8617,0.0 104.53540273825753,35.813113173782135,0.0 104.51982683682208,35.76600263369278,0.0 104.49439339011768,35.72179980965346,0.0 104.45987518055252,35.68184778210491,0.0 104.41732102645716,35.64736047318749,0.0 104.36802391427037,35.619385762331234,0.0 104.31348171180038,35.598773646969626,0.0 104.25535165626957,35.58615041579769,0.0 104.1954,35.581899619306924,0.0 104.13544834373045,35.58615041579769,0.0 104.07731828819963,35.598773646969626,0.0 104.02277608572965,35.619385762331234,0.0 103.97347897354285,35.64736047318749,0.0 103.9309248194475,35.68184778210491,0.0 103.89640660988233,35.72179980965346,0.0 103.87097316317794,35.76600263369278,0.0 103.85539726174248,35.813113173782135,0.0 103.8501521714593,35.8617,0.0 103.85539726174248,35.91028682621786,0.0 103.87097316317794,35.95739736630722,0.0 103.89640660988233,36.00160019034654,0.0 103.9309248194475,36.04155221789509,0.0 103.97347897354285,36.07603952681251,0.0 104.02277608572965,36.104014237668764,0.0 104.07731828819963,36.12462635303037,0.0 104.13544834373045,36.13724958420231,0.0								 104.1954,36.141500380693074,0.0								</coordinates>
							</LinearRing>
						</outerBoundaryIs>
					</Polygon>
				</Placemark>
				<Placemark>
					<name></name>
					<description></description>
					<styleUrl>KmlStyle [strokeColor=null, strokeWidth=null, fillColor=java.awt.Color[r=222,g=36,b=250]]</styleUrl>
					<Polygon>
						<tessellate>1</tessellate>
						<outerBoundaryIs>
							<LinearRing>
								<coordinates>120.9605,23.97760038069308,0.0 121.01356103763511,23.97334958420231,0.0 121.06500984249186,23.960726353030374,0.0 121.11328316866901,23.940114237668762,0.0 121.15691425557819,23.912139526812506,0.0 121.19457739472203,23.87765221789509,0.0 121.22512821067612,23.83770019034654,0.0 121.24763843235714,23.793497366307225,0.0 121.26142409807005,23.74638682621787,0.0 121.26606633733805,23.6978,0.0 121.26142409807005,23.649213173782133,0.0 121.24763843235714,23.602102633692777,0.0 121.22512821067612,23.557899809653463,0.0 121.19457739472203,23.517947782104912,0.0 121.15691425557819,23.483460473187495,0.0 121.11328316866901,23.45548576233124,0.0 121.06500984249186,23.434873646969628,0.0 121.01356103763511,23.42225041579769,0.0 120.9605,23.417999619306922,0.0 120.90743896236488,23.42225041579769,0.0 120.85599015750813,23.434873646969628,0.0 120.80771683133098,23.45548576233124,0.0 120.7640857444218,23.483460473187495,0.0 120.72642260527796,23.517947782104912,0.0 120.69587178932387,23.557899809653463,0.0 120.67336156764286,23.602102633692777,0.0 120.65957590192994,23.649213173782133,0.0 120.65493366266195,23.6978,0.0 120.65957590192994,23.74638682621787,0.0 120.67336156764286,23.793497366307225,0.0 120.69587178932387,23.83770019034654,0.0 120.72642260527796,23.87765221789509,0.0 120.7640857444218,23.912139526812506,0.0 120.80771683133098,23.940114237668762,0.0 120.85599015750813,23.960726353030374,0.0 120.90743896236488,23.97334958420231,0.0								 120.9605,23.97760038069308,0.0								</coordinates>
							</LinearRing>
						</outerBoundaryIs>
					</Polygon>
				</Placemark>
				<Placemark>
					<name></name>
					<description></description>
					<styleUrl>KmlStyle [strokeColor=null, strokeWidth=null, fillColor=java.awt.Color[r=222,g=36,b=250]]</styleUrl>
					<Polygon>
						<tessellate>1</tessellate>
						<outerBoundaryIs>
							<LinearRing>
								<coordinates>-98.5795,40.108100380693074,0.0 -98.51623320642325,40.10384958420231,0.0 -98.45488874235478,40.09122635303037,0.0 -98.39733052829354,40.070614237668764,0.0 -98.34530744144789,40.04263952681251,0.0 -98.3004001769867,40.00815221789509,0.0 -98.26397321941643,39.968200190346536,0.0 -98.23713338340994,39.92399736630722,0.0 -98.22069618380269,39.87688682621786,0.0 -98.21516105658708,39.8283,0.0 -98.22069618380269,39.779713173782135,0.0 -98.23713338340994,39.73260263369278,0.0 -98.26397321941643,39.68839980965346,0.0 -98.3004001769867,39.64844778210491,0.0 -98.34530744144789,39.61396047318749,0.0 -98.39733052829354,39.585985762331234,0.0 -98.45488874235478,39.565373646969626,0.0 -98.51623320642325,39.55275041579769,0.0 -98.5795,39.548499619306924,0.0 -98.64276679357674,39.55275041579769,0.0 -98.70411125764521,39.565373646969626,0.0 -98.76166947170645,39.585985762331234,0.0 -98.8136925585521,39.61396047318749,0.0 -98.8585998230133,39.64844778210491,0.0 -98.89502678058356,39.68839980965346,0.0 -98.92186661659005,39.73260263369278,0.0 -98.9383038161973,39.779713173782135,0.0 -98.94383894341291,39.8283,0.0 -98.9383038161973,39.87688682621786,0.0 -98.92186661659005,39.92399736630722,0.0 -98.89502678058356,39.968200190346536,0.0 -98.8585998230133,40.00815221789509,0.0 -98.8136925585521,40.04263952681251,0.0 -98.76166947170645,40.070614237668764,0.0 -98.70411125764521,40.09122635303037,0.0 -98.64276679357674,40.10384958420231,0.0								 -98.5795,40.108100380693074,0.0								</coordinates>
							</LinearRing>
						</outerBoundaryIs>
					</Polygon>
				</Placemark>
				<Placemark>
					<name></name>
					<description></description>
					<styleUrl>KmlStyle [strokeColor=null, strokeWidth=null, fillColor=java.awt.Color[r=222,g=36,b=250]]</styleUrl>
					<Polygon>
						<tessellate>1</tessellate>
						<outerBoundaryIs>
							<LinearRing>
								<coordinates>-106.3468,56.41020038069308,0.0 -106.2596181922188,56.40594958420231,0.0 -106.1750853595509,56.393326353030375,0.0 -106.09576998934126,56.37271423766877,0.0 -106.02408203897816,56.34473952681251,0.0 -105.96219971055754,56.31025221789509,0.0 -105.9120032673145,56.27030019034654,0.0 -105.87501790277634,56.22609736630722,0.0 -105.85236739852907,56.178986826217866,0.0 -105.84473997868251,56.1304,0.0 -105.85236739852907,56.08181317378214,0.0 -105.87501790277634,56.03470263369278,0.0 -105.9120032673145,55.990499809653464,0.0 -105.96219971055754,55.95054778210491,0.0 -106.02408203897816,55.91606047318749,0.0 -106.09576998934126,55.88808576233124,0.0 -106.1750853595509,55.86747364696963,0.0 -106.2596181922188,55.85485041579769,0.0 -106.3468,55.85059961930693,0.0 -106.43398180778121,55.85485041579769,0.0 -106.5185146404491,55.86747364696963,0.0 -106.59783001065874,55.88808576233124,0.0 -106.66951796102184,55.91606047318749,0.0 -106.73140028944246,55.95054778210491,0.0 -106.7815967326855,55.990499809653464,0.0 -106.81858209722367,56.03470263369278,0.0 -106.84123260147094,56.08181317378214,0.0 -106.84886002131749,56.1304,0.0 -106.84123260147094,56.178986826217866,0.0 -106.81858209722367,56.22609736630722,0.0 -106.7815967326855,56.27030019034654,0.0 -106.73140028944246,56.31025221789509,0.0 -106.66951796102184,56.34473952681251,0.0 -106.59783001065874,56.37271423766877,0.0 -106.5185146404491,56.393326353030375,0.0 -106.43398180778121,56.40594958420231,0.0								 -106.3468,56.41020038069308,0.0								</coordinates>
							</LinearRing>
						</outerBoundaryIs>
					</Polygon>
				</Placemark>
				<Placemark>
					<name></name>
					<description></description>
					<styleUrl>KmlStyle [strokeColor=null, strokeWidth=null, fillColor=java.awt.Color[r=222,g=36,b=250]]</styleUrl>
					<Polygon>
						<tessellate>1</tessellate>
						<outerBoundaryIs>
							<LinearRing>
								<coordinates>5.2913,52.41240038069307,0.0 5.370452763848,52.408149584202306,0.0 5.447200511019711,52.39552635303037,0.0 5.519211300053552,52.37491423766876,0.0 5.584297119563949,52.346939526812506,0.0 5.640480369860091,52.312452217895085,0.0 5.686053951311828,52.272500190346534,0.0 5.719633133708092,52.22829736630722,0.0 5.74019763058366,52.18118682621786,0.0 5.7471226001071045,52.1326,0.0 5.74019763058366,52.08401317378213,0.0 5.719633133708093,52.036902633692776,0.0 5.686053951311828,51.99269980965346,0.0 5.640480369860091,51.95274778210491,0.0 5.584297119563949,51.91826047318749,0.0 5.519211300053552,51.89028576233123,0.0 5.447200511019711,51.86967364696962,0.0 5.370452763848,51.85705041579769,0.0 5.2913,51.85279961930692,0.0 5.212147236151999,51.85705041579769,0.0 5.135399488980289,51.86967364696962,0.0 5.063388699946447,51.89028576233123,0.0 4.99830288043605,51.91826047318749,0.0 4.942119630139908,51.95274778210491,0.0 4.896546048688172,51.99269980965346,0.0 4.862966866291908,52.036902633692776,0.0 4.842402369416339,52.08401317378213,0.0 4.835477399892895,52.1326,0.0 4.842402369416339,52.18118682621786,0.0 4.862966866291908,52.22829736630722,0.0 4.896546048688172,52.272500190346534,0.0 4.942119630139908,52.312452217895085,0.0 4.99830288043605,52.346939526812506,0.0 5.063388699946447,52.37491423766876,0.0 5.135399488980289,52.39552635303037,0.0 5.212147236151999,52.408149584202306,0.0								 5.2913,52.41240038069307,0.0								</coordinates>
							</LinearRing>
						</outerBoundaryIs>
					</Polygon>
				</Placemark>
				<Placemark>
					<name></name>
					<description></description>
					<styleUrl>KmlStyle [strokeColor=null, strokeWidth=null, fillColor=java.awt.Color[r=222,g=36,b=250]]</styleUrl>
					<Polygon>
						<tessellate>1</tessellate>
						<outerBoundaryIs>
							<LinearRing>
								<coordinates>-3.436,55.65790038069308,0.0 -3.3504836504679583,55.65364958420231,0.0 -3.2675656719430872,55.64102635303038,0.0 -3.1897654852443424,55.62041423766877,0.0 -3.119447009675772,55.59243952681251,0.0 -3.0587468365346613,55.55795221789509,0.0 -3.0095093098661327,55.51800019034654,0.0 -2.9732304870026196,55.473797366307224,0.0 -2.951012681618859,55.42668682621787,0.0 -2.943530970488685,55.3781,0.0 -2.951012681618859,55.32951317378214,0.0 -2.9732304870026196,55.28240263369278,0.0 -3.0095093098661327,55.238199809653466,0.0 -3.0587468365346613,55.198247782104914,0.0 -3.119447009675772,55.163760473187494,0.0 -3.1897654852443424,55.13578576233124,0.0 -3.267565671943087,55.11517364696963,0.0 -3.3504836504679583,55.102550415797694,0.0 -3.436,55.09829961930693,0.0 -3.5215163495320416,55.102550415797694,0.0 -3.6044343280569127,55.11517364696963,0.0 -3.6822345147556574,55.13578576233124,0.0 -3.752552990324228,55.163760473187494,0.0 -3.8132531634653386,55.198247782104914,0.0 -3.862490690133867,55.238199809653466,0.0 -3.8987695129973803,55.28240263369278,0.0 -3.920987318381141,55.32951317378214,0.0 -3.928469029511315,55.3781,0.0 -3.920987318381141,55.42668682621787,0.0 -3.8987695129973803,55.473797366307224,0.0 -3.862490690133867,55.51800019034654,0.0 -3.813253163465339,55.55795221789509,0.0 -3.752552990324228,55.59243952681251,0.0 -3.682234514755658,55.62041423766877,0.0 -3.604434328056913,55.64102635303038,0.0 -3.5215163495320416,55.65364958420231,0.0								 -3.436,55.65790038069308,0.0								</coordinates>
							</LinearRing>
						</outerBoundaryIs>
					</Polygon>
				</Placemark>
				<Placemark>
					<name></name>
					<description></description>
					<styleUrl>KmlStyle [strokeColor=null, strokeWidth=null, fillColor=java.awt.Color[r=222,g=36,b=250]]</styleUrl>
					<Polygon>
						<tessellate>1</tessellate>
						<outerBoundaryIs>
							<LinearRing>
								<coordinates>104.1954,36.141500380693074,0.0 104.25535165626957,36.13724958420231,0.0 104.31348171180038,36.12462635303037,0.0 104.36802391427037,36.104014237668764,0.0 104.41732102645716,36.07603952681251,0.0 104.45987518055252,36.04155221789509,0.0 104.49439339011768,36.00160019034654,0.0 104.51982683682208,35.95739736630722,0.0 104.53540273825753,35.91028682621786,0.0 104.54064782854071,35.8617,0.0 104.53540273825753,35.813113173782135,0.0 104.51982683682208,35.76600263369278,0.0 104.49439339011768,35.72179980965346,0.0 104.45987518055252,35.68184778210491,0.0 104.41732102645716,35.64736047318749,0.0 104.36802391427037,35.619385762331234,0.0 104.31348171180038,35.598773646969626,0.0 104.25535165626957,35.58615041579769,0.0 104.1954,35.581899619306924,0.0 104.13544834373045,35.58615041579769,0.0 104.07731828819963,35.598773646969626,0.0 104.02277608572965,35.619385762331234,0.0 103.97347897354285,35.64736047318749,0.0 103.9309248194475,35.68184778210491,0.0 103.89640660988233,35.72179980965346,0.0 103.87097316317794,35.76600263369278,0.0 103.85539726174248,35.813113173782135,0.0 103.8501521714593,35.8617,0.0 103.85539726174248,35.91028682621786,0.0 103.87097316317794,35.95739736630722,0.0 103.89640660988233,36.00160019034654,0.0 103.9309248194475,36.04155221789509,0.0 103.97347897354285,36.07603952681251,0.0 104.02277608572965,36.104014237668764,0.0 104.07731828819963,36.12462635303037,0.0 104.13544834373045,36.13724958420231,0.0								 104.1954,36.141500380693074,0.0								</coordinates>
							</LinearRing>
						</outerBoundaryIs>
					</Polygon>
				</Placemark>
			</Folder>
			<Folder>
				<name>lines</name>
				<Folder>
					<name>China to USA</name>
					<description></description>
					<Placemark>
						<TimeSpan>
							<begin>2007-02-23</begin>
						</TimeSpan>
						<styleUrl>KmlStyle [strokeColor=java.awt.Color[r=178,g=195,b=250], strokeWidth=2.0, fillColor=null]</styleUrl>
						<LineString>
							<tessellate>1</tessellate>
							<altitudeMode>relativeToGround</altitudeMode>
							<coordinates>104.1954,35.8617,0.0 112.25117738168471,35.816761112860675,20722.899999999998							</coordinates>
						</LineString>
					</Placemark>
					<Placemark>
						<TimeSpan>
							<begin>2007-05-21</begin>
						</TimeSpan>
						<styleUrl>KmlStyle [strokeColor=java.awt.Color[r=178,g=195,b=250], strokeWidth=2.0, fillColor=null]</styleUrl>
						<LineString>
							<tessellate>1</tessellate>
							<altitudeMode>relativeToGround</altitudeMode>
							<coordinates>112.25117738168471,35.816761112860675,20722.899999999998 120.29810606119493,35.785450638553634,39264.44210526316							</coordinates>
						</LineString>
					</Placemark>
					<Placemark>
						<TimeSpan>
							<begin>2007-08-16</begin>
						</TimeSpan>
						<styleUrl>KmlStyle [strokeColor=java.awt.Color[r=178,g=195,b=250], strokeWidth=2.0, fillColor=null]</styleUrl>
						<LineString>
							<tessellate>1</tessellate>
							<altitudeMode>relativeToGround</altitudeMode>
							<coordinates>120.29810606119493,35.785450638553634,39264.44210526316 128.3350136813566,35.7683910203545,55624.62631578947							</coordinates>
						</LineString>
					</Placemark>
					<Placemark>
						<TimeSpan>
							<begin>2007-11-12</begin>
						</TimeSpan>
						<styleUrl>KmlStyle [strokeColor=java.awt.Color[r=178,g=195,b=250], strokeWidth=2.0, fillColor=null]</styleUrl>
						<LineString>
							<tessellate>1</tessellate>
							<altitudeMode>relativeToGround</altitudeMode>
							<coordinates>128.3350136813566,35.7683910203545,55624.62631578947 136.36066688879578,35.76628464959765,69803.45263157894							</coordinates>
						</LineString>
					</Placemark>
					<Placemark>
						<TimeSpan>
							<begin>2008-02-07</begin>
						</TimeSpan>
						<styleUrl>KmlStyle [strokeColor=java.awt.Color[r=178,g=195,b=250], strokeWidth=2.0, fillColor=null]</styleUrl>
						<LineString>
							<tessellate>1</tessellate>
							<altitudeMode>relativeToGround</altitudeMode>
							<coordinates>136.36066688879578,35.76628464959765,69803.45263157894 144.37375860203267,35.77992911834479,81800.92105263159							</coordinates>
						</LineString>
					</Placemark>
					<Placemark>
						<TimeSpan>
							<begin>2008-05-05</begin>
						</TimeSpan>
						<styleUrl>KmlStyle [strokeColor=java.awt.Color[r=178,g=195,b=250], strokeWidth=2.0, fillColor=null]</styleUrl>
						<LineString>
							<tessellate>1</tessellate>
							<altitudeMode>relativeToGround</altitudeMode>
							<coordinates>144.37375860203267,35.77992911834479,81800.92105263159 152.37289271050648,35.810236539281675,91617.03157894737							</coordinates>
						</LineString>
					</Placemark>
					<Placemark>
						<TimeSpan>
							<begin>2008-07-31</begin>
						</TimeSpan>
						<styleUrl>KmlStyle [strokeColor=java.awt.Color[r=178,g=195,b=250], strokeWidth=2.0, fillColor=null]</styleUrl>
						<LineString>
							<tessellate>1</tessellate>
							<altitudeMode>relativeToGround</altitudeMode>
							<coordinates>152.37289271050648,35.810236539281675,91617.03157894737 160.35656543384917,35.8582583865401,99251.7842105263							</coordinates>
						</LineString>
					</Placemark>
					<Placemark>
						<TimeSpan>
							<begin>2008-10-27</begin>
						</TimeSpan>
						<styleUrl>KmlStyle [strokeColor=java.awt.Color[r=178,g=195,b=250], strokeWidth=2.0, fillColor=null]</styleUrl>
						<LineString>
							<tessellate>1</tessellate>
							<altitudeMode>relativeToGround</altitudeMode>
							<coordinates>160.35656543384917,35.8582583865401,99251.7842105263 168.32314226202465,35.925217982139664,104705.17894736842							</coordinates>
						</LineString>
					</Placemark>
					<Placemark>
						<TimeSpan>
							<begin>2009-01-22</begin>
						</TimeSpan>
						<styleUrl>KmlStyle [strokeColor=java.awt.Color[r=178,g=195,b=250], strokeWidth=2.0, fillColor=null]</styleUrl>
						<LineString>
							<tessellate>1</tessellate>
							<altitudeMode>relativeToGround</altitudeMode>
							<coordinates>168.32314226202465,35.925217982139664,104705.17894736842 176.27082892732454,36.01255381513088,107977.21578947369							</coordinates>
						</LineString>
					</Placemark>
					<Placemark>
						<TimeSpan>
							<begin>2009-04-20</begin>
						</TimeSpan>
						<styleUrl>KmlStyle [strokeColor=java.awt.Color[r=178,g=195,b=250], strokeWidth=2.0, fillColor=null]</styleUrl>
						<LineString>
							<tessellate>1</tessellate>
							<altitudeMode>relativeToGround</altitudeMode>
							<coordinates>176.27082892732454,36.01255381513088,107977.21578947369 -175.80236587836612,36.121978618902574,109067.89473684212							</coordinates>
						</LineString>
					</Placemark>
					<Placemark>
						<TimeSpan>
							<begin>2009-07-16</begin>
						</TimeSpan>
						<styleUrl>KmlStyle [strokeColor=java.awt.Color[r=178,g=195,b=250], strokeWidth=2.0, fillColor=null]</styleUrl>
						<LineString>
							<tessellate>1</tessellate>
							<altitudeMode>relativeToGround</altitudeMode>
							<coordinates>-175.80236587836612,36.121978618902574,109067.89473684212 -167.89867952980939,36.255562087188665,107977.21578947367							</coordinates>
						</LineString>
					</Placemark>
					<Placemark>
						<TimeSpan>
							<begin>2009-10-12</begin>
						</TimeSpan>
						<styleUrl>KmlStyle [strokeColor=java.awt.Color[r=178,g=195,b=250], strokeWidth=2.0, fillColor=null]</styleUrl>
						<LineString>
							<tessellate>1</tessellate>
							<altitudeMode>relativeToGround</altitudeMode>
							<coordinates>-167.89867952980939,36.255562087188665,107977.21578947367 -160.02066177394576,36.41585036233867,104705.17894736843							</coordinates>
						</LineString>
					</Placemark>
					<Placemark>
						<TimeSpan>
							<begin>2010-01-07</begin>
						</TimeSpan>
						<styleUrl>KmlStyle [strokeColor=java.awt.Color[r=178,g=195,b=250], strokeWidth=2.0, fillColor=null]</styleUrl>
						<LineString>
							<tessellate>1</tessellate>
							<altitudeMode>relativeToGround</altitudeMode>
							<coordinates>-160.02066177394576,36.41585036233867,104705.17894736843 -152.1712675230634,36.60604527776087,99251.7842105263							</coordinates>
						</LineString>
					</Placemark>
					<Placemark>
						<TimeSpan>
							<begin>2010-04-05</begin>
						</TimeSpan>
						<styleUrl>KmlStyle [strokeColor=java.awt.Color[r=178,g=195,b=250], strokeWidth=2.0, fillColor=null]</styleUrl>
						<LineString>
							<tessellate>1</tessellate>
							<altitudeMode>relativeToGround</altitudeMode>
							<coordinates>-152.1712675230634,36.60604527776087,99251.7842105263 -144.35399236610172,36.83028603030052,91617.03157894735							</coordinates>
						</LineString>
					</Placemark>
					<Placemark>
						<TimeSpan>
							<begin>2010-07-01</begin>
						</TimeSpan>
						<styleUrl>KmlStyle [strokeColor=java.awt.Color[r=178,g=195,b=250], strokeWidth=2.0, fillColor=null]</styleUrl>
						<LineString>
							<tessellate>1</tessellate>
							<altitudeMode>relativeToGround</altitudeMode>
							<coordinates>-144.35399236610172,36.83028603030052,91617.03157894735 -136.5730815637292,37.094118620405,81800.92105263157							</coordinates>
						</LineString>
					</Placemark>
					<Placemark>
						<TimeSpan>
							<begin>2010-09-27</begin>
						</TimeSpan>
						<styleUrl>KmlStyle [strokeColor=java.awt.Color[r=178,g=195,b=250], strokeWidth=2.0, fillColor=null]</styleUrl>
						<LineString>
							<tessellate>1</tessellate>
							<altitudeMode>relativeToGround</altitudeMode>
							<coordinates>-136.5730815637292,37.094118620405,81800.92105263157 -128.8338766023629,37.405340762584075,69803.45263157896							</coordinates>
						</LineString>
					</Placemark>
					<Placemark>
						<TimeSpan>
							<begin>2010-12-23</begin>
						</TimeSpan>
						<styleUrl>KmlStyle [strokeColor=java.awt.Color[r=178,g=195,b=250], strokeWidth=2.0, fillColor=null]</styleUrl>
						<LineString>
							<tessellate>1</tessellate>
							<altitudeMode>relativeToGround</altitudeMode>
							<coordinates>-128.8338766023629,37.405340762584075,69803.45263157896 -121.14345083110646,37.77569138592939,55624.62631578947							</coordinates>
						</LineString>
					</Placemark>
					<Placemark>
						<TimeSpan>
							<begin>2011-03-21</begin>
						</TimeSpan>
						<styleUrl>KmlStyle [strokeColor=java.awt.Color[r=178,g=195,b=250], strokeWidth=2.0, fillColor=null]</styleUrl>
						<LineString>
							<tessellate>1</tessellate>
							<altitudeMode>relativeToGround</altitudeMode>
							<coordinates>-121.14345083110646,37.77569138592939,55624.62631578947 -113.51196405297674,38.22479153725991,39264.44210526318							</coordinates>
						</LineString>
					</Placemark>
					<Placemark>
						<TimeSpan>
							<begin>2011-06-16</begin>
						</TimeSpan>
						<styleUrl>KmlStyle [strokeColor=java.awt.Color[r=178,g=195,b=250], strokeWidth=2.0, fillColor=null]</styleUrl>
						<LineString>
							<tessellate>1</tessellate>
							<altitudeMode>relativeToGround</altitudeMode>
							<coordinates>-113.51196405297674,38.22479153725991,39264.44210526318 -105.95636297178973,38.7919610059913,20722.900000000023							</coordinates>
						</LineString>
					</Placemark>
					<Placemark>
						<TimeSpan>
							<begin>2011-09-11</begin>
						</TimeSpan>
						<styleUrl>KmlStyle [strokeColor=java.awt.Color[r=178,g=195,b=250], strokeWidth=2.0, fillColor=null]</styleUrl>
						<LineString>
							<tessellate>1</tessellate>
							<altitudeMode>relativeToGround</altitudeMode>
							<coordinates>-105.95636297178973,38.7919610059913,20722.900000000023 -98.5795,39.8283,5.820766091346741E-11							</coordinates>
						</LineString>
					</Placemark>
				</Folder>
				<Folder>
					<name>USA to China</name>
					<description></description>
					<Placemark>
						<TimeSpan>
							<begin>1961-04-04</begin>
						</TimeSpan>
						<styleUrl>KmlStyle [strokeColor=java.awt.Color[r=178,g=195,b=250], strokeWidth=2.0, fillColor=null]</styleUrl>
						<LineString>
							<tessellate>1</tessellate>
							<altitudeMode>relativeToGround</altitudeMode>
							<coordinates>-98.5795,39.8283,0.0 -106.21827940785494,39.35176481001136,20722.899999999998							</coordinates>
						</LineString>
					</Placemark>
					<Placemark>
						<TimeSpan>
							<begin>1963-04-24</begin>
						</TimeSpan>
						<styleUrl>KmlStyle [strokeColor=java.awt.Color[r=178,g=195,b=250], strokeWidth=2.0, fillColor=null]</styleUrl>
						<LineString>
							<tessellate>1</tessellate>
							<altitudeMode>relativeToGround</altitudeMode>
							<coordinates>-106.21827940785494,39.35176481001136,20722.899999999998 -113.90027199104044,38.89179739286552,39264.44210526316							</coordinates>
						</LineString>
					</Placemark>
					<Placemark>
						<TimeSpan>
							<begin>1965-05-13</begin>
						</TimeSpan>
						<styleUrl>KmlStyle [strokeColor=java.awt.Color[r=178,g=195,b=250], strokeWidth=2.0, fillColor=null]</styleUrl>
						<LineString>
							<tessellate>1</tessellate>
							<altitudeMode>relativeToGround</altitudeMode>
							<coordinates>-113.90027199104044,38.89179739286552,39264.44210526316 -121.62232274410658,38.44910470207758,55624.62631578947							</coordinates>
						</LineString>
					</Placemark>
					<Placemark>
						<TimeSpan>
							<begin>1967-06-03</begin>
						</TimeSpan>
						<styleUrl>KmlStyle [strokeColor=java.awt.Color[r=178,g=195,b=250], strokeWidth=2.0, fillColor=null]</styleUrl>
						<LineString>
							<tessellate>1</tessellate>
							<altitudeMode>relativeToGround</altitudeMode>
							<coordinates>-121.62232274410658,38.44910470207758,55624.62631578947 -129.38132349906715,38.024469079669004,69803.45263157894							</coordinates>
						</LineString>
					</Placemark>
					<Placemark>
						<TimeSpan>
							<begin>1969-06-22</begin>
						</TimeSpan>
						<styleUrl>KmlStyle [strokeColor=java.awt.Color[r=178,g=195,b=250], strokeWidth=2.0, fillColor=null]</styleUrl>
						<LineString>
							<tessellate>1</tessellate>
							<altitudeMode>relativeToGround</altitudeMode>
							<coordinates>-129.38132349906715,38.024469079669004,69803.45263157894 -137.17420600742327,37.618764108748344,81800.92105263159							</coordinates>
						</LineString>
					</Placemark>
					<Placemark>
						<TimeSpan>
							<begin>1971-07-12</begin>
						</TimeSpan>
						<styleUrl>KmlStyle [strokeColor=java.awt.Color[r=178,g=195,b=250], strokeWidth=2.0, fillColor=null]</styleUrl>
						<LineString>
							<tessellate>1</tessellate>
							<altitudeMode>relativeToGround</altitudeMode>
							<coordinates>-137.17420600742327,37.618764108748344,81800.92105263159 -144.99793282701273,37.23297472730465,91617.03157894737							</coordinates>
						</LineString>
					</Placemark>
					<Placemark>
						<TimeSpan>
							<begin>1973-08-01</begin>
						</TimeSpan>
						<styleUrl>KmlStyle [strokeColor=java.awt.Color[r=178,g=195,b=250], strokeWidth=2.0, fillColor=null]</styleUrl>
						<LineString>
							<tessellate>1</tessellate>
							<altitudeMode>relativeToGround</altitudeMode>
							<coordinates>-144.99793282701273,37.23297472730465,91617.03157894737 -152.8494854774616,36.868223129009785,99251.7842105263							</coordinates>
						</LineString>
					</Placemark>
					<Placemark>
						<TimeSpan>
							<begin>1975-08-21</begin>
						</TimeSpan>
						<styleUrl>KmlStyle [strokeColor=java.awt.Color[r=178,g=195,b=250], strokeWidth=2.0, fillColor=null]</styleUrl>
						<LineString>
							<tessellate>1</tessellate>
							<altitudeMode>relativeToGround</altitudeMode>
							<coordinates>-152.8494854774616,36.868223129009785,99251.7842105263 -160.72584909828572,36.52580268428883,104705.17894736842							</coordinates>
						</LineString>
					</Placemark>
					<Placemark>
						<TimeSpan>
							<begin>1977-09-09</begin>
						</TimeSpan>
						<styleUrl>KmlStyle [strokeColor=java.awt.Color[r=178,g=195,b=250], strokeWidth=2.0, fillColor=null]</styleUrl>
						<LineString>
							<tessellate>1</tessellate>
							<altitudeMode>relativeToGround</altitudeMode>
							<coordinates>-160.72584909828572,36.52580268428883,104705.17894736842 -168.62399249431752,36.20722323602794,107977.21578947369							</coordinates>
						</LineString>
					</Placemark>
					<Placemark>
						<TimeSpan>
							<begin>1979-09-30</begin>
						</TimeSpan>
						<styleUrl>KmlStyle [strokeColor=java.awt.Color[r=178,g=195,b=250], strokeWidth=2.0, fillColor=null]</styleUrl>
						<LineString>
							<tessellate>1</tessellate>
							<altitudeMode>relativeToGround</altitudeMode>
							<coordinates>-168.62399249431752,36.20722323602794,107977.21578947369 -176.540841905098,35.91427296037575,109067.89473684212							</coordinates>
						</LineString>
					</Placemark>
					<Placemark>
						<TimeSpan>
							<begin>1981-10-19</begin>
						</TimeSpan>
						<styleUrl>KmlStyle [strokeColor=java.awt.Color[r=178,g=195,b=250], strokeWidth=2.0, fillColor=null]</styleUrl>
						<LineString>
							<tessellate>1</tessellate>
							<altitudeMode>relativeToGround</altitudeMode>
							<coordinates>-176.540841905098,35.91427296037575,109067.89473684212 175.5267540564076,35.6491051070026,107977.21578947367							</coordinates>
						</LineString>
					</Placemark>
					<Placemark>
						<TimeSpan>
							<begin>1983-11-09</begin>
						</TimeSpan>
						<styleUrl>KmlStyle [strokeColor=java.awt.Color[r=178,g=195,b=250], strokeWidth=2.0, fillColor=null]</styleUrl>
						<LineString>
							<tessellate>1</tessellate>
							<altitudeMode>relativeToGround</altitudeMode>
							<coordinates>175.5267540564076,35.6491051070026,107977.21578947367 167.58207236327442,35.414363491236145,104705.17894736843							</coordinates>
						</LineString>
					</Placemark>
					<Placemark>
						<TimeSpan>
							<begin>1985-11-28</begin>
						</TimeSpan>
						<styleUrl>KmlStyle [strokeColor=java.awt.Color[r=178,g=195,b=250], strokeWidth=2.0, fillColor=null]</styleUrl>
						<LineString>
							<tessellate>1</tessellate>
							<altitudeMode>relativeToGround</altitudeMode>
							<coordinates>167.58207236327442,35.414363491236145,104705.17894736843 159.62858320244868,35.21337103990528,99251.7842105263							</coordinates>
						</LineString>
					</Placemark>
					<Placemark>
						<TimeSpan>
							<begin>1987-12-18</begin>
						</TimeSpan>
						<styleUrl>KmlStyle [strokeColor=java.awt.Color[r=178,g=195,b=250], strokeWidth=2.0, fillColor=null]</styleUrl>
						<LineString>
							<tessellate>1</tessellate>
							<altitudeMode>relativeToGround</altitudeMode>
							<coordinates>159.62858320244868,35.21337103990528,99251.7842105263 151.67004918096168,35.05042656711818,91617.03157894735							</coordinates>
						</LineString>
					</Placemark>
					<Placemark>
						<TimeSpan>
							<begin>1990-01-07</begin>
						</TimeSpan>
						<styleUrl>KmlStyle [strokeColor=java.awt.Color[r=178,g=195,b=250], strokeWidth=2.0, fillColor=null]</styleUrl>
						<LineString>
							<tessellate>1</tessellate>
							<altitudeMode>relativeToGround</altitudeMode>
							<coordinates>151.67004918096168,35.05042656711818,91617.03157894735 143.71067858694155,34.93130021625528,81800.92105263157							</coordinates>
						</LineString>
					</Placemark>
					<Placemark>
						<TimeSpan>
							<begin>1992-01-27</begin>
						</TimeSpan>
						<styleUrl>KmlStyle [strokeColor=java.awt.Color[r=178,g=195,b=250], strokeWidth=2.0, fillColor=null]</styleUrl>
						<LineString>
							<tessellate>1</tessellate>
							<altitudeMode>relativeToGround</altitudeMode>
							<coordinates>143.71067858694155,34.93130021625528,81800.92105263157 135.75537919596286,34.8641267017681,69803.45263157896							</coordinates>
						</LineString>
					</Placemark>
					<Placemark>
						<TimeSpan>
							<begin>1994-02-15</begin>
						</TimeSpan>
						<styleUrl>KmlStyle [strokeColor=java.awt.Color[r=178,g=195,b=250], strokeWidth=2.0, fillColor=null]</styleUrl>
						<LineString>
							<tessellate>1</tessellate>
							<altitudeMode>relativeToGround</altitudeMode>
							<coordinates>135.75537919596286,34.8641267017681,69803.45263157896 127.81022153298989,34.86119458934918,55624.62631578947							</coordinates>
						</LineString>
					</Placemark>
					<Placemark>
						<TimeSpan>
							<begin>1996-03-07</begin>
						</TimeSpan>
						<styleUrl>KmlStyle [strokeColor=java.awt.Color[r=178,g=195,b=250], strokeWidth=2.0, fillColor=null]</styleUrl>
						<LineString>
							<tessellate>1</tessellate>
							<altitudeMode>relativeToGround</altitudeMode>
							<coordinates>127.81022153298989,34.86119458934918,55624.62631578947 119.88341686783775,34.94312743774151,39264.44210526318							</coordinates>
						</LineString>
					</Placemark>
					<Placemark>
						<TimeSpan>
							<begin>1998-03-27</begin>
						</TimeSpan>
						<styleUrl>KmlStyle [strokeColor=java.awt.Color[r=178,g=195,b=250], strokeWidth=2.0, fillColor=null]</styleUrl>
						<LineString>
							<tessellate>1</tessellate>
							<altitudeMode>relativeToGround</altitudeMode>
							<coordinates>119.88341686783775,34.94312743774151,39264.44210526318 111.9879483771381,35.15144399279352,20722.900000000023							</coordinates>
						</LineString>
					</Placemark>
					<Placemark>
						<TimeSpan>
							<begin>2000-04-15</begin>
						</TimeSpan>
						<styleUrl>KmlStyle [strokeColor=java.awt.Color[r=178,g=195,b=250], strokeWidth=2.0, fillColor=null]</styleUrl>
						<LineString>
							<tessellate>1</tessellate>
							<altitudeMode>relativeToGround</altitudeMode>
							<coordinates>111.9879483771381,35.15144399279352,20722.900000000023 104.1954,35.8617,5.820766091346741E-11							</coordinates>
						</LineString>
					</Placemark>
				</Folder>
				<Folder>
					<name>China to United_Kingdom</name>
					<description></description>
					<Placemark>
						<TimeSpan>
							<begin>2002-07-24</begin>
						</TimeSpan>
						<styleUrl>KmlStyle [strokeColor=java.awt.Color[r=178,g=195,b=250], strokeWidth=2.0, fillColor=null]</styleUrl>
						<LineString>
							<tessellate>1</tessellate>
							<altitudeMode>relativeToGround</altitudeMode>
							<coordinates>104.1954,35.8617,0.0 98.39374008637223,36.74913874142372,20722.899999999998							</coordinates>
						</LineString>
					</Placemark>
					<Placemark>
						<TimeSpan>
							<begin>2002-09-30</begin>
						</TimeSpan>
						<styleUrl>KmlStyle [strokeColor=java.awt.Color[r=178,g=195,b=250], strokeWidth=2.0, fillColor=null]</styleUrl>
						<LineString>
							<tessellate>1</tessellate>
							<altitudeMode>relativeToGround</altitudeMode>
							<coordinates>98.39374008637223,36.74913874142372,20722.899999999998 92.60557199314006,37.640279858573734,39264.44210526316							</coordinates>
						</LineString>
					</Placemark>
					<Placemark>
						<TimeSpan>
							<begin>2002-12-08</begin>
						</TimeSpan>
						<styleUrl>KmlStyle [strokeColor=java.awt.Color[r=178,g=195,b=250], strokeWidth=2.0, fillColor=null]</styleUrl>
						<LineString>
							<tessellate>1</tessellate>
							<altitudeMode>relativeToGround</altitudeMode>
							<coordinates>92.60557199314006,37.640279858573734,39264.44210526316 86.834766434637,38.53552869979438,55624.62631578947							</coordinates>
						</LineString>
					</Placemark>
					<Placemark>
						<TimeSpan>
							<begin>2003-02-15</begin>
						</TimeSpan>
						<styleUrl>KmlStyle [strokeColor=java.awt.Color[r=178,g=195,b=250], strokeWidth=2.0, fillColor=null]</styleUrl>
						<LineString>
							<tessellate>1</tessellate>
							<altitudeMode>relativeToGround</altitudeMode>
							<coordinates>86.834766434637,38.53552869979438,55624.62631578947 81.08537672282633,39.43532510225212,69803.45263157894							</coordinates>
						</LineString>
					</Placemark>
					<Placemark>
						<TimeSpan>
							<begin>2003-04-24</begin>
						</TimeSpan>
						<styleUrl>KmlStyle [strokeColor=java.awt.Color[r=178,g=195,b=250], strokeWidth=2.0, fillColor=null]</styleUrl>
						<LineString>
							<tessellate>1</tessellate>
							<altitudeMode>relativeToGround</altitudeMode>
							<coordinates>81.08537672282633,39.43532510225212,69803.45263157894 75.36165129354121,40.34014917158736,81800.92105263159							</coordinates>
						</LineString>
					</Placemark>
					<Placemark>
						<TimeSpan>
							<begin>2003-07-02</begin>
						</TimeSpan>
						<styleUrl>KmlStyle [strokeColor=java.awt.Color[r=178,g=195,b=250], strokeWidth=2.0, fillColor=null]</styleUrl>
						<LineString>
							<tessellate>1</tessellate>
							<altitudeMode>relativeToGround</altitudeMode>
							<coordinates>75.36165129354121,40.34014917158736,81800.92105263159 69.66804815687442,41.25052858593487,91617.03157894737							</coordinates>
						</LineString>
					</Placemark>
					<Placemark>
						<TimeSpan>
							<begin>2003-09-09</begin>
						</TimeSpan>
						<styleUrl>KmlStyle [strokeColor=java.awt.Color[r=178,g=195,b=250], strokeWidth=2.0, fillColor=null]</styleUrl>
						<LineString>
							<tessellate>1</tessellate>
							<altitudeMode>relativeToGround</altitudeMode>
							<coordinates>69.66804815687442,41.25052858593487,91617.03157894737 64.00925185156095,42.16704796710809,99251.7842105263							</coordinates>
						</LineString>
					</Placemark>
					<Placemark>
						<TimeSpan>
							<begin>2003-11-16</begin>
						</TimeSpan>
						<styleUrl>KmlStyle [strokeColor=java.awt.Color[r=178,g=195,b=250], strokeWidth=2.0, fillColor=null]</styleUrl>
						<LineString>
							<tessellate>1</tessellate>
							<altitudeMode>relativeToGround</altitudeMode>
							<coordinates>64.00925185156095,42.16704796710809,99251.7842105263 58.390193737954846,43.090361111288225,104705.17894736842							</coordinates>
						</LineString>
					</Placemark>
					<Placemark>
						<TimeSpan>
							<begin>2004-01-24</begin>
						</TimeSpan>
						<styleUrl>KmlStyle [strokeColor=java.awt.Color[r=178,g=195,b=250], strokeWidth=2.0, fillColor=null]</styleUrl>
						<LineString>
							<tessellate>1</tessellate>
							<altitudeMode>relativeToGround</altitudeMode>
							<coordinates>58.390193737954846,43.090361111288225,104705.17894736842 52.816076862491045,44.02120726607731,107977.21578947369							</coordinates>
						</LineString>
					</Placemark>
					<Placemark>
						<TimeSpan>
							<begin>2004-04-02</begin>
						</TimeSpan>
						<styleUrl>KmlStyle [strokeColor=java.awt.Color[r=178,g=195,b=250], strokeWidth=2.0, fillColor=null]</styleUrl>
						<LineString>
							<tessellate>1</tessellate>
							<altitudeMode>relativeToGround</altitudeMode>
							<coordinates>52.816076862491045,44.02120726607731,107977.21578947369 47.29240726939984,44.96043328530421,109067.89473684212							</coordinates>
						</LineString>
					</Placemark>
					<Placemark>
						<TimeSpan>
							<begin>2004-06-09</begin>
						</TimeSpan>
						<styleUrl>KmlStyle [strokeColor=java.awt.Color[r=178,g=195,b=250], strokeWidth=2.0, fillColor=null]</styleUrl>
						<LineString>
							<tessellate>1</tessellate>
							<altitudeMode>relativeToGround</altitudeMode>
							<coordinates>47.29240726939984,44.96043328530421,109067.89473684212 41.82503471245315,45.90902458677683,107977.21578947367							</coordinates>
						</LineString>
					</Placemark>
					<Placemark>
						<TimeSpan>
							<begin>2004-08-17</begin>
						</TimeSpan>
						<styleUrl>KmlStyle [strokeColor=java.awt.Color[r=178,g=195,b=250], strokeWidth=2.0, fillColor=null]</styleUrl>
						<LineString>
							<tessellate>1</tessellate>
							<altitudeMode>relativeToGround</altitudeMode>
							<coordinates>41.82503471245315,45.90902458677683,107977.21578947367 36.42020760489611,46.86814977911354,104705.17894736843							</coordinates>
						</LineString>
					</Placemark>
					<Placemark>
						<TimeSpan>
							<begin>2004-10-25</begin>
						</TimeSpan>
						<styleUrl>KmlStyle [strokeColor=java.awt.Color[r=178,g=195,b=250], strokeWidth=2.0, fillColor=null]</styleUrl>
						<LineString>
							<tessellate>1</tessellate>
							<altitudeMode>relativeToGround</altitudeMode>
							<coordinates>36.42020760489611,46.86814977911354,104705.17894736843 31.084650524608442,47.83922745584973,99251.7842105263							</coordinates>
						</LineString>
					</Placemark>
					<Placemark>
						<TimeSpan>
							<begin>2005-01-01</begin>
						</TimeSpan>
						<styleUrl>KmlStyle [strokeColor=java.awt.Color[r=178,g=195,b=250], strokeWidth=2.0, fillColor=null]</styleUrl>
						<LineString>
							<tessellate>1</tessellate>
							<altitudeMode>relativeToGround</altitudeMode>
							<coordinates>31.084650524608442,47.83922745584973,99251.7842105263 25.825679436221378,48.824030903746326,91617.03157894735							</coordinates>
						</LineString>
					</Placemark>
					<Placemark>
						<TimeSpan>
							<begin>2005-03-11</begin>
						</TimeSpan>
						<styleUrl>KmlStyle [strokeColor=java.awt.Color[r=178,g=195,b=250], strokeWidth=2.0, fillColor=null]</styleUrl>
						<LineString>
							<tessellate>1</tessellate>
							<altitudeMode>relativeToGround</altitudeMode>
							<coordinates>25.825679436221378,48.824030903746326,91617.03157894735 20.651384379409908,49.82486214203642,81800.92105263157							</coordinates>
						</LineString>
					</Placemark>
					<Placemark>
						<TimeSpan>
							<begin>2005-05-19</begin>
						</TimeSpan>
						<styleUrl>KmlStyle [strokeColor=java.awt.Color[r=178,g=195,b=250], strokeWidth=2.0, fillColor=null]</styleUrl>
						<LineString>
							<tessellate>1</tessellate>
							<altitudeMode>relativeToGround</altitudeMode>
							<coordinates>20.651384379409908,49.82486214203642,81800.92105263157 15.57094381555619,50.84486422431527,69803.45263157896							</coordinates>
						</LineString>
					</Placemark>
					<Placemark>
						<TimeSpan>
							<begin>2005-07-26</begin>
						</TimeSpan>
						<styleUrl>KmlStyle [strokeColor=java.awt.Color[r=178,g=195,b=250], strokeWidth=2.0, fillColor=null]</styleUrl>
						<LineString>
							<tessellate>1</tessellate>
							<altitudeMode>relativeToGround</altitudeMode>
							<coordinates>15.57094381555619,50.84486422431527,69803.45263157896 10.595228051821987,51.888643624477595,55624.62631578947							</coordinates>
						</LineString>
					</Placemark>
					<Placemark>
						<TimeSpan>
							<begin>2005-10-03</begin>
						</TimeSpan>
						<styleUrl>KmlStyle [strokeColor=java.awt.Color[r=178,g=195,b=250], strokeWidth=2.0, fillColor=null]</styleUrl>
						<LineString>
							<tessellate>1</tessellate>
							<altitudeMode>relativeToGround</altitudeMode>
							<coordinates>10.595228051821987,51.888643624477595,55624.62631578947 5.7381552562152125,52.963716483095624,39264.44210526318							</coordinates>
						</LineString>
					</Placemark>
					<Placemark>
						<TimeSpan>
							<begin>2005-12-11</begin>
						</TimeSpan>
						<styleUrl>KmlStyle [strokeColor=java.awt.Color[r=178,g=195,b=250], strokeWidth=2.0, fillColor=null]</styleUrl>
						<LineString>
							<tessellate>1</tessellate>
							<altitudeMode>relativeToGround</altitudeMode>
							<coordinates>5.7381552562152125,52.963716483095624,39264.44210526318 1.0206217821719055,54.084826228831915,20722.900000000023							</coordinates>
						</LineString>
					</Placemark>
					<Placemark>
						<TimeSpan>
							<begin>2006-02-17</begin>
						</TimeSpan>
						<styleUrl>KmlStyle [strokeColor=java.awt.Color[r=178,g=195,b=250], strokeWidth=2.0, fillColor=null]</styleUrl>
						<LineString>
							<tessellate>1</tessellate>
							<altitudeMode>relativeToGround</altitudeMode>
							<coordinates>1.0206217821719055,54.084826228831915,20722.900000000023 -3.436,55.3781,5.820766091346741E-11							</coordinates>
						</LineString>
					</Placemark>
				</Folder>
				<Folder>
					<name>USA to China</name>
					<description></description>
					<Placemark>
						<TimeSpan>
							<begin>2002-07-12</begin>
						</TimeSpan>
						<styleUrl>KmlStyle [strokeColor=java.awt.Color[r=178,g=195,b=250], strokeWidth=2.0, fillColor=null]</styleUrl>
						<LineString>
							<tessellate>1</tessellate>
							<altitudeMode>relativeToGround</altitudeMode>
							<coordinates>-98.5795,39.8283,0.0 -106.21827940785494,39.35176481001136,20722.899999999998							</coordinates>
						</LineString>
					</Placemark>
					<Placemark>
						<TimeSpan>
							<begin>2002-07-12</begin>
						</TimeSpan>
						<styleUrl>KmlStyle [strokeColor=java.awt.Color[r=178,g=195,b=250], strokeWidth=2.0, fillColor=null]</styleUrl>
						<LineString>
							<tessellate>1</tessellate>
							<altitudeMode>relativeToGround</altitudeMode>
							<coordinates>-106.21827940785494,39.35176481001136,20722.899999999998 -113.90027199104044,38.89179739286552,39264.44210526316							</coordinates>
						</LineString>
					</Placemark>
					<Placemark>
						<TimeSpan>
							<begin>2002-07-13</begin>
						</TimeSpan>
						<styleUrl>KmlStyle [strokeColor=java.awt.Color[r=178,g=195,b=250], strokeWidth=2.0, fillColor=null]</styleUrl>
						<LineString>
							<tessellate>1</tessellate>
							<altitudeMode>relativeToGround</altitudeMode>
							<coordinates>-113.90027199104044,38.89179739286552,39264.44210526316 -121.62232274410658,38.44910470207758,55624.62631578947							</coordinates>
						</LineString>
					</Placemark>
					<Placemark>
						<TimeSpan>
							<begin>2002-07-13</begin>
						</TimeSpan>
						<styleUrl>KmlStyle [strokeColor=java.awt.Color[r=178,g=195,b=250], strokeWidth=2.0, fillColor=null]</styleUrl>
						<LineString>
							<tessellate>1</tessellate>
							<altitudeMode>relativeToGround</altitudeMode>
							<coordinates>-121.62232274410658,38.44910470207758,55624.62631578947 -129.38132349906715,38.024469079669004,69803.45263157894							</coordinates>
						</LineString>
					</Placemark>
					<Placemark>
						<TimeSpan>
							<begin>2002-07-14</begin>
						</TimeSpan>
						<styleUrl>KmlStyle [strokeColor=java.awt.Color[r=178,g=195,b=250], strokeWidth=2.0, fillColor=null]</styleUrl>
						<LineString>
							<tessellate>1</tessellate>
							<altitudeMode>relativeToGround</altitudeMode>
							<coordinates>-129.38132349906715,38.024469079669004,69803.45263157894 -137.17420600742327,37.618764108748344,81800.92105263159							</coordinates>
						</LineString>
					</Placemark>
					<Placemark>
						<TimeSpan>
							<begin>2002-07-15</begin>
						</TimeSpan>
						<styleUrl>KmlStyle [strokeColor=java.awt.Color[r=178,g=195,b=250], strokeWidth=2.0, fillColor=null]</styleUrl>
						<LineString>
							<tessellate>1</tessellate>
							<altitudeMode>relativeToGround</altitudeMode>
							<coordinates>-137.17420600742327,37.618764108748344,81800.92105263159 -144.99793282701273,37.23297472730465,91617.03157894737							</coordinates>
						</LineString>
					</Placemark>
					<Placemark>
						<TimeSpan>
							<begin>2002-07-15</begin>
						</TimeSpan>
						<styleUrl>KmlStyle [strokeColor=java.awt.Color[r=178,g=195,b=250], strokeWidth=2.0, fillColor=null]</styleUrl>
						<LineString>
							<tessellate>1</tessellate>
							<altitudeMode>relativeToGround</altitudeMode>
							<coordinates>-144.99793282701273,37.23297472730465,91617.03157894737 -152.8494854774616,36.868223129009785,99251.7842105263							</coordinates>
						</LineString>
					</Placemark>
					<Placemark>
						<TimeSpan>
							<begin>2002-07-16</begin>
						</TimeSpan>
						<styleUrl>KmlStyle [strokeColor=java.awt.Color[r=178,g=195,b=250], strokeWidth=2.0, fillColor=null]</styleUrl>
						<LineString>
							<tessellate>1</tessellate>
							<altitudeMode>relativeToGround</altitudeMode>
							<coordinates>-152.8494854774616,36.868223129009785,99251.7842105263 -160.72584909828572,36.52580268428883,104705.17894736842							</coordinates>
						</LineString>
					</Placemark>
					<Placemark>
						<TimeSpan>
							<begin>2002-07-17</begin>
						</TimeSpan>
						<styleUrl>KmlStyle [strokeColor=java.awt.Color[r=178,g=195,b=250], strokeWidth=2.0, fillColor=null]</styleUrl>
						<LineString>
							<tessellate>1</tessellate>
							<altitudeMode>relativeToGround</altitudeMode>
							<coordinates>-160.72584909828572,36.52580268428883,104705.17894736842 -168.62399249431752,36.20722323602794,107977.21578947369							</coordinates>
						</LineString>
					</Placemark>
					<Placemark>
						<TimeSpan>
							<begin>2002-07-17</begin>
						</TimeSpan>
						<styleUrl>KmlStyle [strokeColor=java.awt.Color[r=178,g=195,b=250], strokeWidth=2.0, fillColor=null]</styleUrl>
						<LineString>
							<tessellate>1</tessellate>
							<altitudeMode>relativeToGround</altitudeMode>
							<coordinates>-168.62399249431752,36.20722323602794,107977.21578947369 -176.540841905098,35.91427296037575,109067.89473684212							</coordinates>
						</LineString>
					</Placemark>
					<Placemark>
						<TimeSpan>
							<begin>2002-07-18</begin>
						</TimeSpan>
						<styleUrl>KmlStyle [strokeColor=java.awt.Color[r=178,g=195,b=250], strokeWidth=2.0, fillColor=null]</styleUrl>
						<LineString>
							<tessellate>1</tessellate>
							<altitudeMode>relativeToGround</altitudeMode>
							<coordinates>-176.540841905098,35.91427296037575,109067.89473684212 175.5267540564076,35.6491051070026,107977.21578947367							</coordinates>
						</LineString>
					</Placemark>
					<Placemark>
						<TimeSpan>
							<begin>2002-07-18</begin>
						</TimeSpan>
						<styleUrl>KmlStyle [strokeColor=java.awt.Color[r=178,g=195,b=250], strokeWidth=2.0, fillColor=null]</styleUrl>
						<LineString>
							<tessellate>1</tessellate>
							<altitudeMode>relativeToGround</altitudeMode>
							<coordinates>175.5267540564076,35.6491051070026,107977.21578947367 167.58207236327442,35.414363491236145,104705.17894736843							</coordinates>
						</LineString>
					</Placemark>
					<Placemark>
						<TimeSpan>
							<begin>2002-07-19</begin>
						</TimeSpan>
						<styleUrl>KmlStyle [strokeColor=java.awt.Color[r=178,g=195,b=250], strokeWidth=2.0, fillColor=null]</styleUrl>
						<LineString>
							<tessellate>1</tessellate>
							<altitudeMode>relativeToGround</altitudeMode>
							<coordinates>167.58207236327442,35.414363491236145,104705.17894736843 159.62858320244868,35.21337103990528,99251.7842105263							</coordinates>
						</LineString>
					</Placemark>
					<Placemark>
						<TimeSpan>
							<begin>2002-07-20</begin>
						</TimeSpan>
						<styleUrl>KmlStyle [strokeColor=java.awt.Color[r=178,g=195,b=250], strokeWidth=2.0, fillColor=null]</styleUrl>
						<LineString>
							<tessellate>1</tessellate>
							<altitudeMode>relativeToGround</altitudeMode>
							<coordinates>159.62858320244868,35.21337103990528,99251.7842105263 151.67004918096168,35.05042656711818,91617.03157894735							</coordinates>
						</LineString>
					</Placemark>
					<Placemark>
						<TimeSpan>
							<begin>2002-07-20</begin>
						</TimeSpan>
						<styleUrl>KmlStyle [strokeColor=java.awt.Color[r=178,g=195,b=250], strokeWidth=2.0, fillColor=null]</styleUrl>
						<LineString>
							<tessellate>1</tessellate>
							<altitudeMode>relativeToGround</altitudeMode>
							<coordinates>151.67004918096168,35.05042656711818,91617.03157894735 143.71067858694155,34.93130021625528,81800.92105263157							</coordinates>
						</LineString>
					</Placemark>
					<Placemark>
						<TimeSpan>
							<begin>2002-07-21</begin>
						</TimeSpan>
						<styleUrl>KmlStyle [strokeColor=java.awt.Color[r=178,g=195,b=250], strokeWidth=2.0, fillColor=null]</styleUrl>
						<LineString>
							<tessellate>1</tessellate>
							<altitudeMode>relativeToGround</altitudeMode>
							<coordinates>143.71067858694155,34.93130021625528,81800.92105263157 135.75537919596286,34.8641267017681,69803.45263157896							</coordinates>
						</LineString>
					</Placemark>
					<Placemark>
						<TimeSpan>
							<begin>2002-07-22</begin>
						</TimeSpan>
						<styleUrl>KmlStyle [strokeColor=java.awt.Color[r=178,g=195,b=250], strokeWidth=2.0, fillColor=null]</styleUrl>
						<LineString>
							<tessellate>1</tessellate>
							<altitudeMode>relativeToGround</altitudeMode>
							<coordinates>135.75537919596286,34.8641267017681,69803.45263157896 127.81022153298989,34.86119458934918,55624.62631578947							</coordinates>
						</LineString>
					</Placemark>
					<Placemark>
						<TimeSpan>
							<begin>2002-07-22</begin>
						</TimeSpan>
						<styleUrl>KmlStyle [strokeColor=java.awt.Color[r=178,g=195,b=250], strokeWidth=2.0, fillColor=null]</styleUrl>
						<LineString>
							<tessellate>1</tessellate>
							<altitudeMode>relativeToGround</altitudeMode>
							<coordinates>127.81022153298989,34.86119458934918,55624.62631578947 119.88341686783775,34.94312743774151,39264.44210526318							</coordinates>
						</LineString>
					</Placemark>
					<Placemark>
						<TimeSpan>
							<begin>2002-07-23</begin>
						</TimeSpan>
						<styleUrl>KmlStyle [strokeColor=java.awt.Color[r=178,g=195,b=250], strokeWidth=2.0, fillColor=null]</styleUrl>
						<LineString>
							<tessellate>1</tessellate>
							<altitudeMode>relativeToGround</altitudeMode>
							<coordinates>119.88341686783775,34.94312743774151,39264.44210526318 111.9879483771381,35.15144399279352,20722.900000000023							</coordinates>
						</LineString>
					</Placemark>
					<Placemark>
						<TimeSpan>
							<begin>2002-07-23</begin>
						</TimeSpan>
						<styleUrl>KmlStyle [strokeColor=java.awt.Color[r=178,g=195,b=250], strokeWidth=2.0, fillColor=null]</styleUrl>
						<LineString>
							<tessellate>1</tessellate>
							<altitudeMode>relativeToGround</altitudeMode>
							<coordinates>111.9879483771381,35.15144399279352,20722.900000000023 104.1954,35.8617,5.820766091346741E-11							</coordinates>
						</LineString>
					</Placemark>
				</Folder>
				<Folder>
					<name>China to USA</name>
					<description></description>
					<Placemark>
						<TimeSpan>
							<begin>2001-05-28</begin>
						</TimeSpan>
						<styleUrl>KmlStyle [strokeColor=java.awt.Color[r=178,g=195,b=250], strokeWidth=2.0, fillColor=null]</styleUrl>
						<LineString>
							<tessellate>1</tessellate>
							<altitudeMode>relativeToGround</altitudeMode>
							<coordinates>104.1954,35.8617,0.0 112.25117738168471,35.816761112860675,20722.899999999998							</coordinates>
						</LineString>
					</Placemark>
					<Placemark>
						<TimeSpan>
							<begin>2001-06-18</begin>
						</TimeSpan>
						<styleUrl>KmlStyle [strokeColor=java.awt.Color[r=178,g=195,b=250], strokeWidth=2.0, fillColor=null]</styleUrl>
						<LineString>
							<tessellate>1</tessellate>
							<altitudeMode>relativeToGround</altitudeMode>
							<coordinates>112.25117738168471,35.816761112860675,20722.899999999998 120.29810606119493,35.785450638553634,39264.44210526316							</coordinates>
						</LineString>
					</Placemark>
					<Placemark>
						<TimeSpan>
							<begin>2001-07-10</begin>
						</TimeSpan>
						<styleUrl>KmlStyle [strokeColor=java.awt.Color[r=178,g=195,b=250], strokeWidth=2.0, fillColor=null]</styleUrl>
						<LineString>
							<tessellate>1</tessellate>
							<altitudeMode>relativeToGround</altitudeMode>
							<coordinates>120.29810606119493,35.785450638553634,39264.44210526316 128.3350136813566,35.7683910203545,55624.62631578947							</coordinates>
						</LineString>
					</Placemark>
					<Placemark>
						<TimeSpan>
							<begin>2001-07-31</begin>
						</TimeSpan>
						<styleUrl>KmlStyle [strokeColor=java.awt.Color[r=178,g=195,b=250], strokeWidth=2.0, fillColor=null]</styleUrl>
						<LineString>
							<tessellate>1</tessellate>
							<altitudeMode>relativeToGround</altitudeMode>
							<coordinates>128.3350136813566,35.7683910203545,55624.62631578947 136.36066688879578,35.76628464959765,69803.45263157894							</coordinates>
						</LineString>
					</Placemark>
					<Placemark>
						<TimeSpan>
							<begin>2001-08-22</begin>
						</TimeSpan>
						<styleUrl>KmlStyle [strokeColor=java.awt.Color[r=178,g=195,b=250], strokeWidth=2.0, fillColor=null]</styleUrl>
						<LineString>
							<tessellate>1</tessellate>
							<altitudeMode>relativeToGround</altitudeMode>
							<coordinates>136.36066688879578,35.76628464959765,69803.45263157894 144.37375860203267,35.77992911834479,81800.92105263159							</coordinates>
						</LineString>
					</Placemark>
					<Placemark>
						<TimeSpan>
							<begin>2001-09-12</begin>
						</TimeSpan>
						<styleUrl>KmlStyle [strokeColor=java.awt.Color[r=178,g=195,b=250], strokeWidth=2.0, fillColor=null]</styleUrl>
						<LineString>
							<tessellate>1</tessellate>
							<altitudeMode>relativeToGround</altitudeMode>
							<coordinates>144.37375860203267,35.77992911834479,81800.92105263159 152.37289271050648,35.810236539281675,91617.03157894737							</coordinates>
						</LineString>
					</Placemark>
					<Placemark>
						<TimeSpan>
							<begin>2001-10-04</begin>
						</TimeSpan>
						<styleUrl>KmlStyle [strokeColor=java.awt.Color[r=178,g=195,b=250], strokeWidth=2.0, fillColor=null]</styleUrl>
						<LineString>
							<tessellate>1</tessellate>
							<altitudeMode>relativeToGround</altitudeMode>
							<coordinates>152.37289271050648,35.810236539281675,91617.03157894737 160.35656543384917,35.8582583865401,99251.7842105263							</coordinates>
						</LineString>
					</Placemark>
					<Placemark>
						<TimeSpan>
							<begin>2001-10-26</begin>
						</TimeSpan>
						<styleUrl>KmlStyle [strokeColor=java.awt.Color[r=178,g=195,b=250], strokeWidth=2.0, fillColor=null]</styleUrl>
						<LineString>
							<tessellate>1</tessellate>
							<altitudeMode>relativeToGround</altitudeMode>
							<coordinates>160.35656543384917,35.8582583865401,99251.7842105263 168.32314226202465,35.925217982139664,104705.17894736842							</coordinates>
						</LineString>
					</Placemark>
					<Placemark>
						<TimeSpan>
							<begin>2001-11-16</begin>
						</TimeSpan>
						<styleUrl>KmlStyle [strokeColor=java.awt.Color[r=178,g=195,b=250], strokeWidth=2.0, fillColor=null]</styleUrl>
						<LineString>
							<tessellate>1</tessellate>
							<altitudeMode>relativeToGround</altitudeMode>
							<coordinates>168.32314226202465,35.925217982139664,104705.17894736842 176.27082892732454,36.01255381513088,107977.21578947369							</coordinates>
						</LineString>
					</Placemark>
					<Placemark>
						<TimeSpan>
							<begin>2001-12-08</begin>
						</TimeSpan>
						<styleUrl>KmlStyle [strokeColor=java.awt.Color[r=178,g=195,b=250], strokeWidth=2.0, fillColor=null]</styleUrl>
						<LineString>
							<tessellate>1</tessellate>
							<altitudeMode>relativeToGround</altitudeMode>
							<coordinates>176.27082892732454,36.01255381513088,107977.21578947369 -175.80236587836612,36.121978618902574,109067.89473684212							</coordinates>
						</LineString>
					</Placemark>
					<Placemark>
						<TimeSpan>
							<begin>2001-12-29</begin>
						</TimeSpan>
						<styleUrl>KmlStyle [strokeColor=java.awt.Color[r=178,g=195,b=250], strokeWidth=2.0, fillColor=null]</styleUrl>
						<LineString>
							<tessellate>1</tessellate>
							<altitudeMode>relativeToGround</altitudeMode>
							<coordinates>-175.80236587836612,36.121978618902574,109067.89473684212 -167.89867952980939,36.255562087188665,107977.21578947367							</coordinates>
						</LineString>
					</Placemark>
					<Placemark>
						<TimeSpan>
							<begin>2002-01-20</begin>
						</TimeSpan>
						<styleUrl>KmlStyle [strokeColor=java.awt.Color[r=178,g=195,b=250], strokeWidth=2.0, fillColor=null]</styleUrl>
						<LineString>
							<tessellate>1</tessellate>
							<altitudeMode>relativeToGround</altitudeMode>
							<coordinates>-167.89867952980939,36.255562087188665,107977.21578947367 -160.02066177394576,36.41585036233867,104705.17894736843							</coordinates>
						</LineString>
					</Placemark>
					<Placemark>
						<TimeSpan>
							<begin>2002-02-10</begin>
						</TimeSpan>
						<styleUrl>KmlStyle [strokeColor=java.awt.Color[r=178,g=195,b=250], strokeWidth=2.0, fillColor=null]</styleUrl>
						<LineString>
							<tessellate>1</tessellate>
							<altitudeMode>relativeToGround</altitudeMode>
							<coordinates>-160.02066177394576,36.41585036233867,104705.17894736843 -152.1712675230634,36.60604527776087,99251.7842105263							</coordinates>
						</LineString>
					</Placemark>
					<Placemark>
						<TimeSpan>
							<begin>2002-03-04</begin>
						</TimeSpan>
						<styleUrl>KmlStyle [strokeColor=java.awt.Color[r=178,g=195,b=250], strokeWidth=2.0, fillColor=null]</styleUrl>
						<LineString>
							<tessellate>1</tessellate>
							<altitudeMode>relativeToGround</altitudeMode>
							<coordinates>-152.1712675230634,36.60604527776087,99251.7842105263 -144.35399236610172,36.83028603030052,91617.03157894735							</coordinates>
						</LineString>
					</Placemark>
					<Placemark>
						<TimeSpan>
							<begin>2002-03-26</begin>
						</TimeSpan>
						<styleUrl>KmlStyle [strokeColor=java.awt.Color[r=178,g=195,b=250], strokeWidth=2.0, fillColor=null]</styleUrl>
						<LineString>
							<tessellate>1</tessellate>
							<altitudeMode>relativeToGround</altitudeMode>
							<coordinates>-144.35399236610172,36.83028603030052,91617.03157894735 -136.5730815637292,37.094118620405,81800.92105263157							</coordinates>
						</LineString>
					</Placemark>
					<Placemark>
						<TimeSpan>
							<begin>2002-04-16</begin>
						</TimeSpan>
						<styleUrl>KmlStyle [strokeColor=java.awt.Color[r=178,g=195,b=250], strokeWidth=2.0, fillColor=null]</styleUrl>
						<LineString>
							<tessellate>1</tessellate>
							<altitudeMode>relativeToGround</altitudeMode>
							<coordinates>-136.5730815637292,37.094118620405,81800.92105263157 -128.8338766023629,37.405340762584075,69803.45263157896							</coordinates>
						</LineString>
					</Placemark>
					<Placemark>
						<TimeSpan>
							<begin>2002-05-08</begin>
						</TimeSpan>
						<styleUrl>KmlStyle [strokeColor=java.awt.Color[r=178,g=195,b=250], strokeWidth=2.0, fillColor=null]</styleUrl>
						<LineString>
							<tessellate>1</tessellate>
							<altitudeMode>relativeToGround</altitudeMode>
							<coordinates>-128.8338766023629,37.405340762584075,69803.45263157896 -121.14345083110646,37.77569138592939,55624.62631578947							</coordinates>
						</LineString>
					</Placemark>
					<Placemark>
						<TimeSpan>
							<begin>2002-05-29</begin>
						</TimeSpan>
						<styleUrl>KmlStyle [strokeColor=java.awt.Color[r=178,g=195,b=250], strokeWidth=2.0, fillColor=null]</styleUrl>
						<LineString>
							<tessellate>1</tessellate>
							<altitudeMode>relativeToGround</altitudeMode>
							<coordinates>-121.14345083110646,37.77569138592939,55624.62631578947 -113.51196405297674,38.22479153725991,39264.44210526318							</coordinates>
						</LineString>
					</Placemark>
					<Placemark>
						<TimeSpan>
							<begin>2002-06-20</begin>
						</TimeSpan>
						<styleUrl>KmlStyle [strokeColor=java.awt.Color[r=178,g=195,b=250], strokeWidth=2.0, fillColor=null]</styleUrl>
						<LineString>
							<tessellate>1</tessellate>
							<altitudeMode>relativeToGround</altitudeMode>
							<coordinates>-113.51196405297674,38.22479153725991,39264.44210526318 -105.95636297178973,38.7919610059913,20722.900000000023							</coordinates>
						</LineString>
					</Placemark>
					<Placemark>
						<TimeSpan>
							<begin>2002-07-11</begin>
						</TimeSpan>
						<styleUrl>KmlStyle [strokeColor=java.awt.Color[r=178,g=195,b=250], strokeWidth=2.0, fillColor=null]</styleUrl>
						<LineString>
							<tessellate>1</tessellate>
							<altitudeMode>relativeToGround</altitudeMode>
							<coordinates>-105.95636297178973,38.7919610059913,20722.900000000023 -98.5795,39.8283,5.820766091346741E-11							</coordinates>
						</LineString>
					</Placemark>
				</Folder>
				<Folder>
					<name>USA to China</name>
					<description></description>
					<Placemark>
						<TimeSpan>
							<begin>1999-07-28</begin>
						</TimeSpan>
						<styleUrl>KmlStyle [strokeColor=java.awt.Color[r=178,g=195,b=250], strokeWidth=2.0, fillColor=null]</styleUrl>
						<LineString>
							<tessellate>1</tessellate>
							<altitudeMode>relativeToGround</altitudeMode>
							<coordinates>-98.5795,39.8283,0.0 -106.21827940785494,39.35176481001136,20722.899999999998							</coordinates>
						</LineString>
					</Placemark>
					<Placemark>
						<TimeSpan>
							<begin>1999-09-01</begin>
						</TimeSpan>
						<styleUrl>KmlStyle [strokeColor=java.awt.Color[r=178,g=195,b=250], strokeWidth=2.0, fillColor=null]</styleUrl>
						<LineString>
							<tessellate>1</tessellate>
							<altitudeMode>relativeToGround</altitudeMode>
							<coordinates>-106.21827940785494,39.35176481001136,20722.899999999998 -113.90027199104044,38.89179739286552,39264.44210526316							</coordinates>
						</LineString>
					</Placemark>
					<Placemark>
						<TimeSpan>
							<begin>1999-10-06</begin>
						</TimeSpan>
						<styleUrl>KmlStyle [strokeColor=java.awt.Color[r=178,g=195,b=250], strokeWidth=2.0, fillColor=null]</styleUrl>
						<LineString>
							<tessellate>1</tessellate>
							<altitudeMode>relativeToGround</altitudeMode>
							<coordinates>-113.90027199104044,38.89179739286552,39264.44210526316 -121.62232274410658,38.44910470207758,55624.62631578947							</coordinates>
						</LineString>
					</Placemark>
					<Placemark>
						<TimeSpan>
							<begin>1999-11-10</begin>
						</TimeSpan>
						<styleUrl>KmlStyle [strokeColor=java.awt.Color[r=178,g=195,b=250], strokeWidth=2.0, fillColor=null]</styleUrl>
						<LineString>
							<tessellate>1</tessellate>
							<altitudeMode>relativeToGround</altitudeMode>
							<coordinates>-121.62232274410658,38.44910470207758,55624.62631578947 -129.38132349906715,38.024469079669004,69803.45263157894							</coordinates>
						</LineString>
					</Placemark>
					<Placemark>
						<TimeSpan>
							<begin>1999-12-16</begin>
						</TimeSpan>
						<styleUrl>KmlStyle [strokeColor=java.awt.Color[r=178,g=195,b=250], strokeWidth=2.0, fillColor=null]</styleUrl>
						<LineString>
							<tessellate>1</tessellate>
							<altitudeMode>relativeToGround</altitudeMode>
							<coordinates>-129.38132349906715,38.024469079669004,69803.45263157894 -137.17420600742327,37.618764108748344,81800.92105263159							</coordinates>
						</LineString>
					</Placemark>
					<Placemark>
						<TimeSpan>
							<begin>2000-01-20</begin>
						</TimeSpan>
						<styleUrl>KmlStyle [strokeColor=java.awt.Color[r=178,g=195,b=250], strokeWidth=2.0, fillColor=null]</styleUrl>
						<LineString>
							<tessellate>1</tessellate>
							<altitudeMode>relativeToGround</altitudeMode>
							<coordinates>-137.17420600742327,37.618764108748344,81800.92105263159 -144.99793282701273,37.23297472730465,91617.03157894737							</coordinates>
						</LineString>
					</Placemark>
					<Placemark>
						<TimeSpan>
							<begin>2000-02-24</begin>
						</TimeSpan>
						<styleUrl>KmlStyle [strokeColor=java.awt.Color[r=178,g=195,b=250], strokeWidth=2.0, fillColor=null]</styleUrl>
						<LineString>
							<tessellate>1</tessellate>
							<altitudeMode>relativeToGround</altitudeMode>
							<coordinates>-144.99793282701273,37.23297472730465,91617.03157894737 -152.8494854774616,36.868223129009785,99251.7842105263							</coordinates>
						</LineString>
					</Placemark>
					<Placemark>
						<TimeSpan>
							<begin>2000-03-30</begin>
						</TimeSpan>
						<styleUrl>KmlStyle [strokeColor=java.awt.Color[r=178,g=195,b=250], strokeWidth=2.0, fillColor=null]</styleUrl>
						<LineString>
							<tessellate>1</tessellate>
							<altitudeMode>relativeToGround</altitudeMode>
							<coordinates>-152.8494854774616,36.868223129009785,99251.7842105263 -160.72584909828572,36.52580268428883,104705.17894736842							</coordinates>
						</LineString>
					</Placemark>
					<Placemark>
						<TimeSpan>
							<begin>2000-05-05</begin>
						</TimeSpan>
						<styleUrl>KmlStyle [strokeColor=java.awt.Color[r=178,g=195,b=250], strokeWidth=2.0, fillColor=null]</styleUrl>
						<LineString>
							<tessellate>1</tessellate>
							<altitudeMode>relativeToGround</altitudeMode>
							<coordinates>-160.72584909828572,36.52580268428883,104705.17894736842 -168.62399249431752,36.20722323602794,107977.21578947369							</coordinates>
						</LineString>
					</Placemark>
					<Placemark>
						<TimeSpan>
							<begin>2000-06-09</begin>
						</TimeSpan>
						<styleUrl>KmlStyle [strokeColor=java.awt.Color[r=178,g=195,b=250], strokeWidth=2.0, fillColor=null]</styleUrl>
						<LineString>
							<tessellate>1</tessellate>
							<altitudeMode>relativeToGround</altitudeMode>
							<coordinates>-168.62399249431752,36.20722323602794,107977.21578947369 -176.540841905098,35.91427296037575,109067.89473684212							</coordinates>
						</LineString>
					</Placemark>
					<Placemark>
						<TimeSpan>
							<begin>2000-07-14</begin>
						</TimeSpan>
						<styleUrl>KmlStyle [strokeColor=java.awt.Color[r=178,g=195,b=250], strokeWidth=2.0, fillColor=null]</styleUrl>
						<LineString>
							<tessellate>1</tessellate>
							<altitudeMode>relativeToGround</altitudeMode>
							<coordinates>-176.540841905098,35.91427296037575,109067.89473684212 175.5267540564076,35.6491051070026,107977.21578947367							</coordinates>
						</LineString>
					</Placemark>
					<Placemark>
						<TimeSpan>
							<begin>2000-08-18</begin>
						</TimeSpan>
						<styleUrl>KmlStyle [strokeColor=java.awt.Color[r=178,g=195,b=250], strokeWidth=2.0, fillColor=null]</styleUrl>
						<LineString>
							<tessellate>1</tessellate>
							<altitudeMode>relativeToGround</altitudeMode>
							<coordinates>175.5267540564076,35.6491051070026,107977.21578947367 167.58207236327442,35.414363491236145,104705.17894736843							</coordinates>
						</LineString>
					</Placemark>
					<Placemark>
						<TimeSpan>
							<begin>2000-09-23</begin>
						</TimeSpan>
						<styleUrl>KmlStyle [strokeColor=java.awt.Color[r=178,g=195,b=250], strokeWidth=2.0, fillColor=null]</styleUrl>
						<LineString>
							<tessellate>1</tessellate>
							<altitudeMode>relativeToGround</altitudeMode>
							<coordinates>167.58207236327442,35.414363491236145,104705.17894736843 159.62858320244868,35.21337103990528,99251.7842105263							</coordinates>
						</LineString>
					</Placemark>
					<Placemark>
						<TimeSpan>
							<begin>2000-10-28</begin>
						</TimeSpan>
						<styleUrl>KmlStyle [strokeColor=java.awt.Color[r=178,g=195,b=250], strokeWidth=2.0, fillColor=null]</styleUrl>
						<LineString>
							<tessellate>1</tessellate>
							<altitudeMode>relativeToGround</altitudeMode>
							<coordinates>159.62858320244868,35.21337103990528,99251.7842105263 151.67004918096168,35.05042656711818,91617.03157894735							</coordinates>
						</LineString>
					</Placemark>
					<Placemark>
						<TimeSpan>
							<begin>2000-12-02</begin>
						</TimeSpan>
						<styleUrl>KmlStyle [strokeColor=java.awt.Color[r=178,g=195,b=250], strokeWidth=2.0, fillColor=null]</styleUrl>
						<LineString>
							<tessellate>1</tessellate>
							<altitudeMode>relativeToGround</altitudeMode>
							<coordinates>151.67004918096168,35.05042656711818,91617.03157894735 143.71067858694155,34.93130021625528,81800.92105263157							</coordinates>
						</LineString>
					</Placemark>
					<Placemark>
						<TimeSpan>
							<begin>2001-01-06</begin>
						</TimeSpan>
						<styleUrl>KmlStyle [strokeColor=java.awt.Color[r=178,g=195,b=250], strokeWidth=2.0, fillColor=null]</styleUrl>
						<LineString>
							<tessellate>1</tessellate>
							<altitudeMode>relativeToGround</altitudeMode>
							<coordinates>143.71067858694155,34.93130021625528,81800.92105263157 135.75537919596286,34.8641267017681,69803.45263157896							</coordinates>
						</LineString>
					</Placemark>
					<Placemark>
						<TimeSpan>
							<begin>2001-02-11</begin>
						</TimeSpan>
						<styleUrl>KmlStyle [strokeColor=java.awt.Color[r=178,g=195,b=250], strokeWidth=2.0, fillColor=null]</styleUrl>
						<LineString>
							<tessellate>1</tessellate>
							<altitudeMode>relativeToGround</altitudeMode>
							<coordinates>135.75537919596286,34.8641267017681,69803.45263157896 127.81022153298989,34.86119458934918,55624.62631578947							</coordinates>
						</LineString>
					</Placemark>
					<Placemark>
						<TimeSpan>
							<begin>2001-03-18</begin>
						</TimeSpan>
						<styleUrl>KmlStyle [strokeColor=java.awt.Color[r=178,g=195,b=250], strokeWidth=2.0, fillColor=null]</styleUrl>
						<LineString>
							<tessellate>1</tessellate>
							<altitudeMode>relativeToGround</altitudeMode>
							<coordinates>127.81022153298989,34.86119458934918,55624.62631578947 119.88341686783775,34.94312743774151,39264.44210526318							</coordinates>
						</LineString>
					</Placemark>
					<Placemark>
						<TimeSpan>
							<begin>2001-04-22</begin>
						</TimeSpan>
						<styleUrl>KmlStyle [strokeColor=java.awt.Color[r=178,g=195,b=250], strokeWidth=2.0, fillColor=null]</styleUrl>
						<LineString>
							<tessellate>1</tessellate>
							<altitudeMode>relativeToGround</altitudeMode>
							<coordinates>119.88341686783775,34.94312743774151,39264.44210526318 111.9879483771381,35.15144399279352,20722.900000000023							</coordinates>
						</LineString>
					</Placemark>
					<Placemark>
						<TimeSpan>
							<begin>2001-05-27</begin>
						</TimeSpan>
						<styleUrl>KmlStyle [strokeColor=java.awt.Color[r=178,g=195,b=250], strokeWidth=2.0, fillColor=null]</styleUrl>
						<LineString>
							<tessellate>1</tessellate>
							<altitudeMode>relativeToGround</altitudeMode>
							<coordinates>111.9879483771381,35.15144399279352,20722.900000000023 104.1954,35.8617,5.820766091346741E-11							</coordinates>
						</LineString>
					</Placemark>
				</Folder>
				<Folder>
					<name>USA to Canada</name>
					<description></description>
					<Placemark>
						<TimeSpan>
							<begin>2013-06-28</begin>
						</TimeSpan>
						<styleUrl>KmlStyle [strokeColor=java.awt.Color[r=178,g=195,b=250], strokeWidth=2.0, fillColor=null]</styleUrl>
						<LineString>
							<tessellate>1</tessellate>
							<altitudeMode>relativeToGround</altitudeMode>
							<coordinates>-98.5795,39.8283,0.0 -99.0009634930697,40.642916097248595,20722.899999999998							</coordinates>
						</LineString>
					</Placemark>
					<Placemark>
						<TimeSpan>
							<begin>2013-07-16</begin>
						</TimeSpan>
						<styleUrl>KmlStyle [strokeColor=java.awt.Color[r=178,g=195,b=250], strokeWidth=2.0, fillColor=null]</styleUrl>
						<LineString>
							<tessellate>1</tessellate>
							<altitudeMode>relativeToGround</altitudeMode>
							<coordinates>-99.0009634930697,40.642916097248595,20722.899999999998 -99.42071030476761,41.45755496277458,39264.44210526316							</coordinates>
						</LineString>
					</Placemark>
					<Placemark>
						<TimeSpan>
							<begin>2013-08-04</begin>
						</TimeSpan>
						<styleUrl>KmlStyle [strokeColor=java.awt.Color[r=178,g=195,b=250], strokeWidth=2.0, fillColor=null]</styleUrl>
						<LineString>
							<tessellate>1</tessellate>
							<altitudeMode>relativeToGround</altitudeMode>
							<coordinates>-99.42071030476761,41.45755496277458,39264.44210526316 -99.83848770410125,42.27221863613002,55624.62631578947							</coordinates>
						</LineString>
					</Placemark>
					<Placemark>
						<TimeSpan>
							<begin>2013-08-23</begin>
						</TimeSpan>
						<styleUrl>KmlStyle [strokeColor=java.awt.Color[r=178,g=195,b=250], strokeWidth=2.0, fillColor=null]</styleUrl>
						<LineString>
							<tessellate>1</tessellate>
							<altitudeMode>relativeToGround</altitudeMode>
							<coordinates>-99.83848770410125,42.27221863613002,55624.62631578947 -100.25403581277932,43.08690932696423,69803.45263157894							</coordinates>
						</LineString>
					</Placemark>
					<Placemark>
						<TimeSpan>
							<begin>2013-09-11</begin>
						</TimeSpan>
						<styleUrl>KmlStyle [strokeColor=java.awt.Color[r=178,g=195,b=250], strokeWidth=2.0, fillColor=null]</styleUrl>
						<LineString>
							<tessellate>1</tessellate>
							<altitudeMode>relativeToGround</altitudeMode>
							<coordinates>-100.25403581277932,43.08690932696423,69803.45263157894 -100.66708754028974,43.901629444721216,81800.92105263159							</coordinates>
						</LineString>
					</Placemark>
					<Placemark>
						<TimeSpan>
							<begin>2013-09-30</begin>
						</TimeSpan>
						<styleUrl>KmlStyle [strokeColor=java.awt.Color[r=178,g=195,b=250], strokeWidth=2.0, fillColor=null]</styleUrl>
						<LineString>
							<tessellate>1</tessellate>
							<altitudeMode>relativeToGround</altitudeMode>
							<coordinates>-100.66708754028974,43.901629444721216,81800.92105263159 -101.07736849584542,44.716381636373406,91617.03157894737							</coordinates>
						</LineString>
					</Placemark>
					<Placemark>
						<TimeSpan>
							<begin>2013-10-19</begin>
						</TimeSpan>
						<styleUrl>KmlStyle [strokeColor=java.awt.Color[r=178,g=195,b=250], strokeWidth=2.0, fillColor=null]</styleUrl>
						<LineString>
							<tessellate>1</tessellate>
							<altitudeMode>relativeToGround</altitudeMode>
							<coordinates>-101.07736849584542,44.716381636373406,91617.03157894737 -101.48459685973849,45.53116883506944,99251.7842105263							</coordinates>
						</LineString>
					</Placemark>
					<Placemark>
						<TimeSpan>
							<begin>2013-11-06</begin>
						</TimeSpan>
						<styleUrl>KmlStyle [strokeColor=java.awt.Color[r=178,g=195,b=250], strokeWidth=2.0, fillColor=null]</styleUrl>
						<LineString>
							<tessellate>1</tessellate>
							<altitudeMode>relativeToGround</altitudeMode>
							<coordinates>-101.48459685973849,45.53116883506944,99251.7842105263 -101.88848318727382,46.34599432389781,104705.17894736842							</coordinates>
						</LineString>
					</Placemark>
					<Placemark>
						<TimeSpan>
							<begin>2013-11-25</begin>
						</TimeSpan>
						<styleUrl>KmlStyle [strokeColor=java.awt.Color[r=178,g=195,b=250], strokeWidth=2.0, fillColor=null]</styleUrl>
						<LineString>
							<tessellate>1</tessellate>
							<altitudeMode>relativeToGround</altitudeMode>
							<coordinates>-101.88848318727382,46.34599432389781,104705.17894736842 -102.28873010348102,47.160861821063406,107977.21578947369							</coordinates>
						</LineString>
					</Placemark>
					<Placemark>
						<TimeSpan>
							<begin>2013-12-14</begin>
						</TimeSpan>
						<styleUrl>KmlStyle [strokeColor=java.awt.Color[r=178,g=195,b=250], strokeWidth=2.0, fillColor=null]</styleUrl>
						<LineString>
							<tessellate>1</tessellate>
							<altitudeMode>relativeToGround</altitudeMode>
							<coordinates>-102.28873010348102,47.160861821063406,107977.21578947369 -102.68503182213297,47.975775596197714,109067.89473684212							</coordinates>
						</LineString>
					</Placemark>
					<Placemark>
						<TimeSpan>
							<begin>2014-01-02</begin>
						</TimeSpan>
						<styleUrl>KmlStyle [strokeColor=java.awt.Color[r=178,g=195,b=250], strokeWidth=2.0, fillColor=null]</styleUrl>
						<LineString>
							<tessellate>1</tessellate>
							<altitudeMode>relativeToGround</altitudeMode>
							<coordinates>-102.68503182213297,47.975775596197714,109067.89473684212 -103.07707338043103,48.79074063333768,107977.21578947367							</coordinates>
						</LineString>
					</Placemark>
					<Placemark>
						<TimeSpan>
							<begin>2014-01-21</begin>
						</TimeSpan>
						<styleUrl>KmlStyle [strokeColor=java.awt.Color[r=178,g=195,b=250], strokeWidth=2.0, fillColor=null]</styleUrl>
						<LineString>
							<tessellate>1</tessellate>
							<altitudeMode>relativeToGround</altitudeMode>
							<coordinates>-103.07707338043103,48.79074063333768,107977.21578947367 -103.46452940542235,49.60576286643078,104705.17894736843							</coordinates>
						</LineString>
					</Placemark>
					<Placemark>
						<TimeSpan>
							<begin>2014-02-09</begin>
						</TimeSpan>
						<styleUrl>KmlStyle [strokeColor=java.awt.Color[r=178,g=195,b=250], strokeWidth=2.0, fillColor=null]</styleUrl>
						<LineString>
							<tessellate>1</tessellate>
							<altitudeMode>relativeToGround</altitudeMode>
							<coordinates>-103.46452940542235,49.60576286643078,104705.17894736843 -103.84706208650884,50.42084953255369,99251.7842105263							</coordinates>
						</LineString>
					</Placemark>
					<Placemark>
						<TimeSpan>
							<begin>2014-02-27</begin>
						</TimeSpan>
						<styleUrl>KmlStyle [strokeColor=java.awt.Color[r=178,g=195,b=250], strokeWidth=2.0, fillColor=null]</styleUrl>
						<LineString>
							<tessellate>1</tessellate>
							<altitudeMode>relativeToGround</altitudeMode>
							<coordinates>-103.84706208650884,50.42084953255369,99251.7842105263 -104.22431774406056,51.23600972663404,91617.03157894735							</coordinates>
						</LineString>
					</Placemark>
					<Placemark>
						<TimeSpan>
							<begin>2014-03-18</begin>
						</TimeSpan>
						<styleUrl>KmlStyle [strokeColor=java.awt.Color[r=178,g=195,b=250], strokeWidth=2.0, fillColor=null]</styleUrl>
						<LineString>
							<tessellate>1</tessellate>
							<altitudeMode>relativeToGround</altitudeMode>
							<coordinates>-104.22431774406056,51.23600972663404,91617.03157894735 -104.59592076618652,52.051255324974235,81800.92105263157							</coordinates>
						</LineString>
					</Placemark>
					<Placemark>
						<TimeSpan>
							<begin>2014-04-06</begin>
						</TimeSpan>
						<styleUrl>KmlStyle [strokeColor=java.awt.Color[r=178,g=195,b=250], strokeWidth=2.0, fillColor=null]</styleUrl>
						<LineString>
							<tessellate>1</tessellate>
							<altitudeMode>relativeToGround</altitudeMode>
							<coordinates>-104.59592076618652,52.051255324974235,81800.92105263157 -104.96146219836918,52.866602644955954,69803.45263157896							</coordinates>
						</LineString>
					</Placemark>
					<Placemark>
						<TimeSpan>
							<begin>2014-04-25</begin>
						</TimeSpan>
						<styleUrl>KmlStyle [strokeColor=java.awt.Color[r=178,g=195,b=250], strokeWidth=2.0, fillColor=null]</styleUrl>
						<LineString>
							<tessellate>1</tessellate>
							<altitudeMode>relativeToGround</altitudeMode>
							<coordinates>-104.96146219836918,52.866602644955954,69803.45263157896 -105.32047616934017,53.682075757501906,55624.62631578947							</coordinates>
						</LineString>
					</Placemark>
					<Placemark>
						<TimeSpan>
							<begin>2014-05-14</begin>
						</TimeSpan>
						<styleUrl>KmlStyle [strokeColor=java.awt.Color[r=178,g=195,b=250], strokeWidth=2.0, fillColor=null]</styleUrl>
						<LineString>
							<tessellate>1</tessellate>
							<altitudeMode>relativeToGround</altitudeMode>
							<coordinates>-105.32047616934017,53.682075757501906,55624.62631578947 -105.67238363019682,54.497714195753666,39264.44210526318							</coordinates>
						</LineString>
					</Placemark>
					<Placemark>
						<TimeSpan>
							<begin>2014-06-02</begin>
						</TimeSpan>
						<styleUrl>KmlStyle [strokeColor=java.awt.Color[r=178,g=195,b=250], strokeWidth=2.0, fillColor=null]</styleUrl>
						<LineString>
							<tessellate>1</tessellate>
							<altitudeMode>relativeToGround</altitudeMode>
							<coordinates>-105.67238363019682,54.497714195753666,39264.44210526318 -106.01632105568214,55.31359600540572,20722.900000000023							</coordinates>
						</LineString>
					</Placemark>
					<Placemark>
						<TimeSpan>
							<begin>2014-06-20</begin>
						</TimeSpan>
						<styleUrl>KmlStyle [strokeColor=java.awt.Color[r=178,g=195,b=250], strokeWidth=2.0, fillColor=null]</styleUrl>
						<LineString>
							<tessellate>1</tessellate>
							<altitudeMode>relativeToGround</altitudeMode>
							<coordinates>-106.01632105568214,55.31359600540572,20722.900000000023 -106.3468,56.1304,5.820766091346741E-11							</coordinates>
						</LineString>
					</Placemark>
				</Folder>
				<Folder>
					<name>USA to Netherlands</name>
					<description></description>
					<Placemark>
						<TimeSpan>
							<begin>2003-01-29</begin>
						</TimeSpan>
						<styleUrl>KmlStyle [strokeColor=java.awt.Color[r=178,g=195,b=250], strokeWidth=2.0, fillColor=null]</styleUrl>
						<LineString>
							<tessellate>1</tessellate>
							<altitudeMode>relativeToGround</altitudeMode>
							<coordinates>-98.5795,39.8283,0.0 -93.00585852258466,40.34870810579751,20722.899999999998							</coordinates>
						</LineString>
					</Placemark>
					<Placemark>
						<TimeSpan>
							<begin>2003-06-22</begin>
						</TimeSpan>
						<styleUrl>KmlStyle [strokeColor=java.awt.Color[r=178,g=195,b=250], strokeWidth=2.0, fillColor=null]</styleUrl>
						<LineString>
							<tessellate>1</tessellate>
							<altitudeMode>relativeToGround</altitudeMode>
							<coordinates>-93.00585852258466,40.34870810579751,20722.899999999998 -87.45784007841544,40.87388386518428,39264.44210526316							</coordinates>
						</LineString>
					</Placemark>
					<Placemark>
						<TimeSpan>
							<begin>2003-11-14</begin>
						</TimeSpan>
						<styleUrl>KmlStyle [strokeColor=java.awt.Color[r=178,g=195,b=250], strokeWidth=2.0, fillColor=null]</styleUrl>
						<LineString>
							<tessellate>1</tessellate>
							<altitudeMode>relativeToGround</altitudeMode>
							<coordinates>-87.45784007841544,40.87388386518428,39264.44210526316 -81.93718519034454,41.40415468213791,55624.62631578947							</coordinates>
						</LineString>
					</Placemark>
					<Placemark>
						<TimeSpan>
							<begin>2004-04-07</begin>
						</TimeSpan>
						<styleUrl>KmlStyle [strokeColor=java.awt.Color[r=178,g=195,b=250], strokeWidth=2.0, fillColor=null]</styleUrl>
						<LineString>
							<tessellate>1</tessellate>
							<altitudeMode>relativeToGround</altitudeMode>
							<coordinates>-81.93718519034454,41.40415468213791,55624.62631578947 -76.44571169997306,41.939881138779036,69803.45263157894							</coordinates>
						</LineString>
					</Placemark>
					<Placemark>
						<TimeSpan>
							<begin>2004-08-29</begin>
						</TimeSpan>
						<styleUrl>KmlStyle [strokeColor=java.awt.Color[r=178,g=195,b=250], strokeWidth=2.0, fillColor=null]</styleUrl>
						<LineString>
							<tessellate>1</tessellate>
							<altitudeMode>relativeToGround</altitudeMode>
							<coordinates>-76.44571169997306,41.939881138779036,69803.45263157894 -70.98532256864469,42.48146302177959,81800.92105263159							</coordinates>
						</LineString>
					</Placemark>
					<Placemark>
						<TimeSpan>
							<begin>2005-01-21</begin>
						</TimeSpan>
						<styleUrl>KmlStyle [strokeColor=java.awt.Color[r=178,g=195,b=250], strokeWidth=2.0, fillColor=null]</styleUrl>
						<LineString>
							<tessellate>1</tessellate>
							<altitudeMode>relativeToGround</altitudeMode>
							<coordinates>-70.98532256864469,42.48146302177959,81800.92105263159 -65.55801519549614,43.02934694120823,91617.03157894737							</coordinates>
						</LineString>
					</Placemark>
					<Placemark>
						<TimeSpan>
							<begin>2005-06-15</begin>
						</TimeSpan>
						<styleUrl>KmlStyle [strokeColor=java.awt.Color[r=178,g=195,b=250], strokeWidth=2.0, fillColor=null]</styleUrl>
						<LineString>
							<tessellate>1</tessellate>
							<altitudeMode>relativeToGround</altitudeMode>
							<coordinates>-65.55801519549614,43.02934694120823,91617.03157894737 -60.16589271334958,43.58403610770622,99251.7842105263							</coordinates>
						</LineString>
					</Placemark>
					<Placemark>
						<TimeSpan>
							<begin>2005-11-07</begin>
						</TimeSpan>
						<styleUrl>KmlStyle [strokeColor=java.awt.Color[r=178,g=195,b=250], strokeWidth=2.0, fillColor=null]</styleUrl>
						<LineString>
							<tessellate>1</tessellate>
							<altitudeMode>relativeToGround</altitudeMode>
							<coordinates>-60.16589271334958,43.58403610770622,99251.7842105263 -54.811177915640826,44.146103094109165,104705.17894736842							</coordinates>
						</LineString>
					</Placemark>
					<Placemark>
						<TimeSpan>
							<begin>2006-03-31</begin>
						</TimeSpan>
						<styleUrl>KmlStyle [strokeColor=java.awt.Color[r=178,g=195,b=250], strokeWidth=2.0, fillColor=null]</styleUrl>
						<LineString>
							<tessellate>1</tessellate>
							<altitudeMode>relativeToGround</altitudeMode>
							<coordinates>-54.811177915640826,44.146103094109165,104705.17894736842 -49.49623076457123,44.71620681920354,107977.21578947369							</coordinates>
						</LineString>
					</Placemark>
					<Placemark>
						<TimeSpan>
							<begin>2006-08-23</begin>
						</TimeSpan>
						<styleUrl>KmlStyle [strokeColor=java.awt.Color[r=178,g=195,b=250], strokeWidth=2.0, fillColor=null]</styleUrl>
						<LineString>
							<tessellate>1</tessellate>
							<altitudeMode>relativeToGround</altitudeMode>
							<coordinates>-49.49623076457123,44.71620681920354,107977.21578947369 -44.22357090443538,45.29511566402543,109067.89473684212							</coordinates>
						</LineString>
					</Placemark>
					<Placemark>
						<TimeSpan>
							<begin>2007-01-15</begin>
						</TimeSpan>
						<styleUrl>KmlStyle [strokeColor=java.awt.Color[r=178,g=195,b=250], strokeWidth=2.0, fillColor=null]</styleUrl>
						<LineString>
							<tessellate>1</tessellate>
							<altitudeMode>relativeToGround</altitudeMode>
							<coordinates>-44.22357090443538,45.29511566402543,109067.89473684212 -38.995907389224925,45.88373977338568,107977.21578947367							</coordinates>
						</LineString>
					</Placemark>
					<Placemark>
						<TimeSpan>
							<begin>2007-06-09</begin>
						</TimeSpan>
						<styleUrl>KmlStyle [strokeColor=java.awt.Color[r=178,g=195,b=250], strokeWidth=2.0, fillColor=null]</styleUrl>
						<LineString>
							<tessellate>1</tessellate>
							<altitudeMode>relativeToGround</altitudeMode>
							<coordinates>-38.995907389224925,45.88373977338568,107977.21578947367 -33.81617919447531,46.48317762351331,104705.17894736843							</coordinates>
						</LineString>
					</Placemark>
					<Placemark>
						<TimeSpan>
							<begin>2007-10-31</begin>
						</TimeSpan>
						<styleUrl>KmlStyle [strokeColor=java.awt.Color[r=178,g=195,b=250], strokeWidth=2.0, fillColor=null]</styleUrl>
						<LineString>
							<tessellate>1</tessellate>
							<altitudeMode>relativeToGround</altitudeMode>
							<coordinates>-33.81617919447531,46.48317762351331,104705.17894736843 -28.68761257149043,47.09478573466489,99251.7842105263							</coordinates>
						</LineString>
					</Placemark>
					<Placemark>
						<TimeSpan>
							<begin>2008-03-24</begin>
						</TimeSpan>
						<styleUrl>KmlStyle [strokeColor=java.awt.Color[r=178,g=195,b=250], strokeWidth=2.0, fillColor=null]</styleUrl>
						<LineString>
							<tessellate>1</tessellate>
							<altitudeMode>relativeToGround</altitudeMode>
							<coordinates>-28.68761257149043,47.09478573466489,99251.7842105263 -23.613806156113572,47.72028799304684,91617.03157894735							</coordinates>
						</LineString>
					</Placemark>
					<Placemark>
						<TimeSpan>
							<begin>2008-08-16</begin>
						</TimeSpan>
						<styleUrl>KmlStyle [strokeColor=java.awt.Color[r=178,g=195,b=250], strokeWidth=2.0, fillColor=null]</styleUrl>
						<LineString>
							<tessellate>1</tessellate>
							<altitudeMode>relativeToGround</altitudeMode>
							<coordinates>-23.613806156113572,47.72028799304684,91617.03157894735 -18.598865007106863,48.36195745767494,81800.92105263157							</coordinates>
						</LineString>
					</Placemark>
					<Placemark>
						<TimeSpan>
							<begin>2009-01-08</begin>
						</TimeSpan>
						<styleUrl>KmlStyle [strokeColor=java.awt.Color[r=178,g=195,b=250], strokeWidth=2.0, fillColor=null]</styleUrl>
						<LineString>
							<tessellate>1</tessellate>
							<altitudeMode>relativeToGround</altitudeMode>
							<coordinates>-18.598865007106863,48.36195745767494,81800.92105263157 -13.647628798776005,49.02294285329986,69803.45263157896							</coordinates>
						</LineString>
					</Placemark>
					<Placemark>
						<TimeSpan>
							<begin>2009-06-01</begin>
						</TimeSpan>
						<styleUrl>KmlStyle [strokeColor=java.awt.Color[r=178,g=195,b=250], strokeWidth=2.0, fillColor=null]</styleUrl>
						<LineString>
							<tessellate>1</tessellate>
							<altitudeMode>relativeToGround</altitudeMode>
							<coordinates>-13.647628798776005,49.02294285329986,69803.45263157896 -8.766104017217517,49.70791991290861,55624.62631578947							</coordinates>
						</LineString>
					</Placemark>
					<Placemark>
						<TimeSpan>
							<begin>2009-10-24</begin>
						</TimeSpan>
						<styleUrl>KmlStyle [strokeColor=java.awt.Color[r=178,g=195,b=250], strokeWidth=2.0, fillColor=null]</styleUrl>
						<LineString>
							<tessellate>1</tessellate>
							<altitudeMode>relativeToGround</altitudeMode>
							<coordinates>-8.766104017217517,49.70791991290861,55624.62631578947 -3.9624207114477015,50.42460694310229,39264.44210526318							</coordinates>
						</LineString>
					</Placemark>
					<Placemark>
						<TimeSpan>
							<begin>2010-03-18</begin>
						</TimeSpan>
						<styleUrl>KmlStyle [strokeColor=java.awt.Color[r=178,g=195,b=250], strokeWidth=2.0, fillColor=null]</styleUrl>
						<LineString>
							<tessellate>1</tessellate>
							<altitudeMode>relativeToGround</altitudeMode>
							<coordinates>-3.9624207114477015,50.42460694310229,39264.44210526318 0.7504370548189991,51.18829711832,20722.900000000023							</coordinates>
						</LineString>
					</Placemark>
					<Placemark>
						<TimeSpan>
							<begin>2010-08-09</begin>
						</TimeSpan>
						<styleUrl>KmlStyle [strokeColor=java.awt.Color[r=178,g=195,b=250], strokeWidth=2.0, fillColor=null]</styleUrl>
						<LineString>
							<tessellate>1</tessellate>
							<altitudeMode>relativeToGround</altitudeMode>
							<coordinates>0.7504370548189991,51.18829711832,20722.900000000023 5.2913,52.1326,5.820766091346741E-11							</coordinates>
						</LineString>
					</Placemark>
				</Folder>
				<Folder>
					<name>China to Taiwan</name>
					<description></description>
					<Placemark>
						<TimeSpan>
							<begin>2011-02-03</begin>
						</TimeSpan>
						<styleUrl>KmlStyle [strokeColor=java.awt.Color[r=178,g=195,b=250], strokeWidth=2.0, fillColor=null]</styleUrl>
						<LineString>
							<tessellate>1</tessellate>
							<altitudeMode>relativeToGround</altitudeMode>
							<coordinates>104.1954,35.8617,0.0 104.96427499291171,35.250228010459615,20722.899999999998							</coordinates>
						</LineString>
					</Placemark>
					<Placemark>
						<TimeSpan>
							<begin>2011-05-05</begin>
						</TimeSpan>
						<styleUrl>KmlStyle [strokeColor=java.awt.Color[r=178,g=195,b=250], strokeWidth=2.0, fillColor=null]</styleUrl>
						<LineString>
							<tessellate>1</tessellate>
							<altitudeMode>relativeToGround</altitudeMode>
							<coordinates>104.96427499291171,35.250228010459615,20722.899999999998 105.74149055696253,34.63895156919393,39264.44210526316							</coordinates>
						</LineString>
					</Placemark>
					<Placemark>
						<TimeSpan>
							<begin>2011-08-04</begin>
						</TimeSpan>
						<styleUrl>KmlStyle [strokeColor=java.awt.Color[r=178,g=195,b=250], strokeWidth=2.0, fillColor=null]</styleUrl>
						<LineString>
							<tessellate>1</tessellate>
							<altitudeMode>relativeToGround</altitudeMode>
							<coordinates>105.74149055696253,34.63895156919393,39264.44210526316 106.52687551232388,34.02788031680008,55624.62631578947							</coordinates>
						</LineString>
					</Placemark>
					<Placemark>
						<TimeSpan>
							<begin>2011-11-03</begin>
						</TimeSpan>
						<styleUrl>KmlStyle [strokeColor=java.awt.Color[r=178,g=195,b=250], strokeWidth=2.0, fillColor=null]</styleUrl>
						<LineString>
							<tessellate>1</tessellate>
							<altitudeMode>relativeToGround</altitudeMode>
							<coordinates>106.52687551232388,34.02788031680008,55624.62631578947 107.32025558803862,33.41702478774496,69803.45263157894							</coordinates>
						</LineString>
					</Placemark>
					<Placemark>
						<TimeSpan>
							<begin>2012-02-02</begin>
						</TimeSpan>
						<styleUrl>KmlStyle [strokeColor=java.awt.Color[r=178,g=195,b=250], strokeWidth=2.0, fillColor=null]</styleUrl>
						<LineString>
							<tessellate>1</tessellate>
							<altitudeMode>relativeToGround</altitudeMode>
							<coordinates>107.32025558803862,33.41702478774496,69803.45263157894 108.12145371883072,32.80639657686671,81800.92105263159							</coordinates>
						</LineString>
					</Placemark>
					<Placemark>
						<TimeSpan>
							<begin>2012-05-03</begin>
						</TimeSpan>
						<styleUrl>KmlStyle [strokeColor=java.awt.Color[r=178,g=195,b=250], strokeWidth=2.0, fillColor=null]</styleUrl>
						<LineString>
							<tessellate>1</tessellate>
							<altitudeMode>relativeToGround</altitudeMode>
							<coordinates>108.12145371883072,32.80639657686671,81800.92105263159 108.93029037963903,32.1960085507493,91617.03157894737							</coordinates>
						</LineString>
					</Placemark>
					<Placemark>
						<TimeSpan>
							<begin>2012-08-02</begin>
						</TimeSpan>
						<styleUrl>KmlStyle [strokeColor=java.awt.Color[r=178,g=195,b=250], strokeWidth=2.0, fillColor=null]</styleUrl>
						<LineString>
							<tessellate>1</tessellate>
							<altitudeMode>relativeToGround</altitudeMode>
							<coordinates>108.93029037963903,32.1960085507493,91617.03157894737 109.74658397046254,31.585875120010936,99251.7842105263							</coordinates>
						</LineString>
					</Placemark>
					<Placemark>
						<TimeSpan>
							<begin>2012-11-01</begin>
						</TimeSpan>
						<styleUrl>KmlStyle [strokeColor=java.awt.Color[r=178,g=195,b=250], strokeWidth=2.0, fillColor=null]</styleUrl>
						<LineString>
							<tessellate>1</tessellate>
							<altitudeMode>relativeToGround</altitudeMode>
							<coordinates>109.74658397046254,31.585875120010936,99251.7842105263 110.57015127002798,30.97601259595527,104705.17894736842							</coordinates>
						</LineString>
					</Placemark>
					<Placemark>
						<TimeSpan>
							<begin>2013-01-31</begin>
						</TimeSpan>
						<styleUrl>KmlStyle [strokeColor=java.awt.Color[r=178,g=195,b=250], strokeWidth=2.0, fillColor=null]</styleUrl>
						<LineString>
							<tessellate>1</tessellate>
							<altitudeMode>relativeToGround</altitudeMode>
							<coordinates>110.57015127002798,30.97601259595527,104705.17894736842 111.40080798616476,30.366439666767118,107977.21578947369							</coordinates>
						</LineString>
					</Placemark>
					<Placemark>
						<TimeSpan>
							<begin>2013-05-02</begin>
						</TimeSpan>
						<styleUrl>KmlStyle [strokeColor=java.awt.Color[r=178,g=195,b=250], strokeWidth=2.0, fillColor=null]</styleUrl>
						<LineString>
							<tessellate>1</tessellate>
							<altitudeMode>relativeToGround</altitudeMode>
							<coordinates>111.40080798616476,30.366439666767118,107977.21578947369 112.23836944611435,29.75717804763748,109067.89473684212							</coordinates>
						</LineString>
					</Placemark>
					<Placemark>
						<TimeSpan>
							<begin>2013-08-02</begin>
						</TimeSpan>
						<styleUrl>KmlStyle [strokeColor=java.awt.Color[r=178,g=195,b=250], strokeWidth=2.0, fillColor=null]</styleUrl>
						<LineString>
							<tessellate>1</tessellate>
							<altitudeMode>relativeToGround</altitudeMode>
							<coordinates>112.23836944611435,29.75717804763748,109067.89473684212 113.0826514960781,29.148253391858375,107977.21578947367							</coordinates>
						</LineString>
					</Placemark>
					<Placemark>
						<TimeSpan>
							<begin>2013-11-01</begin>
						</TimeSpan>
						<styleUrl>KmlStyle [strokeColor=java.awt.Color[r=178,g=195,b=250], strokeWidth=2.0, fillColor=null]</styleUrl>
						<LineString>
							<tessellate>1</tessellate>
							<altitudeMode>relativeToGround</altitudeMode>
							<coordinates>113.0826514960781,29.148253391858375,107977.21578947367 113.93347172567097,28.53969660799763,104705.17894736843							</coordinates>
						</LineString>
					</Placemark>
					<Placemark>
						<TimeSpan>
							<begin>2014-01-31</begin>
						</TimeSpan>
						<styleUrl>KmlStyle [strokeColor=java.awt.Color[r=178,g=195,b=250], strokeWidth=2.0, fillColor=null]</styleUrl>
						<LineString>
							<tessellate>1</tessellate>
							<altitudeMode>relativeToGround</altitudeMode>
							<coordinates>113.93347172567097,28.53969660799763,104705.17894736843 114.79065121988563,27.931545837179417,99251.7842105263							</coordinates>
						</LineString>
					</Placemark>
					<Placemark>
						<TimeSpan>
							<begin>2014-05-02</begin>
						</TimeSpan>
						<styleUrl>KmlStyle [strokeColor=java.awt.Color[r=178,g=195,b=250], strokeWidth=2.0, fillColor=null]</styleUrl>
						<LineString>
							<tessellate>1</tessellate>
							<altitudeMode>relativeToGround</altitudeMode>
							<coordinates>114.79065121988563,27.931545837179417,99251.7842105263 115.65401721506724,27.3238495623984,91617.03157894735							</coordinates>
						</LineString>
					</Placemark>
					<Placemark>
						<TimeSpan>
							<begin>2014-08-01</begin>
						</TimeSpan>
						<styleUrl>KmlStyle [strokeColor=java.awt.Color[r=178,g=195,b=250], strokeWidth=2.0, fillColor=null]</styleUrl>
						<LineString>
							<tessellate>1</tessellate>
							<altitudeMode>relativeToGround</altitudeMode>
							<coordinates>115.65401721506724,27.3238495623984,91617.03157894735 116.52340741224461,26.71667179408541,81800.92105263157							</coordinates>
						</LineString>
					</Placemark>
					<Placemark>
						<TimeSpan>
							<begin>2014-10-31</begin>
						</TimeSpan>
						<styleUrl>KmlStyle [strokeColor=java.awt.Color[r=178,g=195,b=250], strokeWidth=2.0, fillColor=null]</styleUrl>
						<LineString>
							<tessellate>1</tessellate>
							<altitudeMode>relativeToGround</altitudeMode>
							<coordinates>116.52340741224461,26.71667179408541,81800.92105263157 117.39867760578092,26.1101014100739,69803.45263157896							</coordinates>
						</LineString>
					</Placemark>
					<Placemark>
						<TimeSpan>
							<begin>2015-01-30</begin>
						</TimeSpan>
						<styleUrl>KmlStyle [strokeColor=java.awt.Color[r=178,g=195,b=250], strokeWidth=2.0, fillColor=null]</styleUrl>
						<LineString>
							<tessellate>1</tessellate>
							<altitudeMode>relativeToGround</altitudeMode>
							<coordinates>117.39867760578092,26.1101014100739,69803.45263157896 118.27971677362454,25.504270847737065,55624.62631578947							</coordinates>
						</LineString>
					</Placemark>
					<Placemark>
						<TimeSpan>
							<begin>2015-05-01</begin>
						</TimeSpan>
						<styleUrl>KmlStyle [strokeColor=java.awt.Color[r=178,g=195,b=250], strokeWidth=2.0, fillColor=null]</styleUrl>
						<LineString>
							<tessellate>1</tessellate>
							<altitudeMode>relativeToGround</altitudeMode>
							<coordinates>118.27971677362454,25.504270847737065,55624.62631578947 119.16648207212364,24.899399749596622,39264.44210526318							</coordinates>
						</LineString>
					</Placemark>
					<Placemark>
						<TimeSpan>
							<begin>2015-07-31</begin>
						</TimeSpan>
						<styleUrl>KmlStyle [strokeColor=java.awt.Color[r=178,g=195,b=250], strokeWidth=2.0, fillColor=null]</styleUrl>
						<LineString>
							<tessellate>1</tessellate>
							<altitudeMode>relativeToGround</altitudeMode>
							<coordinates>119.16648207212364,24.899399749596622,39264.44210526318 120.0591035246005,24.295926003552616,20722.900000000023							</coordinates>
						</LineString>
					</Placemark>
					<Placemark>
						<TimeSpan>
							<begin>2015-10-30</begin>
						</TimeSpan>
						<styleUrl>KmlStyle [strokeColor=java.awt.Color[r=178,g=195,b=250], strokeWidth=2.0, fillColor=null]</styleUrl>
						<LineString>
							<tessellate>1</tessellate>
							<altitudeMode>relativeToGround</altitudeMode>
							<coordinates>120.0591035246005,24.295926003552616,20722.900000000023 120.9605,23.6978,5.820766091346741E-11							</coordinates>
						</LineString>
					</Placemark>
				</Folder>
				<Folder>
					<name>China to South_Korea</name>
					<description></description>
					<Placemark>
						<TimeSpan>
							<begin>2014-01-16</begin>
						</TimeSpan>
						<styleUrl>KmlStyle [strokeColor=java.awt.Color[r=178,g=195,b=250], strokeWidth=2.0, fillColor=null]</styleUrl>
						<LineString>
							<tessellate>1</tessellate>
							<altitudeMode>relativeToGround</altitudeMode>
							<coordinates>104.1954,35.8617,0.0 105.3743460408459,35.858253336663616,20722.899999999998							</coordinates>
						</LineString>
					</Placemark>
					<Placemark>
						<TimeSpan>
							<begin>2014-04-18</begin>
						</TimeSpan>
						<styleUrl>KmlStyle [strokeColor=java.awt.Color[r=178,g=195,b=250], strokeWidth=2.0, fillColor=null]</styleUrl>
						<LineString>
							<tessellate>1</tessellate>
							<altitudeMode>relativeToGround</altitudeMode>
							<coordinates>105.3743460408459,35.858253336663616,20722.899999999998 106.55329809011504,35.855110025559036,39264.44210526316							</coordinates>
						</LineString>
					</Placemark>
					<Placemark>
						<TimeSpan>
							<begin>2014-07-19</begin>
						</TimeSpan>
						<styleUrl>KmlStyle [strokeColor=java.awt.Color[r=178,g=195,b=250], strokeWidth=2.0, fillColor=null]</styleUrl>
						<LineString>
							<tessellate>1</tessellate>
							<altitudeMode>relativeToGround</altitudeMode>
							<coordinates>106.55329809011504,35.855110025559036,39264.44210526316 107.7322513870085,35.85228682955202,55624.62631578947							</coordinates>
						</LineString>
					</Placemark>
					<Placemark>
						<TimeSpan>
							<begin>2014-10-19</begin>
						</TimeSpan>
						<styleUrl>KmlStyle [strokeColor=java.awt.Color[r=178,g=195,b=250], strokeWidth=2.0, fillColor=null]</styleUrl>
						<LineString>
							<tessellate>1</tessellate>
							<altitudeMode>relativeToGround</altitudeMode>
							<coordinates>107.7322513870085,35.85228682955202,55624.62631578947 108.91120088673422,35.84980248609656,69803.45263157894							</coordinates>
						</LineString>
					</Placemark>
					<Placemark>
						<TimeSpan>
							<begin>2015-01-19</begin>
						</TimeSpan>
						<styleUrl>KmlStyle [strokeColor=java.awt.Color[r=178,g=195,b=250], strokeWidth=2.0, fillColor=null]</styleUrl>
						<LineString>
							<tessellate>1</tessellate>
							<altitudeMode>relativeToGround</altitudeMode>
							<coordinates>108.91120088673422,35.84980248609656,69803.45263157894 110.09014122314461,35.847678077621445,81800.92105263159							</coordinates>
						</LineString>
					</Placemark>
					<Placemark>
						<TimeSpan>
							<begin>2015-04-21</begin>
						</TimeSpan>
						<styleUrl>KmlStyle [strokeColor=java.awt.Color[r=178,g=195,b=250], strokeWidth=2.0, fillColor=null]</styleUrl>
						<LineString>
							<tessellate>1</tessellate>
							<altitudeMode>relativeToGround</altitudeMode>
							<coordinates>110.09014122314461,35.847678077621445,81800.92105263159 111.26906666353501,35.845937500705226,91617.03157894737							</coordinates>
						</LineString>
					</Placemark>
					<Placemark>
						<TimeSpan>
							<begin>2015-07-22</begin>
						</TimeSpan>
						<styleUrl>KmlStyle [strokeColor=java.awt.Color[r=178,g=195,b=250], strokeWidth=2.0, fillColor=null]</styleUrl>
						<LineString>
							<tessellate>1</tessellate>
							<altitudeMode>relativeToGround</altitudeMode>
							<coordinates>111.26906666353501,35.845937500705226,91617.03157894737 112.44797105326093,35.844608069324394,99251.7842105263							</coordinates>
						</LineString>
					</Placemark>
					<Placemark>
						<TimeSpan>
							<begin>2015-10-22</begin>
						</TimeSpan>
						<styleUrl>KmlStyle [strokeColor=java.awt.Color[r=178,g=195,b=250], strokeWidth=2.0, fillColor=null]</styleUrl>
						<LineString>
							<tessellate>1</tessellate>
							<altitudeMode>relativeToGround</altitudeMode>
							<coordinates>112.44797105326093,35.844608069324394,99251.7842105263 113.62684774686515,35.84372130374684,104705.17894736842							</coordinates>
						</LineString>
					</Placemark>
					<Placemark>
						<TimeSpan>
							<begin>2016-01-22</begin>
						</TimeSpan>
						<styleUrl>KmlStyle [strokeColor=java.awt.Color[r=178,g=195,b=250], strokeWidth=2.0, fillColor=null]</styleUrl>
						<LineString>
							<tessellate>1</tessellate>
							<altitudeMode>relativeToGround</altitudeMode>
							<coordinates>113.62684774686515,35.84372130374684,104705.17894736842 114.80568952096047,35.84331398242941,107977.21578947369							</coordinates>
						</LineString>
					</Placemark>
					<Placemark>
						<TimeSpan>
							<begin>2016-04-23</begin>
						</TimeSpan>
						<styleUrl>KmlStyle [strokeColor=java.awt.Color[r=178,g=195,b=250], strokeWidth=2.0, fillColor=null]</styleUrl>
						<LineString>
							<tessellate>1</tessellate>
							<altitudeMode>relativeToGround</altitudeMode>
							<coordinates>114.80568952096047,35.84331398242941,107977.21578947369 115.9844884618232,35.84342957647676,109067.89473684212							</coordinates>
						</LineString>
					</Placemark>
					<Placemark>
						<TimeSpan>
							<begin>2016-07-24</begin>
						</TimeSpan>
						<styleUrl>KmlStyle [strokeColor=java.awt.Color[r=178,g=195,b=250], strokeWidth=2.0, fillColor=null]</styleUrl>
						<LineString>
							<tessellate>1</tessellate>
							<altitudeMode>relativeToGround</altitudeMode>
							<coordinates>115.9844884618232,35.84342957647676,109067.89473684212 117.16323581690153,35.844120257956526,107977.21578947367							</coordinates>
						</LineString>
					</Placemark>
					<Placemark>
						<TimeSpan>
							<begin>2016-10-24</begin>
						</TimeSpan>
						<styleUrl>KmlStyle [strokeColor=java.awt.Color[r=178,g=195,b=250], strokeWidth=2.0, fillColor=null]</styleUrl>
						<LineString>
							<tessellate>1</tessellate>
							<altitudeMode>relativeToGround</altitudeMode>
							<coordinates>117.16323581690153,35.844120257956526,107977.21578947367 118.34192179304674,35.8454498009009,104705.17894736843							</coordinates>
						</LineString>
					</Placemark>
					<Placemark>
						<TimeSpan>
							<begin>2017-01-24</begin>
						</TimeSpan>
						<styleUrl>KmlStyle [strokeColor=java.awt.Color[r=178,g=195,b=250], strokeWidth=2.0, fillColor=null]</styleUrl>
						<LineString>
							<tessellate>1</tessellate>
							<altitudeMode>relativeToGround</altitudeMode>
							<coordinates>118.34192179304674,35.8454498009009,104705.17894736843 119.52053527274401,35.847497932956976,99251.7842105263							</coordinates>
						</LineString>
					</Placemark>
					<Placemark>
						<TimeSpan>
							<begin>2017-04-26</begin>
						</TimeSpan>
						<styleUrl>KmlStyle [strokeColor=java.awt.Color[r=178,g=195,b=250], strokeWidth=2.0, fillColor=null]</styleUrl>
						<LineString>
							<tessellate>1</tessellate>
							<altitudeMode>relativeToGround</altitudeMode>
							<coordinates>119.52053527274401,35.847497932956976,99251.7842105263 120.69906339749697,35.850367173917064,91617.03157894735							</coordinates>
						</LineString>
					</Placemark>
					<Placemark>
						<TimeSpan>
							<begin>2017-07-27</begin>
						</TimeSpan>
						<styleUrl>KmlStyle [strokeColor=java.awt.Color[r=178,g=195,b=250], strokeWidth=2.0, fillColor=null]</styleUrl>
						<LineString>
							<tessellate>1</tessellate>
							<altitudeMode>relativeToGround</altitudeMode>
							<coordinates>120.69906339749697,35.850367173917064,91617.03157894735 121.87749092156736,35.85419423361979,81800.92105263157							</coordinates>
						</LineString>
					</Placemark>
					<Placemark>
						<TimeSpan>
							<begin>2017-10-27</begin>
						</TimeSpan>
						<styleUrl>KmlStyle [strokeColor=java.awt.Color[r=178,g=195,b=250], strokeWidth=2.0, fillColor=null]</styleUrl>
						<LineString>
							<tessellate>1</tessellate>
							<altitudeMode>relativeToGround</altitudeMode>
							<coordinates>121.87749092156736,35.85419423361979,81800.92105263157 123.05579913363162,35.859170528757446,69803.45263157896							</coordinates>
						</LineString>
					</Placemark>
					<Placemark>
						<TimeSpan>
							<begin>2018-01-27</begin>
						</TimeSpan>
						<styleUrl>KmlStyle [strokeColor=java.awt.Color[r=178,g=195,b=250], strokeWidth=2.0, fillColor=null]</styleUrl>
						<LineString>
							<tessellate>1</tessellate>
							<altitudeMode>relativeToGround</altitudeMode>
							<coordinates>123.05579913363162,35.859170528757446,69803.45263157896 124.2339638657605,35.86558321754179,55624.62631578947							</coordinates>
						</LineString>
					</Placemark>
					<Placemark>
						<TimeSpan>
							<begin>2018-04-29</begin>
						</TimeSpan>
						<styleUrl>KmlStyle [strokeColor=java.awt.Color[r=178,g=195,b=250], strokeWidth=2.0, fillColor=null]</styleUrl>
						<LineString>
							<tessellate>1</tessellate>
							<altitudeMode>relativeToGround</altitudeMode>
							<coordinates>124.2339638657605,35.86558321754179,55624.62631578947 125.41195122159101,35.87391094934024,39264.44210526318							</coordinates>
						</LineString>
					</Placemark>
					<Placemark>
						<TimeSpan>
							<begin>2018-07-30</begin>
						</TimeSpan>
						<styleUrl>KmlStyle [strokeColor=java.awt.Color[r=178,g=195,b=250], strokeWidth=2.0, fillColor=null]</styleUrl>
						<LineString>
							<tessellate>1</tessellate>
							<altitudeMode>relativeToGround</altitudeMode>
							<coordinates>125.41195122159101,35.87391094934024,39264.44210526318 126.58970583164293,35.885111118286204,20722.900000000023							</coordinates>
						</LineString>
					</Placemark>
					<Placemark>
						<TimeSpan>
							<begin>2018-10-30</begin>
						</TimeSpan>
						<styleUrl>KmlStyle [strokeColor=java.awt.Color[r=178,g=195,b=250], strokeWidth=2.0, fillColor=null]</styleUrl>
						<LineString>
							<tessellate>1</tessellate>
							<altitudeMode>relativeToGround</altitudeMode>
							<coordinates>126.58970583164293,35.885111118286204,20722.900000000023 127.7669,35.9078,5.820766091346741E-11							</coordinates>
						</LineString>
					</Placemark>
				</Folder>
				<Folder>
					<name>China to South_Korea</name>
					<description></description>
					<Placemark>
						<TimeSpan>
							<begin>2012-09-18</begin>
						</TimeSpan>
						<styleUrl>KmlStyle [strokeColor=java.awt.Color[r=178,g=195,b=250], strokeWidth=2.0, fillColor=null]</styleUrl>
						<LineString>
							<tessellate>1</tessellate>
							<altitudeMode>relativeToGround</altitudeMode>
							<coordinates>104.1954,35.8617,0.0 105.3743460408459,35.858253336663616,20722.899999999998							</coordinates>
						</LineString>
					</Placemark>
					<Placemark>
						<TimeSpan>
							<begin>2012-12-25</begin>
						</TimeSpan>
						<styleUrl>KmlStyle [strokeColor=java.awt.Color[r=178,g=195,b=250], strokeWidth=2.0, fillColor=null]</styleUrl>
						<LineString>
							<tessellate>1</tessellate>
							<altitudeMode>relativeToGround</altitudeMode>
							<coordinates>105.3743460408459,35.858253336663616,20722.899999999998 106.55329809011504,35.855110025559036,39264.44210526316							</coordinates>
						</LineString>
					</Placemark>
					<Placemark>
						<TimeSpan>
							<begin>2013-04-02</begin>
						</TimeSpan>
						<styleUrl>KmlStyle [strokeColor=java.awt.Color[r=178,g=195,b=250], strokeWidth=2.0, fillColor=null]</styleUrl>
						<LineString>
							<tessellate>1</tessellate>
							<altitudeMode>relativeToGround</altitudeMode>
							<coordinates>106.55329809011504,35.855110025559036,39264.44210526316 107.7322513870085,35.85228682955202,55624.62631578947							</coordinates>
						</LineString>
					</Placemark>
					<Placemark>
						<TimeSpan>
							<begin>2013-07-10</begin>
						</TimeSpan>
						<styleUrl>KmlStyle [strokeColor=java.awt.Color[r=178,g=195,b=250], strokeWidth=2.0, fillColor=null]</styleUrl>
						<LineString>
							<tessellate>1</tessellate>
							<altitudeMode>relativeToGround</altitudeMode>
							<coordinates>107.7322513870085,35.85228682955202,55624.62631578947 108.91120088673422,35.84980248609656,69803.45263157894							</coordinates>
						</LineString>
					</Placemark>
					<Placemark>
						<TimeSpan>
							<begin>2013-10-16</begin>
						</TimeSpan>
						<styleUrl>KmlStyle [strokeColor=java.awt.Color[r=178,g=195,b=250], strokeWidth=2.0, fillColor=null]</styleUrl>
						<LineString>
							<tessellate>1</tessellate>
							<altitudeMode>relativeToGround</altitudeMode>
							<coordinates>108.91120088673422,35.84980248609656,69803.45263157894 110.09014122314461,35.847678077621445,81800.92105263159							</coordinates>
						</LineString>
					</Placemark>
					<Placemark>
						<TimeSpan>
							<begin>2014-01-22</begin>
						</TimeSpan>
						<styleUrl>KmlStyle [strokeColor=java.awt.Color[r=178,g=195,b=250], strokeWidth=2.0, fillColor=null]</styleUrl>
						<LineString>
							<tessellate>1</tessellate>
							<altitudeMode>relativeToGround</altitudeMode>
							<coordinates>110.09014122314461,35.847678077621445,81800.92105263159 111.26906666353501,35.845937500705226,91617.03157894737							</coordinates>
						</LineString>
					</Placemark>
					<Placemark>
						<TimeSpan>
							<begin>2014-05-01</begin>
						</TimeSpan>
						<styleUrl>KmlStyle [strokeColor=java.awt.Color[r=178,g=195,b=250], strokeWidth=2.0, fillColor=null]</styleUrl>
						<LineString>
							<tessellate>1</tessellate>
							<altitudeMode>relativeToGround</altitudeMode>
							<coordinates>111.26906666353501,35.845937500705226,91617.03157894737 112.44797105326093,35.844608069324394,99251.7842105263							</coordinates>
						</LineString>
					</Placemark>
					<Placemark>
						<TimeSpan>
							<begin>2014-08-07</begin>
						</TimeSpan>
						<styleUrl>KmlStyle [strokeColor=java.awt.Color[r=178,g=195,b=250], strokeWidth=2.0, fillColor=null]</styleUrl>
						<LineString>
							<tessellate>1</tessellate>
							<altitudeMode>relativeToGround</altitudeMode>
							<coordinates>112.44797105326093,35.844608069324394,99251.7842105263 113.62684774686515,35.84372130374684,104705.17894736842							</coordinates>
						</LineString>
					</Placemark>
					<Placemark>
						<TimeSpan>
							<begin>2014-11-13</begin>
						</TimeSpan>
						<styleUrl>KmlStyle [strokeColor=java.awt.Color[r=178,g=195,b=250], strokeWidth=2.0, fillColor=null]</styleUrl>
						<LineString>
							<tessellate>1</tessellate>
							<altitudeMode>relativeToGround</altitudeMode>
							<coordinates>113.62684774686515,35.84372130374684,104705.17894736842 114.80568952096047,35.84331398242941,107977.21578947369							</coordinates>
						</LineString>
					</Placemark>
					<Placemark>
						<TimeSpan>
							<begin>2015-02-20</begin>
						</TimeSpan>
						<styleUrl>KmlStyle [strokeColor=java.awt.Color[r=178,g=195,b=250], strokeWidth=2.0, fillColor=null]</styleUrl>
						<LineString>
							<tessellate>1</tessellate>
							<altitudeMode>relativeToGround</altitudeMode>
							<coordinates>114.80568952096047,35.84331398242941,107977.21578947369 115.9844884618232,35.84342957647676,109067.89473684212							</coordinates>
						</LineString>
					</Placemark>
					<Placemark>
						<TimeSpan>
							<begin>2015-05-29</begin>
						</TimeSpan>
						<styleUrl>KmlStyle [strokeColor=java.awt.Color[r=178,g=195,b=250], strokeWidth=2.0, fillColor=null]</styleUrl>
						<LineString>
							<tessellate>1</tessellate>
							<altitudeMode>relativeToGround</altitudeMode>
							<coordinates>115.9844884618232,35.84342957647676,109067.89473684212 117.16323581690153,35.844120257956526,107977.21578947367							</coordinates>
						</LineString>
					</Placemark>
					<Placemark>
						<TimeSpan>
							<begin>2015-09-05</begin>
						</TimeSpan>
						<styleUrl>KmlStyle [strokeColor=java.awt.Color[r=178,g=195,b=250], strokeWidth=2.0, fillColor=null]</styleUrl>
						<LineString>
							<tessellate>1</tessellate>
							<altitudeMode>relativeToGround</altitudeMode>
							<coordinates>117.16323581690153,35.844120257956526,107977.21578947367 118.34192179304674,35.8454498009009,104705.17894736843							</coordinates>
						</LineString>
					</Placemark>
					<Placemark>
						<TimeSpan>
							<begin>2015-12-12</begin>
						</TimeSpan>
						<styleUrl>KmlStyle [strokeColor=java.awt.Color[r=178,g=195,b=250], strokeWidth=2.0, fillColor=null]</styleUrl>
						<LineString>
							<tessellate>1</tessellate>
							<altitudeMode>relativeToGround</altitudeMode>
							<coordinates>118.34192179304674,35.8454498009009,104705.17894736843 119.52053527274401,35.847497932956976,99251.7842105263							</coordinates>
						</LineString>
					</Placemark>
					<Placemark>
						<TimeSpan>
							<begin>2016-03-19</begin>
						</TimeSpan>
						<styleUrl>KmlStyle [strokeColor=java.awt.Color[r=178,g=195,b=250], strokeWidth=2.0, fillColor=null]</styleUrl>
						<LineString>
							<tessellate>1</tessellate>
							<altitudeMode>relativeToGround</altitudeMode>
							<coordinates>119.52053527274401,35.847497932956976,99251.7842105263 120.69906339749697,35.850367173917064,91617.03157894735							</coordinates>
						</LineString>
					</Placemark>
					<Placemark>
						<TimeSpan>
							<begin>2016-06-26</begin>
						</TimeSpan>
						<styleUrl>KmlStyle [strokeColor=java.awt.Color[r=178,g=195,b=250], strokeWidth=2.0, fillColor=null]</styleUrl>
						<LineString>
							<tessellate>1</tessellate>
							<altitudeMode>relativeToGround</altitudeMode>
							<coordinates>120.69906339749697,35.850367173917064,91617.03157894735 121.87749092156736,35.85419423361979,81800.92105263157							</coordinates>
						</LineString>
					</Placemark>
					<Placemark>
						<TimeSpan>
							<begin>2016-10-02</begin>
						</TimeSpan>
						<styleUrl>KmlStyle [strokeColor=java.awt.Color[r=178,g=195,b=250], strokeWidth=2.0, fillColor=null]</styleUrl>
						<LineString>
							<tessellate>1</tessellate>
							<altitudeMode>relativeToGround</altitudeMode>
							<coordinates>121.87749092156736,35.85419423361979,81800.92105263157 123.05579913363162,35.859170528757446,69803.45263157896							</coordinates>
						</LineString>
					</Placemark>
					<Placemark>
						<TimeSpan>
							<begin>2017-01-08</begin>
						</TimeSpan>
						<styleUrl>KmlStyle [strokeColor=java.awt.Color[r=178,g=195,b=250], strokeWidth=2.0, fillColor=null]</styleUrl>
						<LineString>
							<tessellate>1</tessellate>
							<altitudeMode>relativeToGround</altitudeMode>
							<coordinates>123.05579913363162,35.859170528757446,69803.45263157896 124.2339638657605,35.86558321754179,55624.62631578947							</coordinates>
						</LineString>
					</Placemark>
					<Placemark>
						<TimeSpan>
							<begin>2017-04-17</begin>
						</TimeSpan>
						<styleUrl>KmlStyle [strokeColor=java.awt.Color[r=178,g=195,b=250], strokeWidth=2.0, fillColor=null]</styleUrl>
						<LineString>
							<tessellate>1</tessellate>
							<altitudeMode>relativeToGround</altitudeMode>
							<coordinates>124.2339638657605,35.86558321754179,55624.62631578947 125.41195122159101,35.87391094934024,39264.44210526318							</coordinates>
						</LineString>
					</Placemark>
					<Placemark>
						<TimeSpan>
							<begin>2017-07-24</begin>
						</TimeSpan>
						<styleUrl>KmlStyle [strokeColor=java.awt.Color[r=178,g=195,b=250], strokeWidth=2.0, fillColor=null]</styleUrl>
						<LineString>
							<tessellate>1</tessellate>
							<altitudeMode>relativeToGround</altitudeMode>
							<coordinates>125.41195122159101,35.87391094934024,39264.44210526318 126.58970583164293,35.885111118286204,20722.900000000023							</coordinates>
						</LineString>
					</Placemark>
					<Placemark>
						<TimeSpan>
							<begin>2017-10-30</begin>
						</TimeSpan>
						<styleUrl>KmlStyle [strokeColor=java.awt.Color[r=178,g=195,b=250], strokeWidth=2.0, fillColor=null]</styleUrl>
						<LineString>
							<tessellate>1</tessellate>
							<altitudeMode>relativeToGround</altitudeMode>
							<coordinates>126.58970583164293,35.885111118286204,20722.900000000023 127.7669,35.9078,5.820766091346741E-11							</coordinates>
						</LineString>
					</Placemark>
				</Folder>
				<Folder>
					<name>China to USA</name>
					<description></description>
					<Placemark>
						<TimeSpan>
							<begin>2016-04-25</begin>
						</TimeSpan>
						<styleUrl>KmlStyle [strokeColor=java.awt.Color[r=178,g=195,b=250], strokeWidth=2.0, fillColor=null]</styleUrl>
						<LineString>
							<tessellate>1</tessellate>
							<altitudeMode>relativeToGround</altitudeMode>
							<coordinates>104.1954,35.8617,0.0 112.25117738168471,35.816761112860675,20722.899999999998							</coordinates>
						</LineString>
					</Placemark>
					<Placemark>
						<TimeSpan>
							<begin>2016-06-12</begin>
						</TimeSpan>
						<styleUrl>KmlStyle [strokeColor=java.awt.Color[r=178,g=195,b=250], strokeWidth=2.0, fillColor=null]</styleUrl>
						<LineString>
							<tessellate>1</tessellate>
							<altitudeMode>relativeToGround</altitudeMode>
							<coordinates>112.25117738168471,35.816761112860675,20722.899999999998 120.29810606119493,35.785450638553634,39264.44210526316							</coordinates>
						</LineString>
					</Placemark>
					<Placemark>
						<TimeSpan>
							<begin>2016-07-30</begin>
						</TimeSpan>
						<styleUrl>KmlStyle [strokeColor=java.awt.Color[r=178,g=195,b=250], strokeWidth=2.0, fillColor=null]</styleUrl>
						<LineString>
							<tessellate>1</tessellate>
							<altitudeMode>relativeToGround</altitudeMode>
							<coordinates>120.29810606119493,35.785450638553634,39264.44210526316 128.3350136813566,35.7683910203545,55624.62631578947							</coordinates>
						</LineString>
					</Placemark>
					<Placemark>
						<TimeSpan>
							<begin>2016-09-17</begin>
						</TimeSpan>
						<styleUrl>KmlStyle [strokeColor=java.awt.Color[r=178,g=195,b=250], strokeWidth=2.0, fillColor=null]</styleUrl>
						<LineString>
							<tessellate>1</tessellate>
							<altitudeMode>relativeToGround</altitudeMode>
							<coordinates>128.3350136813566,35.7683910203545,55624.62631578947 136.36066688879578,35.76628464959765,69803.45263157894							</coordinates>
						</LineString>
					</Placemark>
					<Placemark>
						<TimeSpan>
							<begin>2016-11-04</begin>
						</TimeSpan>
						<styleUrl>KmlStyle [strokeColor=java.awt.Color[r=178,g=195,b=250], strokeWidth=2.0, fillColor=null]</styleUrl>
						<LineString>
							<tessellate>1</tessellate>
							<altitudeMode>relativeToGround</altitudeMode>
							<coordinates>136.36066688879578,35.76628464959765,69803.45263157894 144.37375860203267,35.77992911834479,81800.92105263159							</coordinates>
						</LineString>
					</Placemark>
					<Placemark>
						<TimeSpan>
							<begin>2016-12-22</begin>
						</TimeSpan>
						<styleUrl>KmlStyle [strokeColor=java.awt.Color[r=178,g=195,b=250], strokeWidth=2.0, fillColor=null]</styleUrl>
						<LineString>
							<tessellate>1</tessellate>
							<altitudeMode>relativeToGround</altitudeMode>
							<coordinates>144.37375860203267,35.77992911834479,81800.92105263159 152.37289271050648,35.810236539281675,91617.03157894737							</coordinates>
						</LineString>
					</Placemark>
					<Placemark>
						<TimeSpan>
							<begin>2017-02-09</begin>
						</TimeSpan>
						<styleUrl>KmlStyle [strokeColor=java.awt.Color[r=178,g=195,b=250], strokeWidth=2.0, fillColor=null]</styleUrl>
						<LineString>
							<tessellate>1</tessellate>
							<altitudeMode>relativeToGround</altitudeMode>
							<coordinates>152.37289271050648,35.810236539281675,91617.03157894737 160.35656543384917,35.8582583865401,99251.7842105263							</coordinates>
						</LineString>
					</Placemark>
					<Placemark>
						<TimeSpan>
							<begin>2017-03-29</begin>
						</TimeSpan>
						<styleUrl>KmlStyle [strokeColor=java.awt.Color[r=178,g=195,b=250], strokeWidth=2.0, fillColor=null]</styleUrl>
						<LineString>
							<tessellate>1</tessellate>
							<altitudeMode>relativeToGround</altitudeMode>
							<coordinates>160.35656543384917,35.8582583865401,99251.7842105263 168.32314226202465,35.925217982139664,104705.17894736842							</coordinates>
						</LineString>
					</Placemark>
					<Placemark>
						<TimeSpan>
							<begin>2017-05-16</begin>
						</TimeSpan>
						<styleUrl>KmlStyle [strokeColor=java.awt.Color[r=178,g=195,b=250], strokeWidth=2.0, fillColor=null]</styleUrl>
						<LineString>
							<tessellate>1</tessellate>
							<altitudeMode>relativeToGround</altitudeMode>
							<coordinates>168.32314226202465,35.925217982139664,104705.17894736842 176.27082892732454,36.01255381513088,107977.21578947369							</coordinates>
						</LineString>
					</Placemark>
					<Placemark>
						<TimeSpan>
							<begin>2017-07-04</begin>
						</TimeSpan>
						<styleUrl>KmlStyle [strokeColor=java.awt.Color[r=178,g=195,b=250], strokeWidth=2.0, fillColor=null]</styleUrl>
						<LineString>
							<tessellate>1</tessellate>
							<altitudeMode>relativeToGround</altitudeMode>
							<coordinates>176.27082892732454,36.01255381513088,107977.21578947369 -175.80236587836612,36.121978618902574,109067.89473684212							</coordinates>
						</LineString>
					</Placemark>
					<Placemark>
						<TimeSpan>
							<begin>2017-08-21</begin>
						</TimeSpan>
						<styleUrl>KmlStyle [strokeColor=java.awt.Color[r=178,g=195,b=250], strokeWidth=2.0, fillColor=null]</styleUrl>
						<LineString>
							<tessellate>1</tessellate>
							<altitudeMode>relativeToGround</altitudeMode>
							<coordinates>-175.80236587836612,36.121978618902574,109067.89473684212 -167.89867952980939,36.255562087188665,107977.21578947367							</coordinates>
						</LineString>
					</Placemark>
					<Placemark>
						<TimeSpan>
							<begin>2017-10-09</begin>
						</TimeSpan>
						<styleUrl>KmlStyle [strokeColor=java.awt.Color[r=178,g=195,b=250], strokeWidth=2.0, fillColor=null]</styleUrl>
						<LineString>
							<tessellate>1</tessellate>
							<altitudeMode>relativeToGround</altitudeMode>
							<coordinates>-167.89867952980939,36.255562087188665,107977.21578947367 -160.02066177394576,36.41585036233867,104705.17894736843							</coordinates>
						</LineString>
					</Placemark>
					<Placemark>
						<TimeSpan>
							<begin>2017-11-26</begin>
						</TimeSpan>
						<styleUrl>KmlStyle [strokeColor=java.awt.Color[r=178,g=195,b=250], strokeWidth=2.0, fillColor=null]</styleUrl>
						<LineString>
							<tessellate>1</tessellate>
							<altitudeMode>relativeToGround</altitudeMode>
							<coordinates>-160.02066177394576,36.41585036233867,104705.17894736843 -152.1712675230634,36.60604527776087,99251.7842105263							</coordinates>
						</LineString>
					</Placemark>
					<Placemark>
						<TimeSpan>
							<begin>2018-01-13</begin>
						</TimeSpan>
						<styleUrl>KmlStyle [strokeColor=java.awt.Color[r=178,g=195,b=250], strokeWidth=2.0, fillColor=null]</styleUrl>
						<LineString>
							<tessellate>1</tessellate>
							<altitudeMode>relativeToGround</altitudeMode>
							<coordinates>-152.1712675230634,36.60604527776087,99251.7842105263 -144.35399236610172,36.83028603030052,91617.03157894735							</coordinates>
						</LineString>
					</Placemark>
					<Placemark>
						<TimeSpan>
							<begin>2018-03-03</begin>
						</TimeSpan>
						<styleUrl>KmlStyle [strokeColor=java.awt.Color[r=178,g=195,b=250], strokeWidth=2.0, fillColor=null]</styleUrl>
						<LineString>
							<tessellate>1</tessellate>
							<altitudeMode>relativeToGround</altitudeMode>
							<coordinates>-144.35399236610172,36.83028603030052,91617.03157894735 -136.5730815637292,37.094118620405,81800.92105263157							</coordinates>
						</LineString>
					</Placemark>
					<Placemark>
						<TimeSpan>
							<begin>2018-04-20</begin>
						</TimeSpan>
						<styleUrl>KmlStyle [strokeColor=java.awt.Color[r=178,g=195,b=250], strokeWidth=2.0, fillColor=null]</styleUrl>
						<LineString>
							<tessellate>1</tessellate>
							<altitudeMode>relativeToGround</altitudeMode>
							<coordinates>-136.5730815637292,37.094118620405,81800.92105263157 -128.8338766023629,37.405340762584075,69803.45263157896							</coordinates>
						</LineString>
					</Placemark>
					<Placemark>
						<TimeSpan>
							<begin>2018-06-07</begin>
						</TimeSpan>
						<styleUrl>KmlStyle [strokeColor=java.awt.Color[r=178,g=195,b=250], strokeWidth=2.0, fillColor=null]</styleUrl>
						<LineString>
							<tessellate>1</tessellate>
							<altitudeMode>relativeToGround</altitudeMode>
							<coordinates>-128.8338766023629,37.405340762584075,69803.45263157896 -121.14345083110646,37.77569138592939,55624.62631578947							</coordinates>
						</LineString>
					</Placemark>
					<Placemark>
						<TimeSpan>
							<begin>2018-07-26</begin>
						</TimeSpan>
						<styleUrl>KmlStyle [strokeColor=java.awt.Color[r=178,g=195,b=250], strokeWidth=2.0, fillColor=null]</styleUrl>
						<LineString>
							<tessellate>1</tessellate>
							<altitudeMode>relativeToGround</altitudeMode>
							<coordinates>-121.14345083110646,37.77569138592939,55624.62631578947 -113.51196405297674,38.22479153725991,39264.44210526318							</coordinates>
						</LineString>
					</Placemark>
					<Placemark>
						<TimeSpan>
							<begin>2018-09-12</begin>
						</TimeSpan>
						<styleUrl>KmlStyle [strokeColor=java.awt.Color[r=178,g=195,b=250], strokeWidth=2.0, fillColor=null]</styleUrl>
						<LineString>
							<tessellate>1</tessellate>
							<altitudeMode>relativeToGround</altitudeMode>
							<coordinates>-113.51196405297674,38.22479153725991,39264.44210526318 -105.95636297178973,38.7919610059913,20722.900000000023							</coordinates>
						</LineString>
					</Placemark>
					<Placemark>
						<TimeSpan>
							<begin>2018-10-30</begin>
						</TimeSpan>
						<styleUrl>KmlStyle [strokeColor=java.awt.Color[r=178,g=195,b=250], strokeWidth=2.0, fillColor=null]</styleUrl>
						<LineString>
							<tessellate>1</tessellate>
							<altitudeMode>relativeToGround</altitudeMode>
							<coordinates>-105.95636297178973,38.7919610059913,20722.900000000023 -98.5795,39.8283,5.820766091346741E-11							</coordinates>
						</LineString>
					</Placemark>
				</Folder>
				<Folder>
					<name>China to Taiwan</name>
					<description></description>
					<Placemark>
						<TimeSpan>
							<begin>2016-04-25</begin>
						</TimeSpan>
						<styleUrl>KmlStyle [strokeColor=java.awt.Color[r=178,g=195,b=250], strokeWidth=2.0, fillColor=null]</styleUrl>
						<LineString>
							<tessellate>1</tessellate>
							<altitudeMode>relativeToGround</altitudeMode>
							<coordinates>104.1954,35.8617,0.0 104.96427499291171,35.250228010459615,20722.899999999998							</coordinates>
						</LineString>
					</Placemark>
					<Placemark>
						<TimeSpan>
							<begin>2016-08-09</begin>
						</TimeSpan>
						<styleUrl>KmlStyle [strokeColor=java.awt.Color[r=178,g=195,b=250], strokeWidth=2.0, fillColor=null]</styleUrl>
						<LineString>
							<tessellate>1</tessellate>
							<altitudeMode>relativeToGround</altitudeMode>
							<coordinates>104.96427499291171,35.250228010459615,20722.899999999998 105.74149055696253,34.63895156919393,39264.44210526316							</coordinates>
						</LineString>
					</Placemark>
					<Placemark>
						<TimeSpan>
							<begin>2016-11-23</begin>
						</TimeSpan>
						<styleUrl>KmlStyle [strokeColor=java.awt.Color[r=178,g=195,b=250], strokeWidth=2.0, fillColor=null]</styleUrl>
						<LineString>
							<tessellate>1</tessellate>
							<altitudeMode>relativeToGround</altitudeMode>
							<coordinates>105.74149055696253,34.63895156919393,39264.44210526316 106.52687551232388,34.02788031680008,55624.62631578947							</coordinates>
						</LineString>
					</Placemark>
					<Placemark>
						<TimeSpan>
							<begin>2017-03-09</begin>
						</TimeSpan>
						<styleUrl>KmlStyle [strokeColor=java.awt.Color[r=178,g=195,b=250], strokeWidth=2.0, fillColor=null]</styleUrl>
						<LineString>
							<tessellate>1</tessellate>
							<altitudeMode>relativeToGround</altitudeMode>
							<coordinates>106.52687551232388,34.02788031680008,55624.62631578947 107.32025558803862,33.41702478774496,69803.45263157894							</coordinates>
						</LineString>
					</Placemark>
					<Placemark>
						<TimeSpan>
							<begin>2017-06-23</begin>
						</TimeSpan>
						<styleUrl>KmlStyle [strokeColor=java.awt.Color[r=178,g=195,b=250], strokeWidth=2.0, fillColor=null]</styleUrl>
						<LineString>
							<tessellate>1</tessellate>
							<altitudeMode>relativeToGround</altitudeMode>
							<coordinates>107.32025558803862,33.41702478774496,69803.45263157894 108.12145371883072,32.80639657686671,81800.92105263159							</coordinates>
						</LineString>
					</Placemark>
					<Placemark>
						<TimeSpan>
							<begin>2017-10-07</begin>
						</TimeSpan>
						<styleUrl>KmlStyle [strokeColor=java.awt.Color[r=178,g=195,b=250], strokeWidth=2.0, fillColor=null]</styleUrl>
						<LineString>
							<tessellate>1</tessellate>
							<altitudeMode>relativeToGround</altitudeMode>
							<coordinates>108.12145371883072,32.80639657686671,81800.92105263159 108.93029037963903,32.1960085507493,91617.03157894737							</coordinates>
						</LineString>
					</Placemark>
					<Placemark>
						<TimeSpan>
							<begin>2018-01-21</begin>
						</TimeSpan>
						<styleUrl>KmlStyle [strokeColor=java.awt.Color[r=178,g=195,b=250], strokeWidth=2.0, fillColor=null]</styleUrl>
						<LineString>
							<tessellate>1</tessellate>
							<altitudeMode>relativeToGround</altitudeMode>
							<coordinates>108.93029037963903,32.1960085507493,91617.03157894737 109.74658397046254,31.585875120010936,99251.7842105263							</coordinates>
						</LineString>
					</Placemark>
					<Placemark>
						<TimeSpan>
							<begin>2018-05-07</begin>
						</TimeSpan>
						<styleUrl>KmlStyle [strokeColor=java.awt.Color[r=178,g=195,b=250], strokeWidth=2.0, fillColor=null]</styleUrl>
						<LineString>
							<tessellate>1</tessellate>
							<altitudeMode>relativeToGround</altitudeMode>
							<coordinates>109.74658397046254,31.585875120010936,99251.7842105263 110.57015127002798,30.97601259595527,104705.17894736842							</coordinates>
						</LineString>
					</Placemark>
					<Placemark>
						<TimeSpan>
							<begin>2018-08-21</begin>
						</TimeSpan>
						<styleUrl>KmlStyle [strokeColor=java.awt.Color[r=178,g=195,b=250], strokeWidth=2.0, fillColor=null]</styleUrl>
						<LineString>
							<tessellate>1</tessellate>
							<altitudeMode>relativeToGround</altitudeMode>
							<coordinates>110.57015127002798,30.97601259595527,104705.17894736842 111.40080798616476,30.366439666767118,107977.21578947369							</coordinates>
						</LineString>
					</Placemark>
					<Placemark>
						<TimeSpan>
							<begin>2018-12-05</begin>
						</TimeSpan>
						<styleUrl>KmlStyle [strokeColor=java.awt.Color[r=178,g=195,b=250], strokeWidth=2.0, fillColor=null]</styleUrl>
						<LineString>
							<tessellate>1</tessellate>
							<altitudeMode>relativeToGround</altitudeMode>
							<coordinates>111.40080798616476,30.366439666767118,107977.21578947369 112.23836944611435,29.75717804763748,109067.89473684212							</coordinates>
						</LineString>
					</Placemark>
					<Placemark>
						<TimeSpan>
							<begin>2019-03-21</begin>
						</TimeSpan>
						<styleUrl>KmlStyle [strokeColor=java.awt.Color[r=178,g=195,b=250], strokeWidth=2.0, fillColor=null]</styleUrl>
						<LineString>
							<tessellate>1</tessellate>
							<altitudeMode>relativeToGround</altitudeMode>
							<coordinates>112.23836944611435,29.75717804763748,109067.89473684212 113.0826514960781,29.148253391858375,107977.21578947367							</coordinates>
						</LineString>
					</Placemark>
					<Placemark>
						<TimeSpan>
							<begin>2019-07-05</begin>
						</TimeSpan>
						<styleUrl>KmlStyle [strokeColor=java.awt.Color[r=178,g=195,b=250], strokeWidth=2.0, fillColor=null]</styleUrl>
						<LineString>
							<tessellate>1</tessellate>
							<altitudeMode>relativeToGround</altitudeMode>
							<coordinates>113.0826514960781,29.148253391858375,107977.21578947367 113.93347172567097,28.53969660799763,104705.17894736843							</coordinates>
						</LineString>
					</Placemark>
					<Placemark>
						<TimeSpan>
							<begin>2019-10-19</begin>
						</TimeSpan>
						<styleUrl>KmlStyle [strokeColor=java.awt.Color[r=178,g=195,b=250], strokeWidth=2.0, fillColor=null]</styleUrl>
						<LineString>
							<tessellate>1</tessellate>
							<altitudeMode>relativeToGround</altitudeMode>
							<coordinates>113.93347172567097,28.53969660799763,104705.17894736843 114.79065121988563,27.931545837179417,99251.7842105263							</coordinates>
						</LineString>
					</Placemark>
					<Placemark>
						<TimeSpan>
							<begin>2020-02-02</begin>
						</TimeSpan>
						<styleUrl>KmlStyle [strokeColor=java.awt.Color[r=178,g=195,b=250], strokeWidth=2.0, fillColor=null]</styleUrl>
						<LineString>
							<tessellate>1</tessellate>
							<altitudeMode>relativeToGround</altitudeMode>
							<coordinates>114.79065121988563,27.931545837179417,99251.7842105263 115.65401721506724,27.3238495623984,91617.03157894735							</coordinates>
						</LineString>
					</Placemark>
					<Placemark>
						<TimeSpan>
							<begin>2020-05-18</begin>
						</TimeSpan>
						<styleUrl>KmlStyle [strokeColor=java.awt.Color[r=178,g=195,b=250], strokeWidth=2.0, fillColor=null]</styleUrl>
						<LineString>
							<tessellate>1</tessellate>
							<altitudeMode>relativeToGround</altitudeMode>
							<coordinates>115.65401721506724,27.3238495623984,91617.03157894735 116.52340741224461,26.71667179408541,81800.92105263157							</coordinates>
						</LineString>
					</Placemark>
					<Placemark>
						<TimeSpan>
							<begin>2020-09-01</begin>
						</TimeSpan>
						<styleUrl>KmlStyle [strokeColor=java.awt.Color[r=178,g=195,b=250], strokeWidth=2.0, fillColor=null]</styleUrl>
						<LineString>
							<tessellate>1</tessellate>
							<altitudeMode>relativeToGround</altitudeMode>
							<coordinates>116.52340741224461,26.71667179408541,81800.92105263157 117.39867760578092,26.1101014100739,69803.45263157896							</coordinates>
						</LineString>
					</Placemark>
					<Placemark>
						<TimeSpan>
							<begin>2020-12-16</begin>
						</TimeSpan>
						<styleUrl>KmlStyle [strokeColor=java.awt.Color[r=178,g=195,b=250], strokeWidth=2.0, fillColor=null]</styleUrl>
						<LineString>
							<tessellate>1</tessellate>
							<altitudeMode>relativeToGround</altitudeMode>
							<coordinates>117.39867760578092,26.1101014100739,69803.45263157896 118.27971677362454,25.504270847737065,55624.62631578947							</coordinates>
						</LineString>
					</Placemark>
					<Placemark>
						<TimeSpan>
							<begin>2021-04-01</begin>
						</TimeSpan>
						<styleUrl>KmlStyle [strokeColor=java.awt.Color[r=178,g=195,b=250], strokeWidth=2.0, fillColor=null]</styleUrl>
						<LineString>
							<tessellate>1</tessellate>
							<altitudeMode>relativeToGround</altitudeMode>
							<coordinates>118.27971677362454,25.504270847737065,55624.62631578947 119.16648207212364,24.899399749596622,39264.44210526318							</coordinates>
						</LineString>
					</Placemark>
					<Placemark>
						<TimeSpan>
							<begin>2021-07-16</begin>
						</TimeSpan>
						<styleUrl>KmlStyle [strokeColor=java.awt.Color[r=178,g=195,b=250], strokeWidth=2.0, fillColor=null]</styleUrl>
						<LineString>
							<tessellate>1</tessellate>
							<altitudeMode>relativeToGround</altitudeMode>
							<coordinates>119.16648207212364,24.899399749596622,39264.44210526318 120.0591035246005,24.295926003552616,20722.900000000023							</coordinates>
						</LineString>
					</Placemark>
					<Placemark>
						<TimeSpan>
							<begin>2021-10-30</begin>
						</TimeSpan>
						<styleUrl>KmlStyle [strokeColor=java.awt.Color[r=178,g=195,b=250], strokeWidth=2.0, fillColor=null]</styleUrl>
						<LineString>
							<tessellate>1</tessellate>
							<altitudeMode>relativeToGround</altitudeMode>
							<coordinates>120.0591035246005,24.295926003552616,20722.900000000023 120.9605,23.6978,5.820766091346741E-11							</coordinates>
						</LineString>
					</Placemark>
				</Folder>
				<Folder>
					<name>USA to Canada</name>
					<description></description>
					<Placemark>
						<TimeSpan>
							<begin>2002-07-12</begin>
						</TimeSpan>
						<styleUrl>KmlStyle [strokeColor=java.awt.Color[r=178,g=195,b=250], strokeWidth=2.0, fillColor=null]</styleUrl>
						<LineString>
							<tessellate>1</tessellate>
							<altitudeMode>relativeToGround</altitudeMode>
							<coordinates>-98.5795,39.8283,0.0 -99.0009634930697,40.642916097248595,20722.899999999998							</coordinates>
						</LineString>
					</Placemark>
					<Placemark>
						<TimeSpan>
							<begin>2002-10-02</begin>
						</TimeSpan>
						<styleUrl>KmlStyle [strokeColor=java.awt.Color[r=178,g=195,b=250], strokeWidth=2.0, fillColor=null]</styleUrl>
						<LineString>
							<tessellate>1</tessellate>
							<altitudeMode>relativeToGround</altitudeMode>
							<coordinates>-99.0009634930697,40.642916097248595,20722.899999999998 -99.42071030476761,41.45755496277458,39264.44210526316							</coordinates>
						</LineString>
					</Placemark>
					<Placemark>
						<TimeSpan>
							<begin>2002-12-24</begin>
						</TimeSpan>
						<styleUrl>KmlStyle [strokeColor=java.awt.Color[r=178,g=195,b=250], strokeWidth=2.0, fillColor=null]</styleUrl>
						<LineString>
							<tessellate>1</tessellate>
							<altitudeMode>relativeToGround</altitudeMode>
							<coordinates>-99.42071030476761,41.45755496277458,39264.44210526316 -99.83848770410125,42.27221863613002,55624.62631578947							</coordinates>
						</LineString>
					</Placemark>
					<Placemark>
						<TimeSpan>
							<begin>2003-03-17</begin>
						</TimeSpan>
						<styleUrl>KmlStyle [strokeColor=java.awt.Color[r=178,g=195,b=250], strokeWidth=2.0, fillColor=null]</styleUrl>
						<LineString>
							<tessellate>1</tessellate>
							<altitudeMode>relativeToGround</altitudeMode>
							<coordinates>-99.83848770410125,42.27221863613002,55624.62631578947 -100.25403581277932,43.08690932696423,69803.45263157894							</coordinates>
						</LineString>
					</Placemark>
					<Placemark>
						<TimeSpan>
							<begin>2003-06-07</begin>
						</TimeSpan>
						<styleUrl>KmlStyle [strokeColor=java.awt.Color[r=178,g=195,b=250], strokeWidth=2.0, fillColor=null]</styleUrl>
						<LineString>
							<tessellate>1</tessellate>
							<altitudeMode>relativeToGround</altitudeMode>
							<coordinates>-100.25403581277932,43.08690932696423,69803.45263157894 -100.66708754028974,43.901629444721216,81800.92105263159							</coordinates>
						</LineString>
					</Placemark>
					<Placemark>
						<TimeSpan>
							<begin>2003-08-29</begin>
						</TimeSpan>
						<styleUrl>KmlStyle [strokeColor=java.awt.Color[r=178,g=195,b=250], strokeWidth=2.0, fillColor=null]</styleUrl>
						<LineString>
							<tessellate>1</tessellate>
							<altitudeMode>relativeToGround</altitudeMode>
							<coordinates>-100.66708754028974,43.901629444721216,81800.92105263159 -101.07736849584542,44.716381636373406,91617.03157894737							</coordinates>
						</LineString>
					</Placemark>
					<Placemark>
						<TimeSpan>
							<begin>2003-11-20</begin>
						</TimeSpan>
						<styleUrl>KmlStyle [strokeColor=java.awt.Color[r=178,g=195,b=250], strokeWidth=2.0, fillColor=null]</styleUrl>
						<LineString>
							<tessellate>1</tessellate>
							<altitudeMode>relativeToGround</altitudeMode>
							<coordinates>-101.07736849584542,44.716381636373406,91617.03157894737 -101.48459685973849,45.53116883506944,99251.7842105263							</coordinates>
						</LineString>
					</Placemark>
					<Placemark>
						<TimeSpan>
							<begin>2004-02-11</begin>
						</TimeSpan>
						<styleUrl>KmlStyle [strokeColor=java.awt.Color[r=178,g=195,b=250], strokeWidth=2.0, fillColor=null]</styleUrl>
						<LineString>
							<tessellate>1</tessellate>
							<altitudeMode>relativeToGround</altitudeMode>
							<coordinates>-101.48459685973849,45.53116883506944,99251.7842105263 -101.88848318727382,46.34599432389781,104705.17894736842							</coordinates>
						</LineString>
					</Placemark>
					<Placemark>
						<TimeSpan>
							<begin>2004-05-03</begin>
						</TimeSpan>
						<styleUrl>KmlStyle [strokeColor=java.awt.Color[r=178,g=195,b=250], strokeWidth=2.0, fillColor=null]</styleUrl>
						<LineString>
							<tessellate>1</tessellate>
							<altitudeMode>relativeToGround</altitudeMode>
							<coordinates>-101.88848318727382,46.34599432389781,104705.17894736842 -102.28873010348102,47.160861821063406,107977.21578947369							</coordinates>
						</LineString>
					</Placemark>
					<Placemark>
						<TimeSpan>
							<begin>2004-07-25</begin>
						</TimeSpan>
						<styleUrl>KmlStyle [strokeColor=java.awt.Color[r=178,g=195,b=250], strokeWidth=2.0, fillColor=null]</styleUrl>
						<LineString>
							<tessellate>1</tessellate>
							<altitudeMode>relativeToGround</altitudeMode>
							<coordinates>-102.28873010348102,47.160861821063406,107977.21578947369 -102.68503182213297,47.975775596197714,109067.89473684212							</coordinates>
						</LineString>
					</Placemark>
					<Placemark>
						<TimeSpan>
							<begin>2004-10-16</begin>
						</TimeSpan>
						<styleUrl>KmlStyle [strokeColor=java.awt.Color[r=178,g=195,b=250], strokeWidth=2.0, fillColor=null]</styleUrl>
						<LineString>
							<tessellate>1</tessellate>
							<altitudeMode>relativeToGround</altitudeMode>
							<coordinates>-102.68503182213297,47.975775596197714,109067.89473684212 -103.07707338043103,48.79074063333768,107977.21578947367							</coordinates>
						</LineString>
					</Placemark>
					<Placemark>
						<TimeSpan>
							<begin>2005-01-07</begin>
						</TimeSpan>
						<styleUrl>KmlStyle [strokeColor=java.awt.Color[r=178,g=195,b=250], strokeWidth=2.0, fillColor=null]</styleUrl>
						<LineString>
							<tessellate>1</tessellate>
							<altitudeMode>relativeToGround</altitudeMode>
							<coordinates>-103.07707338043103,48.79074063333768,107977.21578947367 -103.46452940542235,49.60576286643078,104705.17894736843							</coordinates>
						</LineString>
					</Placemark>
					<Placemark>
						<TimeSpan>
							<begin>2005-03-30</begin>
						</TimeSpan>
						<styleUrl>KmlStyle [strokeColor=java.awt.Color[r=178,g=195,b=250], strokeWidth=2.0, fillColor=null]</styleUrl>
						<LineString>
							<tessellate>1</tessellate>
							<altitudeMode>relativeToGround</altitudeMode>
							<coordinates>-103.46452940542235,49.60576286643078,104705.17894736843 -103.84706208650884,50.42084953255369,99251.7842105263							</coordinates>
						</LineString>
					</Placemark>
					<Placemark>
						<TimeSpan>
							<begin>2005-06-21</begin>
						</TimeSpan>
						<styleUrl>KmlStyle [strokeColor=java.awt.Color[r=178,g=195,b=250], strokeWidth=2.0, fillColor=null]</styleUrl>
						<LineString>
							<tessellate>1</tessellate>
							<altitudeMode>relativeToGround</altitudeMode>
							<coordinates>-103.84706208650884,50.42084953255369,99251.7842105263 -104.22431774406056,51.23600972663404,91617.03157894735							</coordinates>
						</LineString>
					</Placemark>
					<Placemark>
						<TimeSpan>
							<begin>2005-09-12</begin>
						</TimeSpan>
						<styleUrl>KmlStyle [strokeColor=java.awt.Color[r=178,g=195,b=250], strokeWidth=2.0, fillColor=null]</styleUrl>
						<LineString>
							<tessellate>1</tessellate>
							<altitudeMode>relativeToGround</altitudeMode>
							<coordinates>-104.22431774406056,51.23600972663404,91617.03157894735 -104.59592076618652,52.051255324974235,81800.92105263157							</coordinates>
						</LineString>
					</Placemark>
					<Placemark>
						<TimeSpan>
							<begin>2005-12-04</begin>
						</TimeSpan>
						<styleUrl>KmlStyle [strokeColor=java.awt.Color[r=178,g=195,b=250], strokeWidth=2.0, fillColor=null]</styleUrl>
						<LineString>
							<tessellate>1</tessellate>
							<altitudeMode>relativeToGround</altitudeMode>
							<coordinates>-104.59592076618652,52.051255324974235,81800.92105263157 -104.96146219836918,52.866602644955954,69803.45263157896							</coordinates>
						</LineString>
					</Placemark>
					<Placemark>
						<TimeSpan>
							<begin>2006-02-24</begin>
						</TimeSpan>
						<styleUrl>KmlStyle [strokeColor=java.awt.Color[r=178,g=195,b=250], strokeWidth=2.0, fillColor=null]</styleUrl>
						<LineString>
							<tessellate>1</tessellate>
							<altitudeMode>relativeToGround</altitudeMode>
							<coordinates>-104.96146219836918,52.866602644955954,69803.45263157896 -105.32047616934017,53.682075757501906,55624.62631578947							</coordinates>
						</LineString>
					</Placemark>
					<Placemark>
						<TimeSpan>
							<begin>2006-05-18</begin>
						</TimeSpan>
						<styleUrl>KmlStyle [strokeColor=java.awt.Color[r=178,g=195,b=250], strokeWidth=2.0, fillColor=null]</styleUrl>
						<LineString>
							<tessellate>1</tessellate>
							<altitudeMode>relativeToGround</altitudeMode>
							<coordinates>-105.32047616934017,53.682075757501906,55624.62631578947 -105.67238363019682,54.497714195753666,39264.44210526318							</coordinates>
						</LineString>
					</Placemark>
					<Placemark>
						<TimeSpan>
							<begin>2006-08-09</begin>
						</TimeSpan>
						<styleUrl>KmlStyle [strokeColor=java.awt.Color[r=178,g=195,b=250], strokeWidth=2.0, fillColor=null]</styleUrl>
						<LineString>
							<tessellate>1</tessellate>
							<altitudeMode>relativeToGround</altitudeMode>
							<coordinates>-105.67238363019682,54.497714195753666,39264.44210526318 -106.01632105568214,55.31359600540572,20722.900000000023							</coordinates>
						</LineString>
					</Placemark>
					<Placemark>
						<TimeSpan>
							<begin>2006-10-30</begin>
						</TimeSpan>
						<styleUrl>KmlStyle [strokeColor=java.awt.Color[r=178,g=195,b=250], strokeWidth=2.0, fillColor=null]</styleUrl>
						<LineString>
							<tessellate>1</tessellate>
							<altitudeMode>relativeToGround</altitudeMode>
							<coordinates>-106.01632105568214,55.31359600540572,20722.900000000023 -106.3468,56.1304,5.820766091346741E-11							</coordinates>
						</LineString>
					</Placemark>
				</Folder>
				<Folder>
					<name>United_Kingdom to Austria</name>
					<description></description>
					<Placemark>
						<TimeSpan>
							<begin>2006-02-18</begin>
						</TimeSpan>
						<styleUrl>KmlStyle [strokeColor=java.awt.Color[r=178,g=195,b=250], strokeWidth=2.0, fillColor=null]</styleUrl>
						<LineString>
							<tessellate>1</tessellate>
							<altitudeMode>relativeToGround</altitudeMode>
							<coordinates>-3.436,55.3781,0.0 -2.62854199475323,54.98110543527023,20722.899999999998							</coordinates>
						</LineString>
					</Placemark>
					<Placemark>
						<TimeSpan>
							<begin>2006-06-26</begin>
						</TimeSpan>
						<styleUrl>KmlStyle [strokeColor=java.awt.Color[r=178,g=195,b=250], strokeWidth=2.0, fillColor=null]</styleUrl>
						<LineString>
							<tessellate>1</tessellate>
							<altitudeMode>relativeToGround</altitudeMode>
							<coordinates>-2.62854199475323,54.98110543527023,20722.899999999998 -1.810834245553609,54.58429483602062,39264.44210526316							</coordinates>
						</LineString>
					</Placemark>
					<Placemark>
						<TimeSpan>
							<begin>2006-11-02</begin>
						</TimeSpan>
						<styleUrl>KmlStyle [strokeColor=java.awt.Color[r=178,g=195,b=250], strokeWidth=2.0, fillColor=null]</styleUrl>
						<LineString>
							<tessellate>1</tessellate>
							<altitudeMode>relativeToGround</altitudeMode>
							<coordinates>-1.810834245553609,54.58429483602062,39264.44210526316 -0.982983656124466,54.18768131592837,55624.62631578947							</coordinates>
						</LineString>
					</Placemark>
					<Placemark>
						<TimeSpan>
							<begin>2007-03-11</begin>
						</TimeSpan>
						<styleUrl>KmlStyle [strokeColor=java.awt.Color[r=178,g=195,b=250], strokeWidth=2.0, fillColor=null]</styleUrl>
						<LineString>
							<tessellate>1</tessellate>
							<altitudeMode>relativeToGround</altitudeMode>
							<coordinates>-0.982983656124466,54.18768131592837,55624.62631578947 -0.14509877738257182,53.79127944024357,69803.45263157894							</coordinates>
						</LineString>
					</Placemark>
					<Placemark>
						<TimeSpan>
							<begin>2007-07-18</begin>
						</TimeSpan>
						<styleUrl>KmlStyle [strokeColor=java.awt.Color[r=178,g=195,b=250], strokeWidth=2.0, fillColor=null]</styleUrl>
						<LineString>
							<tessellate>1</tessellate>
							<altitudeMode>relativeToGround</altitudeMode>
							<coordinates>-0.14509877738257182,53.79127944024357,69803.45263157894 0.7027105326405567,53.39510549496127,81800.92105263159							</coordinates>
						</LineString>
					</Placemark>
					<Placemark>
						<TimeSpan>
							<begin>2007-11-23</begin>
						</TimeSpan>
						<styleUrl>KmlStyle [strokeColor=java.awt.Color[r=178,g=195,b=250], strokeWidth=2.0, fillColor=null]</styleUrl>
						<LineString>
							<tessellate>1</tessellate>
							<altitudeMode>relativeToGround</altitudeMode>
							<coordinates>0.7027105326405567,53.39510549496127,81800.92105263159 1.560333507961832,52.999177828041866,91617.03157894737							</coordinates>
						</LineString>
					</Placemark>
					<Placemark>
						<TimeSpan>
							<begin>2008-03-31</begin>
						</TimeSpan>
						<styleUrl>KmlStyle [strokeColor=java.awt.Color[r=178,g=195,b=250], strokeWidth=2.0, fillColor=null]</styleUrl>
						<LineString>
							<tessellate>1</tessellate>
							<altitudeMode>relativeToGround</altitudeMode>
							<coordinates>1.560333507961832,52.999177828041866,91617.03157894737 2.427658954153736,52.60351728845301,99251.7842105263							</coordinates>
						</LineString>
					</Placemark>
					<Placemark>
						<TimeSpan>
							<begin>2008-08-07</begin>
						</TimeSpan>
						<styleUrl>KmlStyle [strokeColor=java.awt.Color[r=178,g=195,b=250], strokeWidth=2.0, fillColor=null]</styleUrl>
						<LineString>
							<tessellate>1</tessellate>
							<altitudeMode>relativeToGround</altitudeMode>
							<coordinates>2.427658954153736,52.60351728845301,99251.7842105263 3.3045758393884777,52.20814780071632,104705.17894736842							</coordinates>
						</LineString>
					</Placemark>
					<Placemark>
						<TimeSpan>
							<begin>2008-12-14</begin>
						</TimeSpan>
						<styleUrl>KmlStyle [strokeColor=java.awt.Color[r=178,g=195,b=250], strokeWidth=2.0, fillColor=null]</styleUrl>
						<LineString>
							<tessellate>1</tessellate>
							<altitudeMode>relativeToGround</altitudeMode>
							<coordinates>3.3045758393884777,52.20814780071632,104705.17894736842 4.190974043951834,51.81309713150707,107977.21578947369							</coordinates>
						</LineString>
					</Placemark>
					<Placemark>
						<TimeSpan>
							<begin>2009-04-22</begin>
						</TimeSpan>
						<styleUrl>KmlStyle [strokeColor=java.awt.Color[r=178,g=195,b=250], strokeWidth=2.0, fillColor=null]</styleUrl>
						<LineString>
							<tessellate>1</tessellate>
							<altitudeMode>relativeToGround</altitudeMode>
							<coordinates>4.190974043951834,51.81309713150707,107977.21578947369 5.086745340951257,51.41839793573788,109067.89473684212							</coordinates>
						</LineString>
					</Placemark>
					<Placemark>
						<TimeSpan>
							<begin>2009-08-28</begin>
						</TimeSpan>
						<styleUrl>KmlStyle [strokeColor=java.awt.Color[r=178,g=195,b=250], strokeWidth=2.0, fillColor=null]</styleUrl>
						<LineString>
							<tessellate>1</tessellate>
							<altitudeMode>relativeToGround</altitudeMode>
							<coordinates>5.086745340951257,51.41839793573788,109067.89473684212 5.991784724848427,51.024089222080654,107977.21578947367							</coordinates>
						</LineString>
					</Placemark>
					<Placemark>
						<TimeSpan>
							<begin>2010-01-04</begin>
						</TimeSpan>
						<styleUrl>KmlStyle [strokeColor=java.awt.Color[r=178,g=195,b=250], strokeWidth=2.0, fillColor=null]</styleUrl>
						<LineString>
							<tessellate>1</tessellate>
							<altitudeMode>relativeToGround</altitudeMode>
							<coordinates>5.991784724848427,51.024089222080654,107977.21578947367 6.905992282613969,50.630218471300076,104705.17894736843							</coordinates>
						</LineString>
					</Placemark>
					<Placemark>
						<TimeSpan>
							<begin>2010-05-13</begin>
						</TimeSpan>
						<styleUrl>KmlStyle [strokeColor=java.awt.Color[r=178,g=195,b=250], strokeWidth=2.0, fillColor=null]</styleUrl>
						<LineString>
							<tessellate>1</tessellate>
							<altitudeMode>relativeToGround</altitudeMode>
							<coordinates>6.905992282613969,50.630218471300076,104705.17894736843 7.8292759490780055,50.236844816018376,99251.7842105263							</coordinates>
						</LineString>
					</Placemark>
					<Placemark>
						<TimeSpan>
							<begin>2010-09-19</begin>
						</TimeSpan>
						<styleUrl>KmlStyle [strokeColor=java.awt.Color[r=178,g=195,b=250], strokeWidth=2.0, fillColor=null]</styleUrl>
						<LineString>
							<tessellate>1</tessellate>
							<altitudeMode>relativeToGround</altitudeMode>
							<coordinates>7.8292759490780055,50.236844816018376,99251.7842105263 8.761555782053136,49.84404404121068,91617.03157894735							</coordinates>
						</LineString>
					</Placemark>
					<Placemark>
						<TimeSpan>
							<begin>2011-01-26</begin>
						</TimeSpan>
						<styleUrl>KmlStyle [strokeColor=java.awt.Color[r=178,g=195,b=250], strokeWidth=2.0, fillColor=null]</styleUrl>
						<LineString>
							<tessellate>1</tessellate>
							<altitudeMode>relativeToGround</altitudeMode>
							<coordinates>8.761555782053136,49.84404404121068,91617.03157894735 9.7027710307782,49.45191692496841,81800.92105263157							</coordinates>
						</LineString>
					</Placemark>
					<Placemark>
						<TimeSpan>
							<begin>2011-06-03</begin>
						</TimeSpan>
						<styleUrl>KmlStyle [strokeColor=java.awt.Color[r=178,g=195,b=250], strokeWidth=2.0, fillColor=null]</styleUrl>
						<LineString>
							<tessellate>1</tessellate>
							<altitudeMode>relativeToGround</altitudeMode>
							<coordinates>9.7027710307782,49.45191692496841,81800.92105263157 10.652892804733295,49.060604264765736,69803.45263157896							</coordinates>
						</LineString>
					</Placemark>
					<Placemark>
						<TimeSpan>
							<begin>2011-10-10</begin>
						</TimeSpan>
						<styleUrl>KmlStyle [strokeColor=java.awt.Color[r=178,g=195,b=250], strokeWidth=2.0, fillColor=null]</styleUrl>
						<LineString>
							<tessellate>1</tessellate>
							<altitudeMode>relativeToGround</altitudeMode>
							<coordinates>10.652892804733295,49.060604264765736,69803.45263157896 11.61194937348606,48.670316958505126,55624.62631578947							</coordinates>
						</LineString>
					</Placemark>
					<Placemark>
						<TimeSpan>
							<begin>2012-02-16</begin>
						</TimeSpan>
						<styleUrl>KmlStyle [strokeColor=java.awt.Color[r=178,g=195,b=250], strokeWidth=2.0, fillColor=null]</styleUrl>
						<LineString>
							<tessellate>1</tessellate>
							<altitudeMode>relativeToGround</altitudeMode>
							<coordinates>11.61194937348606,48.670316958505126,55624.62631578947 12.58008522841231,48.28140626877157,39264.44210526318							</coordinates>
						</LineString>
					</Placemark>
					<Placemark>
						<TimeSpan>
							<begin>2012-06-24</begin>
						</TimeSpan>
						<styleUrl>KmlStyle [strokeColor=java.awt.Color[r=178,g=195,b=250], strokeWidth=2.0, fillColor=null]</styleUrl>
						<LineString>
							<tessellate>1</tessellate>
							<altitudeMode>relativeToGround</altitudeMode>
							<coordinates>12.58008522841231,48.28140626877157,39264.44210526318 13.557738582863395,47.894574876541306,20722.900000000023							</coordinates>
						</LineString>
					</Placemark>
					<Placemark>
						<TimeSpan>
							<begin>2012-10-30</begin>
						</TimeSpan>
						<styleUrl>KmlStyle [strokeColor=java.awt.Color[r=178,g=195,b=250], strokeWidth=2.0, fillColor=null]</styleUrl>
						<LineString>
							<tessellate>1</tessellate>
							<altitudeMode>relativeToGround</altitudeMode>
							<coordinates>13.557738582863395,47.894574876541306,20722.900000000023 14.5501,47.5162,5.820766091346741E-11							</coordinates>
						</LineString>
					</Placemark>
				</Folder>
				<Folder>
					<name>United_Kingdom to Germany</name>
					<description></description>
					<Placemark>
						<TimeSpan>
							<begin>2008-11-06</begin>
						</TimeSpan>
						<styleUrl>KmlStyle [strokeColor=java.awt.Color[r=178,g=195,b=250], strokeWidth=2.0, fillColor=null]</styleUrl>
						<LineString>
							<tessellate>1</tessellate>
							<altitudeMode>relativeToGround</altitudeMode>
							<coordinates>-3.436,55.3781,0.0 -2.7794344781116473,55.165318440662716,20722.899999999998							</coordinates>
						</LineString>
					</Placemark>
					<Placemark>
						<TimeSpan>
							<begin>2009-02-09</begin>
						</TimeSpan>
						<styleUrl>KmlStyle [strokeColor=java.awt.Color[r=178,g=195,b=250], strokeWidth=2.0, fillColor=null]</styleUrl>
						<LineString>
							<tessellate>1</tessellate>
							<altitudeMode>relativeToGround</altitudeMode>
							<coordinates>-2.7794344781116473,55.165318440662716,20722.899999999998 -2.118765548338871,54.952644124477935,39264.44210526316							</coordinates>
						</LineString>
					</Placemark>
					<Placemark>
						<TimeSpan>
							<begin>2009-05-16</begin>
						</TimeSpan>
						<styleUrl>KmlStyle [strokeColor=java.awt.Color[r=178,g=195,b=250], strokeWidth=2.0, fillColor=null]</styleUrl>
						<LineString>
							<tessellate>1</tessellate>
							<altitudeMode>relativeToGround</altitudeMode>
							<coordinates>-2.118765548338871,54.952644124477935,39264.44210526316 -1.4540217426002404,54.740083813188555,55624.62631578947							</coordinates>
						</LineString>
					</Placemark>
					<Placemark>
						<TimeSpan>
							<begin>2009-08-20</begin>
						</TimeSpan>
						<styleUrl>KmlStyle [strokeColor=java.awt.Color[r=178,g=195,b=250], strokeWidth=2.0, fillColor=null]</styleUrl>
						<LineString>
							<tessellate>1</tessellate>
							<altitudeMode>relativeToGround</altitudeMode>
							<coordinates>-1.4540217426002404,54.740083813188555,55624.62631578947 -0.7852313624246634,54.527645047641755,69803.45263157894							</coordinates>
						</LineString>
					</Placemark>
					<Placemark>
						<TimeSpan>
							<begin>2009-11-24</begin>
						</TimeSpan>
						<styleUrl>KmlStyle [strokeColor=java.awt.Color[r=178,g=195,b=250], strokeWidth=2.0, fillColor=null]</styleUrl>
						<LineString>
							<tessellate>1</tessellate>
							<altitudeMode>relativeToGround</altitudeMode>
							<coordinates>-0.7852313624246634,54.527645047641755,69803.45263157894 -0.11242237240224474,54.31533629380227,81800.92105263159							</coordinates>
						</LineString>
					</Placemark>
					<Placemark>
						<TimeSpan>
							<begin>2010-02-27</begin>
						</TimeSpan>
						<styleUrl>KmlStyle [strokeColor=java.awt.Color[r=178,g=195,b=250], strokeWidth=2.0, fillColor=null]</styleUrl>
						<LineString>
							<tessellate>1</tessellate>
							<altitudeMode>relativeToGround</altitudeMode>
							<coordinates>-0.11242237240224474,54.31533629380227,81800.92105263159 0.5643777326429033,54.10316712775432,91617.03157894737							</coordinates>
						</LineString>
					</Placemark>
					<Placemark>
						<TimeSpan>
							<begin>2010-06-03</begin>
						</TimeSpan>
						<styleUrl>KmlStyle [strokeColor=java.awt.Color[r=178,g=195,b=250], strokeWidth=2.0, fillColor=null]</styleUrl>
						<LineString>
							<tessellate>1</tessellate>
							<altitudeMode>relativeToGround</altitudeMode>
							<coordinates>0.5643777326429033,54.10316712775432,91617.03157894737 1.2451420962755944,53.891148473629606,99251.7842105263							</coordinates>
						</LineString>
					</Placemark>
					<Placemark>
						<TimeSpan>
							<begin>2010-09-07</begin>
						</TimeSpan>
						<styleUrl>KmlStyle [strokeColor=java.awt.Color[r=178,g=195,b=250], strokeWidth=2.0, fillColor=null]</styleUrl>
						<LineString>
							<tessellate>1</tessellate>
							<altitudeMode>relativeToGround</altitudeMode>
							<coordinates>1.2451420962755944,53.891148473629606,99251.7842105263 1.929844718815766,53.67929291483593,104705.17894736842							</coordinates>
						</LineString>
					</Placemark>
					<Placemark>
						<TimeSpan>
							<begin>2010-12-12</begin>
						</TimeSpan>
						<styleUrl>KmlStyle [strokeColor=java.awt.Color[r=178,g=195,b=250], strokeWidth=2.0, fillColor=null]</styleUrl>
						<LineString>
							<tessellate>1</tessellate>
							<altitudeMode>relativeToGround</altitudeMode>
							<coordinates>1.929844718815766,53.67929291483593,104705.17894736842 2.6184607464263707,53.467615109155815,107977.21578947369							</coordinates>
						</LineString>
					</Placemark>
					<Placemark>
						<TimeSpan>
							<begin>2011-03-18</begin>
						</TimeSpan>
						<styleUrl>KmlStyle [strokeColor=java.awt.Color[r=178,g=195,b=250], strokeWidth=2.0, fillColor=null]</styleUrl>
						<LineString>
							<tessellate>1</tessellate>
							<altitudeMode>relativeToGround</altitudeMode>
							<coordinates>2.6184607464263707,53.467615109155815,107977.21578947369 3.310966863425587,53.25613235497152,109067.89473684212							</coordinates>
						</LineString>
					</Placemark>
					<Placemark>
						<TimeSpan>
							<begin>2011-06-21</begin>
						</TimeSpan>
						<styleUrl>KmlStyle [strokeColor=java.awt.Color[r=178,g=195,b=250], strokeWidth=2.0, fillColor=null]</styleUrl>
						<LineString>
							<tessellate>1</tessellate>
							<altitudeMode>relativeToGround</altitudeMode>
							<coordinates>3.310966863425587,53.25613235497152,109067.89473684212 4.0073418399680545,53.0448653842476,107977.21578947367							</coordinates>
						</LineString>
					</Placemark>
					<Placemark>
						<TimeSpan>
							<begin>2011-09-25</begin>
						</TimeSpan>
						<styleUrl>KmlStyle [strokeColor=java.awt.Color[r=178,g=195,b=250], strokeWidth=2.0, fillColor=null]</styleUrl>
						<LineString>
							<tessellate>1</tessellate>
							<altitudeMode>relativeToGround</altitudeMode>
							<coordinates>4.0073418399680545,53.0448653842476,107977.21578947367 4.707567322227577,52.83383950836079,104705.17894736843							</coordinates>
						</LineString>
					</Placemark>
					<Placemark>
						<TimeSpan>
							<begin>2011-12-30</begin>
						</TimeSpan>
						<styleUrl>KmlStyle [strokeColor=java.awt.Color[r=178,g=195,b=250], strokeWidth=2.0, fillColor=null]</styleUrl>
						<LineString>
							<tessellate>1</tessellate>
							<altitudeMode>relativeToGround</altitudeMode>
							<coordinates>4.707567322227577,52.83383950836079,104705.17894736843 5.41162901795942,52.62308633750508,99251.7842105263							</coordinates>
						</LineString>
					</Placemark>
					<Placemark>
						<TimeSpan>
							<begin>2012-04-04</begin>
						</TimeSpan>
						<styleUrl>KmlStyle [strokeColor=java.awt.Color[r=178,g=195,b=250], strokeWidth=2.0, fillColor=null]</styleUrl>
						<LineString>
							<tessellate>1</tessellate>
							<altitudeMode>relativeToGround</altitudeMode>
							<coordinates>5.41162901795942,52.62308633750508,99251.7842105263 6.119518562098058,52.41264648373685,91617.03157894735							</coordinates>
						</LineString>
					</Placemark>
					<Placemark>
						<TimeSpan>
							<begin>2012-07-09</begin>
						</TimeSpan>
						<styleUrl>KmlStyle [strokeColor=java.awt.Color[r=178,g=195,b=250], strokeWidth=2.0, fillColor=null]</styleUrl>
						<LineString>
							<tessellate>1</tessellate>
							<altitudeMode>relativeToGround</altitudeMode>
							<coordinates>6.119518562098058,52.41264648373685,91617.03157894735 6.831236633156974,52.20257406809556,81800.92105263157							</coordinates>
						</LineString>
					</Placemark>
					<Placemark>
						<TimeSpan>
							<begin>2012-10-12</begin>
						</TimeSpan>
						<styleUrl>KmlStyle [strokeColor=java.awt.Color[r=178,g=195,b=250], strokeWidth=2.0, fillColor=null]</styleUrl>
						<LineString>
							<tessellate>1</tessellate>
							<altitudeMode>relativeToGround</altitudeMode>
							<coordinates>6.831236633156974,52.20257406809556,81800.92105263157 7.546798579313353,51.99294483749457,69803.45263157896							</coordinates>
						</LineString>
					</Placemark>
					<Placemark>
						<TimeSpan>
							<begin>2013-01-16</begin>
						</TimeSpan>
						<styleUrl>KmlStyle [strokeColor=java.awt.Color[r=178,g=195,b=250], strokeWidth=2.0, fillColor=null]</styleUrl>
						<LineString>
							<tessellate>1</tessellate>
							<altitudeMode>relativeToGround</altitudeMode>
							<coordinates>7.546798579313353,51.99294483749457,69803.45263157896 8.26624570923014,51.783872407639365,55624.62631578947							</coordinates>
						</LineString>
					</Placemark>
					<Placemark>
						<TimeSpan>
							<begin>2013-04-22</begin>
						</TimeSpan>
						<styleUrl>KmlStyle [strokeColor=java.awt.Color[r=178,g=195,b=250], strokeWidth=2.0, fillColor=null]</styleUrl>
						<LineString>
							<tessellate>1</tessellate>
							<altitudeMode>relativeToGround</altitudeMode>
							<coordinates>8.26624570923014,51.783872407639365,55624.62631578947 8.989671735836081,51.575546187482914,39264.44210526318							</coordinates>
						</LineString>
					</Placemark>
					<Placemark>
						<TimeSpan>
							<begin>2013-07-27</begin>
						</TimeSpan>
						<styleUrl>KmlStyle [strokeColor=java.awt.Color[r=178,g=195,b=250], strokeWidth=2.0, fillColor=null]</styleUrl>
						<LineString>
							<tessellate>1</tessellate>
							<altitudeMode>relativeToGround</altitudeMode>
							<coordinates>8.989671735836081,51.575546187482914,39264.44210526318 9.717302415208412,51.36834523754331,20722.900000000023							</coordinates>
						</LineString>
					</Placemark>
					<Placemark>
						<TimeSpan>
							<begin>2013-10-30</begin>
						</TimeSpan>
						<styleUrl>KmlStyle [strokeColor=java.awt.Color[r=178,g=195,b=250], strokeWidth=2.0, fillColor=null]</styleUrl>
						<LineString>
							<tessellate>1</tessellate>
							<altitudeMode>relativeToGround</altitudeMode>
							<coordinates>9.717302415208412,51.36834523754331,20722.900000000023 10.4515,51.1657,5.820766091346741E-11							</coordinates>
						</LineString>
					</Placemark>
				</Folder>
				<Folder>
					<name>China to USA</name>
					<description></description>
					<Placemark>
						<TimeSpan>
							<begin>2001-05-28</begin>
						</TimeSpan>
						<styleUrl>KmlStyle [strokeColor=java.awt.Color[r=178,g=195,b=250], strokeWidth=2.0, fillColor=null]</styleUrl>
						<LineString>
							<tessellate>1</tessellate>
							<altitudeMode>relativeToGround</altitudeMode>
							<coordinates>104.1954,35.8617,0.0 112.25117738168471,35.816761112860675,20722.899999999998							</coordinates>
						</LineString>
					</Placemark>
					<Placemark>
						<TimeSpan>
							<begin>2001-09-09</begin>
						</TimeSpan>
						<styleUrl>KmlStyle [strokeColor=java.awt.Color[r=178,g=195,b=250], strokeWidth=2.0, fillColor=null]</styleUrl>
						<LineString>
							<tessellate>1</tessellate>
							<altitudeMode>relativeToGround</altitudeMode>
							<coordinates>112.25117738168471,35.816761112860675,20722.899999999998 120.29810606119493,35.785450638553634,39264.44210526316							</coordinates>
						</LineString>
					</Placemark>
					<Placemark>
						<TimeSpan>
							<begin>2001-12-22</begin>
						</TimeSpan>
						<styleUrl>KmlStyle [strokeColor=java.awt.Color[r=178,g=195,b=250], strokeWidth=2.0, fillColor=null]</styleUrl>
						<LineString>
							<tessellate>1</tessellate>
							<altitudeMode>relativeToGround</altitudeMode>
							<coordinates>120.29810606119493,35.785450638553634,39264.44210526316 128.3350136813566,35.7683910203545,55624.62631578947							</coordinates>
						</LineString>
					</Placemark>
					<Placemark>
						<TimeSpan>
							<begin>2002-04-05</begin>
						</TimeSpan>
						<styleUrl>KmlStyle [strokeColor=java.awt.Color[r=178,g=195,b=250], strokeWidth=2.0, fillColor=null]</styleUrl>
						<LineString>
							<tessellate>1</tessellate>
							<altitudeMode>relativeToGround</altitudeMode>
							<coordinates>128.3350136813566,35.7683910203545,55624.62631578947 136.36066688879578,35.76628464959765,69803.45263157894							</coordinates>
						</LineString>
					</Placemark>
					<Placemark>
						<TimeSpan>
							<begin>2002-07-19</begin>
						</TimeSpan>
						<styleUrl>KmlStyle [strokeColor=java.awt.Color[r=178,g=195,b=250], strokeWidth=2.0, fillColor=null]</styleUrl>
						<LineString>
							<tessellate>1</tessellate>
							<altitudeMode>relativeToGround</altitudeMode>
							<coordinates>136.36066688879578,35.76628464959765,69803.45263157894 144.37375860203267,35.77992911834479,81800.92105263159							</coordinates>
						</LineString>
					</Placemark>
					<Placemark>
						<TimeSpan>
							<begin>2002-10-31</begin>
						</TimeSpan>
						<styleUrl>KmlStyle [strokeColor=java.awt.Color[r=178,g=195,b=250], strokeWidth=2.0, fillColor=null]</styleUrl>
						<LineString>
							<tessellate>1</tessellate>
							<altitudeMode>relativeToGround</altitudeMode>
							<coordinates>144.37375860203267,35.77992911834479,81800.92105263159 152.37289271050648,35.810236539281675,91617.03157894737							</coordinates>
						</LineString>
					</Placemark>
					<Placemark>
						<TimeSpan>
							<begin>2003-02-12</begin>
						</TimeSpan>
						<styleUrl>KmlStyle [strokeColor=java.awt.Color[r=178,g=195,b=250], strokeWidth=2.0, fillColor=null]</styleUrl>
						<LineString>
							<tessellate>1</tessellate>
							<altitudeMode>relativeToGround</altitudeMode>
							<coordinates>152.37289271050648,35.810236539281675,91617.03157894737 160.35656543384917,35.8582583865401,99251.7842105263							</coordinates>
						</LineString>
					</Placemark>
					<Placemark>
						<TimeSpan>
							<begin>2003-05-28</begin>
						</TimeSpan>
						<styleUrl>KmlStyle [strokeColor=java.awt.Color[r=178,g=195,b=250], strokeWidth=2.0, fillColor=null]</styleUrl>
						<LineString>
							<tessellate>1</tessellate>
							<altitudeMode>relativeToGround</altitudeMode>
							<coordinates>160.35656543384917,35.8582583865401,99251.7842105263 168.32314226202465,35.925217982139664,104705.17894736842							</coordinates>
						</LineString>
					</Placemark>
					<Placemark>
						<TimeSpan>
							<begin>2003-09-09</begin>
						</TimeSpan>
						<styleUrl>KmlStyle [strokeColor=java.awt.Color[r=178,g=195,b=250], strokeWidth=2.0, fillColor=null]</styleUrl>
						<LineString>
							<tessellate>1</tessellate>
							<altitudeMode>relativeToGround</altitudeMode>
							<coordinates>168.32314226202465,35.925217982139664,104705.17894736842 176.27082892732454,36.01255381513088,107977.21578947369							</coordinates>
						</LineString>
					</Placemark>
					<Placemark>
						<TimeSpan>
							<begin>2003-12-22</begin>
						</TimeSpan>
						<styleUrl>KmlStyle [strokeColor=java.awt.Color[r=178,g=195,b=250], strokeWidth=2.0, fillColor=null]</styleUrl>
						<LineString>
							<tessellate>1</tessellate>
							<altitudeMode>relativeToGround</altitudeMode>
							<coordinates>176.27082892732454,36.01255381513088,107977.21578947369 -175.80236587836612,36.121978618902574,109067.89473684212							</coordinates>
						</LineString>
					</Placemark>
					<Placemark>
						<TimeSpan>
							<begin>2004-04-05</begin>
						</TimeSpan>
						<styleUrl>KmlStyle [strokeColor=java.awt.Color[r=178,g=195,b=250], strokeWidth=2.0, fillColor=null]</styleUrl>
						<LineString>
							<tessellate>1</tessellate>
							<altitudeMode>relativeToGround</altitudeMode>
							<coordinates>-175.80236587836612,36.121978618902574,109067.89473684212 -167.89867952980939,36.255562087188665,107977.21578947367							</coordinates>
						</LineString>
					</Placemark>
					<Placemark>
						<TimeSpan>
							<begin>2004-07-18</begin>
						</TimeSpan>
						<styleUrl>KmlStyle [strokeColor=java.awt.Color[r=178,g=195,b=250], strokeWidth=2.0, fillColor=null]</styleUrl>
						<LineString>
							<tessellate>1</tessellate>
							<altitudeMode>relativeToGround</altitudeMode>
							<coordinates>-167.89867952980939,36.255562087188665,107977.21578947367 -160.02066177394576,36.41585036233867,104705.17894736843							</coordinates>
						</LineString>
					</Placemark>
					<Placemark>
						<TimeSpan>
							<begin>2004-10-30</begin>
						</TimeSpan>
						<styleUrl>KmlStyle [strokeColor=java.awt.Color[r=178,g=195,b=250], strokeWidth=2.0, fillColor=null]</styleUrl>
						<LineString>
							<tessellate>1</tessellate>
							<altitudeMode>relativeToGround</altitudeMode>
							<coordinates>-160.02066177394576,36.41585036233867,104705.17894736843 -152.1712675230634,36.60604527776087,99251.7842105263							</coordinates>
						</LineString>
					</Placemark>
					<Placemark>
						<TimeSpan>
							<begin>2005-02-12</begin>
						</TimeSpan>
						<styleUrl>KmlStyle [strokeColor=java.awt.Color[r=178,g=195,b=250], strokeWidth=2.0, fillColor=null]</styleUrl>
						<LineString>
							<tessellate>1</tessellate>
							<altitudeMode>relativeToGround</altitudeMode>
							<coordinates>-152.1712675230634,36.60604527776087,99251.7842105263 -144.35399236610172,36.83028603030052,91617.03157894735							</coordinates>
						</LineString>
					</Placemark>
					<Placemark>
						<TimeSpan>
							<begin>2005-05-27</begin>
						</TimeSpan>
						<styleUrl>KmlStyle [strokeColor=java.awt.Color[r=178,g=195,b=250], strokeWidth=2.0, fillColor=null]</styleUrl>
						<LineString>
							<tessellate>1</tessellate>
							<altitudeMode>relativeToGround</altitudeMode>
							<coordinates>-144.35399236610172,36.83028603030052,91617.03157894735 -136.5730815637292,37.094118620405,81800.92105263157							</coordinates>
						</LineString>
					</Placemark>
					<Placemark>
						<TimeSpan>
							<begin>2005-09-08</begin>
						</TimeSpan>
						<styleUrl>KmlStyle [strokeColor=java.awt.Color[r=178,g=195,b=250], strokeWidth=2.0, fillColor=null]</styleUrl>
						<LineString>
							<tessellate>1</tessellate>
							<altitudeMode>relativeToGround</altitudeMode>
							<coordinates>-136.5730815637292,37.094118620405,81800.92105263157 -128.8338766023629,37.405340762584075,69803.45263157896							</coordinates>
						</LineString>
					</Placemark>
					<Placemark>
						<TimeSpan>
							<begin>2005-12-22</begin>
						</TimeSpan>
						<styleUrl>KmlStyle [strokeColor=java.awt.Color[r=178,g=195,b=250], strokeWidth=2.0, fillColor=null]</styleUrl>
						<LineString>
							<tessellate>1</tessellate>
							<altitudeMode>relativeToGround</altitudeMode>
							<coordinates>-128.8338766023629,37.405340762584075,69803.45263157896 -121.14345083110646,37.77569138592939,55624.62631578947							</coordinates>
						</LineString>
					</Placemark>
					<Placemark>
						<TimeSpan>
							<begin>2006-04-05</begin>
						</TimeSpan>
						<styleUrl>KmlStyle [strokeColor=java.awt.Color[r=178,g=195,b=250], strokeWidth=2.0, fillColor=null]</styleUrl>
						<LineString>
							<tessellate>1</tessellate>
							<altitudeMode>relativeToGround</altitudeMode>
							<coordinates>-121.14345083110646,37.77569138592939,55624.62631578947 -113.51196405297674,38.22479153725991,39264.44210526318							</coordinates>
						</LineString>
					</Placemark>
					<Placemark>
						<TimeSpan>
							<begin>2006-07-18</begin>
						</TimeSpan>
						<styleUrl>KmlStyle [strokeColor=java.awt.Color[r=178,g=195,b=250], strokeWidth=2.0, fillColor=null]</styleUrl>
						<LineString>
							<tessellate>1</tessellate>
							<altitudeMode>relativeToGround</altitudeMode>
							<coordinates>-113.51196405297674,38.22479153725991,39264.44210526318 -105.95636297178973,38.7919610059913,20722.900000000023							</coordinates>
						</LineString>
					</Placemark>
					<Placemark>
						<TimeSpan>
							<begin>2006-10-30</begin>
						</TimeSpan>
						<styleUrl>KmlStyle [strokeColor=java.awt.Color[r=178,g=195,b=250], strokeWidth=2.0, fillColor=null]</styleUrl>
						<LineString>
							<tessellate>1</tessellate>
							<altitudeMode>relativeToGround</altitudeMode>
							<coordinates>-105.95636297178973,38.7919610059913,20722.900000000023 -98.5795,39.8283,5.820766091346741E-11							</coordinates>
						</LineString>
					</Placemark>
				</Folder>
				<Folder>
					<name>USA to Australia</name>
					<description></description>
					<Placemark>
						<TimeSpan>
							<begin>2010-06-25</begin>
						</TimeSpan>
						<styleUrl>KmlStyle [strokeColor=java.awt.Color[r=178,g=195,b=250], strokeWidth=2.0, fillColor=null]</styleUrl>
						<LineString>
							<tessellate>1</tessellate>
							<altitudeMode>relativeToGround</altitudeMode>
							<coordinates>-98.5795,39.8283,0.0 -102.18515130987213,36.3316539581907,20722.899999999998							</coordinates>
						</LineString>
					</Placemark>
					<Placemark>
						<TimeSpan>
							<begin>2010-08-12</begin>
						</TimeSpan>
						<styleUrl>KmlStyle [strokeColor=java.awt.Color[r=178,g=195,b=250], strokeWidth=2.0, fillColor=null]</styleUrl>
						<LineString>
							<tessellate>1</tessellate>
							<altitudeMode>relativeToGround</altitudeMode>
							<coordinates>-102.18515130987213,36.3316539581907,20722.899999999998 -106.15981077306157,32.860945603504554,39264.44210526316							</coordinates>
						</LineString>
					</Placemark>
					<Placemark>
						<TimeSpan>
							<begin>2010-09-29</begin>
						</TimeSpan>
						<styleUrl>KmlStyle [strokeColor=java.awt.Color[r=178,g=195,b=250], strokeWidth=2.0, fillColor=null]</styleUrl>
						<LineString>
							<tessellate>1</tessellate>
							<altitudeMode>relativeToGround</altitudeMode>
							<coordinates>-106.15981077306157,32.860945603504554,39264.44210526316 -110.5057363498622,29.417766064350754,55624.62631578947							</coordinates>
						</LineString>
					</Placemark>
					<Placemark>
						<TimeSpan>
							<begin>2010-11-17</begin>
						</TimeSpan>
						<styleUrl>KmlStyle [strokeColor=java.awt.Color[r=178,g=195,b=250], strokeWidth=2.0, fillColor=null]</styleUrl>
						<LineString>
							<tessellate>1</tessellate>
							<altitudeMode>relativeToGround</altitudeMode>
							<coordinates>-110.5057363498622,29.417766064350754,55624.62631578947 -115.22197490328026,26.00362082659847,69803.45263157894							</coordinates>
						</LineString>
					</Placemark>
					<Placemark>
						<TimeSpan>
							<begin>2011-01-04</begin>
						</TimeSpan>
						<styleUrl>KmlStyle [strokeColor=java.awt.Color[r=178,g=195,b=250], strokeWidth=2.0, fillColor=null]</styleUrl>
						<LineString>
							<tessellate>1</tessellate>
							<altitudeMode>relativeToGround</altitudeMode>
							<coordinates>-115.22197490328026,26.00362082659847,69803.45263157894 -120.30417515385832,22.619875168515645,81800.92105263159							</coordinates>
						</LineString>
					</Placemark>
					<Placemark>
						<TimeSpan>
							<begin>2011-02-22</begin>
						</TimeSpan>
						<styleUrl>KmlStyle [strokeColor=java.awt.Color[r=178,g=195,b=250], strokeWidth=2.0, fillColor=null]</styleUrl>
						<LineString>
							<tessellate>1</tessellate>
							<altitudeMode>relativeToGround</altitudeMode>
							<coordinates>-120.30417515385832,22.619875168515645,81800.92105263159 -125.74443657518687,19.267696854225836,91617.03157894737							</coordinates>
						</LineString>
					</Placemark>
					<Placemark>
						<TimeSpan>
							<begin>2011-04-11</begin>
						</TimeSpan>
						<styleUrl>KmlStyle [strokeColor=java.awt.Color[r=178,g=195,b=250], strokeWidth=2.0, fillColor=null]</styleUrl>
						<LineString>
							<tessellate>1</tessellate>
							<altitudeMode>relativeToGround</altitudeMode>
							<coordinates>-125.74443657518687,19.267696854225836,91617.03157894737 -131.53119968369734,15.947995517228158,99251.7842105263							</coordinates>
						</LineString>
					</Placemark>
					<Placemark>
						<TimeSpan>
							<begin>2011-05-30</begin>
						</TimeSpan>
						<styleUrl>KmlStyle [strokeColor=java.awt.Color[r=178,g=195,b=250], strokeWidth=2.0, fillColor=null]</styleUrl>
						<LineString>
							<tessellate>1</tessellate>
							<altitudeMode>relativeToGround</altitudeMode>
							<coordinates>-131.53119968369734,15.947995517228158,99251.7842105263 -137.64918137477272,12.66135781839804,104705.17894736842							</coordinates>
						</LineString>
					</Placemark>
					<Placemark>
						<TimeSpan>
							<begin>2011-07-17</begin>
						</TimeSpan>
						<styleUrl>KmlStyle [strokeColor=java.awt.Color[r=178,g=195,b=250], strokeWidth=2.0, fillColor=null]</styleUrl>
						<LineString>
							<tessellate>1</tessellate>
							<altitudeMode>relativeToGround</altitudeMode>
							<coordinates>-137.64918137477272,12.66135781839804,104705.17894736842 -144.07935671167704,9.407976739094154,107977.21578947369							</coordinates>
						</LineString>
					</Placemark>
					<Placemark>
						<TimeSpan>
							<begin>2011-09-04</begin>
						</TimeSpan>
						<styleUrl>KmlStyle [strokeColor=java.awt.Color[r=178,g=195,b=250], strokeWidth=2.0, fillColor=null]</styleUrl>
						<LineString>
							<tessellate>1</tessellate>
							<altitudeMode>relativeToGround</altitudeMode>
							<coordinates>-144.07935671167704,9.407976739094154,107977.21578947369 -150.79898582809932,6.187572058741316,109067.89473684212							</coordinates>
						</LineString>
					</Placemark>
					<Placemark>
						<TimeSpan>
							<begin>2011-10-22</begin>
						</TimeSpan>
						<styleUrl>KmlStyle [strokeColor=java.awt.Color[r=178,g=195,b=250], strokeWidth=2.0, fillColor=null]</styleUrl>
						<LineString>
							<tessellate>1</tessellate>
							<altitudeMode>relativeToGround</altitudeMode>
							<coordinates>-150.79898582809932,6.187572058741316,109067.89473684212 -157.78168120728327,2.9992967599667217,107977.21578947367							</coordinates>
						</LineString>
					</Placemark>
					<Placemark>
						<TimeSpan>
							<begin>2011-12-10</begin>
						</TimeSpan>
						<styleUrl>KmlStyle [strokeColor=java.awt.Color[r=178,g=195,b=250], strokeWidth=2.0, fillColor=null]</styleUrl>
						<LineString>
							<tessellate>1</tessellate>
							<altitudeMode>relativeToGround</altitudeMode>
							<coordinates>-157.78168120728327,2.9992967599667217,107977.21578947367 -164.99750616202326,-0.15838001711200356,104705.17894736843							</coordinates>
						</LineString>
					</Placemark>
					<Placemark>
						<TimeSpan>
							<begin>2012-01-27</begin>
						</TimeSpan>
						<styleUrl>KmlStyle [strokeColor=java.awt.Color[r=178,g=195,b=250], strokeWidth=2.0, fillColor=null]</styleUrl>
						<LineString>
							<tessellate>1</tessellate>
							<altitudeMode>relativeToGround</altitudeMode>
							<coordinates>-164.99750616202326,-0.15838001711200356,104705.17894736843 -172.41308891928696,-3.2878305347640153,99251.7842105263							</coordinates>
						</LineString>
					</Placemark>
					<Placemark>
						<TimeSpan>
							<begin>2012-03-16</begin>
						</TimeSpan>
						<styleUrl>KmlStyle [strokeColor=java.awt.Color[r=178,g=195,b=250], strokeWidth=2.0, fillColor=null]</styleUrl>
						<LineString>
							<tessellate>1</tessellate>
							<altitudeMode>relativeToGround</altitudeMode>
							<coordinates>-172.41308891928696,-3.2878305347640153,99251.7842105263 -179.99172603771436,-6.392498845987391,91617.03157894735							</coordinates>
						</LineString>
					</Placemark>
					<Placemark>
						<TimeSpan>
							<begin>2012-05-03</begin>
						</TimeSpan>
						<styleUrl>KmlStyle [strokeColor=java.awt.Color[r=178,g=195,b=250], strokeWidth=2.0, fillColor=null]</styleUrl>
						<LineString>
							<tessellate>1</tessellate>
							<altitudeMode>relativeToGround</altitudeMode>
							<coordinates>-179.99172603771436,-6.392498845987391,91617.03157894735 172.30657180682735,-9.477269154082931,81800.92105263157							</coordinates>
						</LineString>
					</Placemark>
					<Placemark>
						<TimeSpan>
							<begin>2012-06-21</begin>
						</TimeSpan>
						<styleUrl>KmlStyle [strokeColor=java.awt.Color[r=178,g=195,b=250], strokeWidth=2.0, fillColor=null]</styleUrl>
						<LineString>
							<tessellate>1</tessellate>
							<altitudeMode>relativeToGround</altitudeMode>
							<coordinates>172.30657180682735,-9.477269154082931,81800.92105263157 164.5251853885068,-12.549115712226646,69803.45263157896							</coordinates>
						</LineString>
					</Placemark>
					<Placemark>
						<TimeSpan>
							<begin>2012-08-08</begin>
						</TimeSpan>
						<styleUrl>KmlStyle [strokeColor=java.awt.Color[r=178,g=195,b=250], strokeWidth=2.0, fillColor=null]</styleUrl>
						<LineString>
							<tessellate>1</tessellate>
							<altitudeMode>relativeToGround</altitudeMode>
							<coordinates>164.5251853885068,-12.549115712226646,69803.45263157896 156.71136188476277,-15.618392826705044,55624.62631578947							</coordinates>
						</LineString>
					</Placemark>
					<Placemark>
						<TimeSpan>
							<begin>2012-09-26</begin>
						</TimeSpan>
						<styleUrl>KmlStyle [strokeColor=java.awt.Color[r=178,g=195,b=250], strokeWidth=2.0, fillColor=null]</styleUrl>
						<LineString>
							<tessellate>1</tessellate>
							<altitudeMode>relativeToGround</altitudeMode>
							<coordinates>156.71136188476277,-15.618392826705044,55624.62631578947 148.917682268314,-18.701838464076474,39264.44210526318							</coordinates>
						</LineString>
					</Placemark>
					<Placemark>
						<TimeSpan>
							<begin>2012-11-13</begin>
						</TimeSpan>
						<styleUrl>KmlStyle [strokeColor=java.awt.Color[r=178,g=195,b=250], strokeWidth=2.0, fillColor=null]</styleUrl>
						<LineString>
							<tessellate>1</tessellate>
							<altitudeMode>relativeToGround</altitudeMode>
							<coordinates>148.917682268314,-18.701838464076474,39264.44210526318 141.20693311707126,-21.83157502177683,20722.900000000023							</coordinates>
						</LineString>
					</Placemark>
					<Placemark>
						<TimeSpan>
							<begin>2012-12-31</begin>
						</TimeSpan>
						<styleUrl>KmlStyle [strokeColor=java.awt.Color[r=178,g=195,b=250], strokeWidth=2.0, fillColor=null]</styleUrl>
						<LineString>
							<tessellate>1</tessellate>
							<altitudeMode>relativeToGround</altitudeMode>
							<coordinates>141.20693311707126,-21.83157502177683,20722.900000000023 133.7751,-25.2744,5.820766091346741E-11							</coordinates>
						</LineString>
					</Placemark>
				</Folder>
				<Folder>
					<name>Canada to Italy</name>
					<description></description>
					<Placemark>
						<TimeSpan>
							<begin>2014-06-21</begin>
						</TimeSpan>
						<styleUrl>KmlStyle [strokeColor=java.awt.Color[r=178,g=195,b=250], strokeWidth=2.0, fillColor=null]</styleUrl>
						<LineString>
							<tessellate>1</tessellate>
							<altitudeMode>relativeToGround</altitudeMode>
							<coordinates>-106.3468,56.1304,0.0 -101.5065112553299,55.22797324401732,20722.899999999998							</coordinates>
						</LineString>
					</Placemark>
					<Placemark>
						<TimeSpan>
							<begin>2014-08-27</begin>
						</TimeSpan>
						<styleUrl>KmlStyle [strokeColor=java.awt.Color[r=178,g=195,b=250], strokeWidth=2.0, fillColor=null]</styleUrl>
						<LineString>
							<tessellate>1</tessellate>
							<altitudeMode>relativeToGround</altitudeMode>
							<coordinates>-101.5065112553299,55.22797324401732,20722.899999999998 -96.51921335220308,54.33414794377262,39264.44210526316							</coordinates>
						</LineString>
					</Placemark>
					<Placemark>
						<TimeSpan>
							<begin>2014-11-03</begin>
						</TimeSpan>
						<styleUrl>KmlStyle [strokeColor=java.awt.Color[r=178,g=195,b=250], strokeWidth=2.0, fillColor=null]</styleUrl>
						<LineString>
							<tessellate>1</tessellate>
							<altitudeMode>relativeToGround</altitudeMode>
							<coordinates>-96.51921335220308,54.33414794377262,39264.44210526316 -91.38928397220437,53.44970112977739,55624.62631578947							</coordinates>
						</LineString>
					</Placemark>
					<Placemark>
						<TimeSpan>
							<begin>2015-01-10</begin>
						</TimeSpan>
						<styleUrl>KmlStyle [strokeColor=java.awt.Color[r=178,g=195,b=250], strokeWidth=2.0, fillColor=null]</styleUrl>
						<LineString>
							<tessellate>1</tessellate>
							<altitudeMode>relativeToGround</altitudeMode>
							<coordinates>-91.38928397220437,53.44970112977739,55624.62631578947 -86.12133352248044,52.57547677349321,69803.45263157894							</coordinates>
						</LineString>
					</Placemark>
					<Placemark>
						<TimeSpan>
							<begin>2015-03-19</begin>
						</TimeSpan>
						<styleUrl>KmlStyle [strokeColor=java.awt.Color[r=178,g=195,b=250], strokeWidth=2.0, fillColor=null]</styleUrl>
						<LineString>
							<tessellate>1</tessellate>
							<altitudeMode>relativeToGround</altitudeMode>
							<coordinates>-86.12133352248044,52.57547677349321,69803.45263157894 -80.72017905676745,51.71239690804243,81800.92105263159							</coordinates>
						</LineString>
					</Placemark>
					<Placemark>
						<TimeSpan>
							<begin>2015-05-26</begin>
						</TimeSpan>
						<styleUrl>KmlStyle [strokeColor=java.awt.Color[r=178,g=195,b=250], strokeWidth=2.0, fillColor=null]</styleUrl>
						<LineString>
							<tessellate>1</tessellate>
							<altitudeMode>relativeToGround</altitudeMode>
							<coordinates>-80.72017905676745,51.71239690804243,81800.92105263159 -75.19081912040303,50.86147603730806,91617.03157894737							</coordinates>
						</LineString>
					</Placemark>
					<Placemark>
						<TimeSpan>
							<begin>2015-08-02</begin>
						</TimeSpan>
						<styleUrl>KmlStyle [strokeColor=java.awt.Color[r=178,g=195,b=250], strokeWidth=2.0, fillColor=null]</styleUrl>
						<LineString>
							<tessellate>1</tessellate>
							<altitudeMode>relativeToGround</altitudeMode>
							<coordinates>-75.19081912040303,50.86147603730806,91617.03157894737 -69.53840997343023,50.02384001625159,99251.7842105263							</coordinates>
						</LineString>
					</Placemark>
					<Placemark>
						<TimeSpan>
							<begin>2015-10-09</begin>
						</TimeSpan>
						<styleUrl>KmlStyle [strokeColor=java.awt.Color[r=178,g=195,b=250], strokeWidth=2.0, fillColor=null]</styleUrl>
						<LineString>
							<tessellate>1</tessellate>
							<altitudeMode>relativeToGround</altitudeMode>
							<coordinates>-69.53840997343023,50.02384001625159,99251.7842105263 -63.76824370804007,49.2007511300394,104705.17894736842							</coordinates>
						</LineString>
					</Placemark>
					<Placemark>
						<TimeSpan>
							<begin>2015-12-16</begin>
						</TimeSpan>
						<styleUrl>KmlStyle [strokeColor=java.awt.Color[r=178,g=195,b=250], strokeWidth=2.0, fillColor=null]</styleUrl>
						<LineString>
							<tessellate>1</tessellate>
							<altitudeMode>relativeToGround</altitudeMode>
							<coordinates>-63.76824370804007,49.2007511300394,104705.17894736842 -57.88572888019974,48.393641962993634,107977.21578947369							</coordinates>
						</LineString>
					</Placemark>
					<Placemark>
						<TimeSpan>
							<begin>2016-02-22</begin>
						</TimeSpan>
						<styleUrl>KmlStyle [strokeColor=java.awt.Color[r=178,g=195,b=250], strokeWidth=2.0, fillColor=null]</styleUrl>
						<LineString>
							<tessellate>1</tessellate>
							<altitudeMode>relativeToGround</altitudeMode>
							<coordinates>-57.88572888019974,48.393641962993634,107977.21578947369 -51.896374447732725,47.60416206273874,109067.89473684212							</coordinates>
						</LineString>
					</Placemark>
					<Placemark>
						<TimeSpan>
							<begin>2016-04-29</begin>
						</TimeSpan>
						<styleUrl>KmlStyle [strokeColor=java.awt.Color[r=178,g=195,b=250], strokeWidth=2.0, fillColor=null]</styleUrl>
						<LineString>
							<tessellate>1</tessellate>
							<altitudeMode>relativeToGround</altitudeMode>
							<coordinates>-51.896374447732725,47.60416206273874,109067.89473684212 -45.80577809631727,46.834243811787964,107977.21578947367							</coordinates>
						</LineString>
					</Placemark>
					<Placemark>
						<TimeSpan>
							<begin>2016-07-06</begin>
						</TimeSpan>
						<styleUrl>KmlStyle [strokeColor=java.awt.Color[r=178,g=195,b=250], strokeWidth=2.0, fillColor=null]</styleUrl>
						<LineString>
							<tessellate>1</tessellate>
							<altitudeMode>relativeToGround</altitudeMode>
							<coordinates>-45.80577809631727,46.834243811787964,107977.21578947367 -39.619620529248785,46.08619820194712,104705.17894736843							</coordinates>
						</LineString>
					</Placemark>
					<Placemark>
						<TimeSpan>
							<begin>2016-09-12</begin>
						</TimeSpan>
						<styleUrl>KmlStyle [strokeColor=java.awt.Color[r=178,g=195,b=250], strokeWidth=2.0, fillColor=null]</styleUrl>
						<LineString>
							<tessellate>1</tessellate>
							<altitudeMode>relativeToGround</altitudeMode>
							<coordinates>-39.619620529248785,46.08619820194712,104705.17894736843 -33.34366816877439,45.36285924549915,99251.7842105263							</coordinates>
						</LineString>
					</Placemark>
					<Placemark>
						<TimeSpan>
							<begin>2016-11-19</begin>
						</TimeSpan>
						<styleUrl>KmlStyle [strokeColor=java.awt.Color[r=178,g=195,b=250], strokeWidth=2.0, fillColor=null]</styleUrl>
						<LineString>
							<tessellate>1</tessellate>
							<altitudeMode>relativeToGround</altitudeMode>
							<coordinates>-33.34366816877439,45.36285924549915,99251.7842105263 -26.983788325641136,44.66781184934323,91617.03157894735							</coordinates>
						</LineString>
					</Placemark>
					<Placemark>
						<TimeSpan>
							<begin>2017-01-26</begin>
						</TimeSpan>
						<styleUrl>KmlStyle [strokeColor=java.awt.Color[r=178,g=195,b=250], strokeWidth=2.0, fillColor=null]</styleUrl>
						<LineString>
							<tessellate>1</tessellate>
							<altitudeMode>relativeToGround</altitudeMode>
							<coordinates>-26.983788325641136,44.66781184934323,91617.03157894735 -20.54598405086139,44.005772876803256,81800.92105263157							</coordinates>
						</LineString>
					</Placemark>
					<Placemark>
						<TimeSpan>
							<begin>2017-04-04</begin>
						</TimeSpan>
						<styleUrl>KmlStyle [strokeColor=java.awt.Color[r=178,g=195,b=250], strokeWidth=2.0, fillColor=null]</styleUrl>
						<LineString>
							<tessellate>1</tessellate>
							<altitudeMode>relativeToGround</altitudeMode>
							<coordinates>-20.54598405086139,44.005772876803256,81800.92105263157 -14.036462620553543,43.383278954933004,69803.45263157896							</coordinates>
						</LineString>
					</Placemark>
					<Placemark>
						<TimeSpan>
							<begin>2017-06-11</begin>
						</TimeSpan>
						<styleUrl>KmlStyle [strokeColor=java.awt.Color[r=178,g=195,b=250], strokeWidth=2.0, fillColor=null]</styleUrl>
						<LineString>
							<tessellate>1</tessellate>
							<altitudeMode>relativeToGround</altitudeMode>
							<coordinates>-14.036462620553543,43.383278954933004,69803.45263157896 -7.461767739831862,42.810065337826856,55624.62631578947							</coordinates>
						</LineString>
					</Placemark>
					<Placemark>
						<TimeSpan>
							<begin>2017-08-18</begin>
						</TimeSpan>
						<styleUrl>KmlStyle [strokeColor=java.awt.Color[r=178,g=195,b=250], strokeWidth=2.0, fillColor=null]</styleUrl>
						<LineString>
							<tessellate>1</tessellate>
							<altitudeMode>relativeToGround</altitudeMode>
							<coordinates>-7.461767739831862,42.810065337826856,55624.62631578947 -0.8290512630346583,42.302290026666036,39264.44210526318							</coordinates>
						</LineString>
					</Placemark>
					<Placemark>
						<TimeSpan>
							<begin>2017-10-25</begin>
						</TimeSpan>
						<styleUrl>KmlStyle [strokeColor=java.awt.Color[r=178,g=195,b=250], strokeWidth=2.0, fillColor=null]</styleUrl>
						<LineString>
							<tessellate>1</tessellate>
							<altitudeMode>relativeToGround</altitudeMode>
							<coordinates>-0.8290512630346583,42.302290026666036,39264.44210526318 5.8532702740101765,41.892225136407674,20722.900000000023							</coordinates>
						</LineString>
					</Placemark>
					<Placemark>
						<TimeSpan>
							<begin>2017-12-31</begin>
						</TimeSpan>
						<styleUrl>KmlStyle [strokeColor=java.awt.Color[r=178,g=195,b=250], strokeWidth=2.0, fillColor=null]</styleUrl>
						<LineString>
							<tessellate>1</tessellate>
							<altitudeMode>relativeToGround</altitudeMode>
							<coordinates>5.8532702740101765,41.892225136407674,20722.900000000023 12.5674,41.8719,5.820766091346741E-11							</coordinates>
						</LineString>
					</Placemark>
				</Folder>
				<Folder>
					<name>USA to Belgium</name>
					<description></description>
					<Placemark>
						<TimeSpan>
							<begin>2004-09-11</begin>
						</TimeSpan>
						<styleUrl>KmlStyle [strokeColor=java.awt.Color[r=178,g=195,b=250], strokeWidth=2.0, fillColor=null]</styleUrl>
						<LineString>
							<tessellate>1</tessellate>
							<altitudeMode>relativeToGround</altitudeMode>
							<coordinates>-98.5795,39.8283,0.0 -93.08596619091394,40.26586769724993,20722.899999999998							</coordinates>
						</LineString>
					</Placemark>
					<Placemark>
						<TimeSpan>
							<begin>2005-01-06</begin>
						</TimeSpan>
						<styleUrl>KmlStyle [strokeColor=java.awt.Color[r=178,g=195,b=250], strokeWidth=2.0, fillColor=null]</styleUrl>
						<LineString>
							<tessellate>1</tessellate>
							<altitudeMode>relativeToGround</altitudeMode>
							<coordinates>-93.08596619091394,40.26586769724993,20722.899999999998 -87.61694544168863,40.70834421463358,39264.44210526316							</coordinates>
						</LineString>
					</Placemark>
					<Placemark>
						<TimeSpan>
							<begin>2005-05-04</begin>
						</TimeSpan>
						<styleUrl>KmlStyle [strokeColor=java.awt.Color[r=178,g=195,b=250], strokeWidth=2.0, fillColor=null]</styleUrl>
						<LineString>
							<tessellate>1</tessellate>
							<altitudeMode>relativeToGround</altitudeMode>
							<coordinates>-87.61694544168863,40.70834421463358,39264.44210526316 -82.17376844283969,41.15604666003361,55624.62631578947							</coordinates>
						</LineString>
					</Placemark>
					<Placemark>
						<TimeSpan>
							<begin>2005-08-30</begin>
						</TimeSpan>
						<styleUrl>KmlStyle [strokeColor=java.awt.Color[r=178,g=195,b=250], strokeWidth=2.0, fillColor=null]</styleUrl>
						<LineString>
							<tessellate>1</tessellate>
							<altitudeMode>relativeToGround</altitudeMode>
							<coordinates>-82.17376844283969,41.15604666003361,55624.62631578947 -76.7578297694837,41.60932573104697,69803.45263157894							</coordinates>
						</LineString>
					</Placemark>
					<Placemark>
						<TimeSpan>
							<begin>2005-12-26</begin>
						</TimeSpan>
						<styleUrl>KmlStyle [strokeColor=java.awt.Color[r=178,g=195,b=250], strokeWidth=2.0, fillColor=null]</styleUrl>
						<LineString>
							<tessellate>1</tessellate>
							<altitudeMode>relativeToGround</altitudeMode>
							<coordinates>-76.7578297694837,41.60932573104697,69803.45263157894 -71.37059488003123,42.068571868442895,81800.92105263159							</coordinates>
						</LineString>
					</Placemark>
					<Placemark>
						<TimeSpan>
							<begin>2006-04-23</begin>
						</TimeSpan>
						<styleUrl>KmlStyle [strokeColor=java.awt.Color[r=178,g=195,b=250], strokeWidth=2.0, fillColor=null]</styleUrl>
						<LineString>
							<tessellate>1</tessellate>
							<altitudeMode>relativeToGround</altitudeMode>
							<coordinates>-71.37059488003123,42.068571868442895,81800.92105263159 -66.01360850588328,42.5342230372802,91617.03157894737							</coordinates>
						</LineString>
					</Placemark>
					<Placemark>
						<TimeSpan>
							<begin>2006-08-19</begin>
						</TimeSpan>
						<styleUrl>KmlStyle [strokeColor=java.awt.Color[r=178,g=195,b=250], strokeWidth=2.0, fillColor=null]</styleUrl>
						<LineString>
							<tessellate>1</tessellate>
							<altitudeMode>relativeToGround</altitudeMode>
							<coordinates>-66.01360850588328,42.5342230372802,91617.03157894737 -60.688504853107744,43.006774714395924,99251.7842105263							</coordinates>
						</LineString>
					</Placemark>
					<Placemark>
						<TimeSpan>
							<begin>2006-12-15</begin>
						</TimeSpan>
						<styleUrl>KmlStyle [strokeColor=java.awt.Color[r=178,g=195,b=250], strokeWidth=2.0, fillColor=null]</styleUrl>
						<LineString>
							<tessellate>1</tessellate>
							<altitudeMode>relativeToGround</altitudeMode>
							<coordinates>-60.688504853107744,43.006774714395924,99251.7842105263 -55.39702021160636,43.486792927225046,104705.17894736842							</coordinates>
						</LineString>
					</Placemark>
					<Placemark>
						<TimeSpan>
							<begin>2007-04-12</begin>
						</TimeSpan>
						<styleUrl>KmlStyle [strokeColor=java.awt.Color[r=178,g=195,b=250], strokeWidth=2.0, fillColor=null]</styleUrl>
						<LineString>
							<tessellate>1</tessellate>
							<altitudeMode>relativeToGround</altitudeMode>
							<coordinates>-55.39702021160636,43.486792927225046,104705.17894736842 -50.14100883616564,43.9749316100801,107977.21578947369							</coordinates>
						</LineString>
					</Placemark>
					<Placemark>
						<TimeSpan>
							<begin>2007-08-08</begin>
						</TimeSpan>
						<styleUrl>KmlStyle [strokeColor=java.awt.Color[r=178,g=195,b=250], strokeWidth=2.0, fillColor=null]</styleUrl>
						<LineString>
							<tessellate>1</tessellate>
							<altitudeMode>relativeToGround</altitudeMode>
							<coordinates>-50.14100883616564,43.9749316100801,107977.21578947369 -44.922463391872476,44.47195623254395,109067.89473684212							</coordinates>
						</LineString>
					</Placemark>
					<Placemark>
						<TimeSpan>
							<begin>2007-12-04</begin>
						</TimeSpan>
						<styleUrl>KmlStyle [strokeColor=java.awt.Color[r=178,g=195,b=250], strokeWidth=2.0, fillColor=null]</styleUrl>
						<LineString>
							<tessellate>1</tessellate>
							<altitudeMode>relativeToGround</altitudeMode>
							<coordinates>-44.922463391872476,44.47195623254395,109067.89473684212 -39.743541964423876,44.97877682395253,107977.21578947367							</coordinates>
						</LineString>
					</Placemark>
					<Placemark>
						<TimeSpan>
							<begin>2008-03-31</begin>
						</TimeSpan>
						<styleUrl>KmlStyle [strokeColor=java.awt.Color[r=178,g=195,b=250], strokeWidth=2.0, fillColor=null]</styleUrl>
						<LineString>
							<tessellate>1</tessellate>
							<altitudeMode>relativeToGround</altitudeMode>
							<coordinates>-39.743541964423876,44.97877682395253,107977.21578947367 -34.606604860636466,45.4964955945739,104705.17894736843							</coordinates>
						</LineString>
					</Placemark>
					<Placemark>
						<TimeSpan>
							<begin>2008-07-27</begin>
						</TimeSpan>
						<styleUrl>KmlStyle [strokeColor=java.awt.Color[r=178,g=195,b=250], strokeWidth=2.0, fillColor=null]</styleUrl>
						<LineString>
							<tessellate>1</tessellate>
							<altitudeMode>relativeToGround</altitudeMode>
							<coordinates>-34.606604860636466,45.4964955945739,104705.17894736843 -29.514266659246516,46.02647824350916,99251.7842105263							</coordinates>
						</LineString>
					</Placemark>
					<Placemark>
						<TimeSpan>
							<begin>2008-11-22</begin>
						</TimeSpan>
						<styleUrl>KmlStyle [strokeColor=java.awt.Color[r=178,g=195,b=250], strokeWidth=2.0, fillColor=null]</styleUrl>
						<LineString>
							<tessellate>1</tessellate>
							<altitudeMode>relativeToGround</altitudeMode>
							<coordinates>-29.514266659246516,46.02647824350916,99251.7842105263 -24.46947332275606,46.570465813184484,91617.03157894735							</coordinates>
						</LineString>
					</Placemark>
					<Placemark>
						<TimeSpan>
							<begin>2009-03-20</begin>
						</TimeSpan>
						<styleUrl>KmlStyle [strokeColor=java.awt.Color[r=178,g=195,b=250], strokeWidth=2.0, fillColor=null]</styleUrl>
						<LineString>
							<tessellate>1</tessellate>
							<altitudeMode>relativeToGround</altitudeMode>
							<coordinates>-24.46947332275606,46.570465813184484,91617.03157894735 -19.475623360209706,47.130760764280005,81800.92105263157							</coordinates>
						</LineString>
					</Placemark>
					<Placemark>
						<TimeSpan>
							<begin>2009-07-16</begin>
						</TimeSpan>
						<styleUrl>KmlStyle [strokeColor=java.awt.Color[r=178,g=195,b=250], strokeWidth=2.0, fillColor=null]</styleUrl>
						<LineString>
							<tessellate>1</tessellate>
							<altitudeMode>relativeToGround</altitudeMode>
							<coordinates>-19.475623360209706,47.130760764280005,81800.92105263157 -14.536773494264763,47.71056124535072,69803.45263157896							</coordinates>
						</LineString>
					</Placemark>
					<Placemark>
						<TimeSpan>
							<begin>2009-11-11</begin>
						</TimeSpan>
						<styleUrl>KmlStyle [strokeColor=java.awt.Color[r=178,g=195,b=250], strokeWidth=2.0, fillColor=null]</styleUrl>
						<LineString>
							<tessellate>1</tessellate>
							<altitudeMode>relativeToGround</altitudeMode>
							<coordinates>-14.536773494264763,47.71056124535072,69803.45263157896 -9.6580268347814,48.31462819975511,55624.62631578947							</coordinates>
						</LineString>
					</Placemark>
					<Placemark>
						<TimeSpan>
							<begin>2010-03-09</begin>
						</TimeSpan>
						<styleUrl>KmlStyle [strokeColor=java.awt.Color[r=178,g=195,b=250], strokeWidth=2.0, fillColor=null]</styleUrl>
						<LineString>
							<tessellate>1</tessellate>
							<altitudeMode>relativeToGround</altitudeMode>
							<coordinates>-9.6580268347814,48.31462819975511,55624.62631578947 -4.846388776479472,48.95083827282473,39264.44210526318							</coordinates>
						</LineString>
					</Placemark>
					<Placemark>
						<TimeSpan>
							<begin>2010-07-05</begin>
						</TimeSpan>
						<styleUrl>KmlStyle [strokeColor=java.awt.Color[r=178,g=195,b=250], strokeWidth=2.0, fillColor=null]</styleUrl>
						<LineString>
							<tessellate>1</tessellate>
							<altitudeMode>relativeToGround</altitudeMode>
							<coordinates>-4.846388776479472,48.95083827282473,39264.44210526318 -0.1131990897851719,49.63483006183081,20722.900000000023							</coordinates>
						</LineString>
					</Placemark>
					<Placemark>
						<TimeSpan>
							<begin>2010-10-30</begin>
						</TimeSpan>
						<styleUrl>KmlStyle [strokeColor=java.awt.Color[r=178,g=195,b=250], strokeWidth=2.0, fillColor=null]</styleUrl>
						<LineString>
							<tessellate>1</tessellate>
							<altitudeMode>relativeToGround</altitudeMode>
							<coordinates>-0.1131990897851719,49.63483006183081,20722.900000000023 4.4699,50.5039,5.820766091346741E-11							</coordinates>
						</LineString>
					</Placemark>
				</Folder>
			</Folder>
		</Folder>
	</Document>
</kml>
